"../../../Engine/Plugins/2D/Paper2D/Content/PlaceholderTextures/DummySpriteTexture.ubulk" 0
"../../../Engine/Plugins/2D/Paper2D/Content/PlaceholderTextures/DummySpriteTexture.uasset" 1
"../../../Engine/Plugins/2D/Paper2D/Content/PlaceholderTextures/DummySpriteTexture.uexp" 2
"../../../Engine/Plugins/2D/Paper2D/Content/DummySprite.uasset" 3
"../../../Engine/Plugins/2D/Paper2D/Content/DummySprite.uexp" 4
"../../../Engine/Plugins/2D/Paper2D/Content/DefaultPaperTerrainMaterial.uasset" 5
"../../../Engine/Plugins/2D/Paper2D/Content/DefaultPaperTerrainMaterial.uexp" 6
"../../../Engine/Plugins/Animation/ControlRig/Content/Controls/DefaultGizmoLibraryNormalized.uasset" 7
"../../../Engine/Plugins/Animation/ControlRig/Content/Controls/DefaultGizmoLibraryNormalized.uexp" 8
"../../../Engine/Content/EngineSounds/Master.uasset" 9
"../../../Engine/Content/EngineSounds/Master.uexp" 10
"../../../Engine/Content/EngineMaterials/DefaultPhysicalMaterial.uasset" 11
"../../../Engine/Content/EngineMaterials/DefaultPhysicalMaterial.uexp" 12
"../../../Engine/Content/EngineMaterials/DefaultDestructiblePhysicalMaterial.uasset" 13
"../../../Engine/Content/EngineMaterials/DefaultDestructiblePhysicalMaterial.uexp" 14
"../../../Engine/Content/EngineFonts/Faces/DroidSansFallback.uexp" 15
"../../../Engine/Content/EngineFonts/Faces/DroidSansFallback.uasset" 16
"../../../Engine/Content/EngineFonts/Faces/DroidSansFallback.ufont" 17
"../../../Engine/Content/EngineFonts/Faces/RobotoRegular.uexp" 18
"../../../Engine/Content/EngineFonts/Faces/RobotoRegular.uasset" 19
"../../../Engine/Content/EngineFonts/Faces/RobotoRegular.ufont" 20
"../../../Engine/Content/EngineFonts/Faces/RobotoLight.uexp" 21
"../../../Engine/Content/EngineFonts/Faces/RobotoLight.uasset" 22
"../../../Engine/Content/EngineFonts/Faces/RobotoLight.ufont" 23
"../../../Engine/Content/EngineFonts/Faces/RobotoItalic.uexp" 24
"../../../Engine/Content/EngineFonts/Faces/RobotoItalic.uasset" 25
"../../../Engine/Content/EngineFonts/Faces/RobotoItalic.ufont" 26
"../../../Engine/Content/EngineFonts/Faces/RobotoBoldItalic.uexp" 27
"../../../Engine/Content/EngineFonts/Faces/RobotoBoldItalic.uasset" 28
"../../../Engine/Content/EngineFonts/Faces/RobotoBoldItalic.ufont" 29
"../../../Engine/Content/EngineFonts/Faces/RobotoBold.uexp" 30
"../../../Engine/Content/EngineFonts/Faces/RobotoBold.uasset" 31
"../../../Engine/Content/EngineFonts/Faces/RobotoBold.ufont" 32
"../../../Engine/Content/EngineFonts/Roboto.uasset" 33
"../../../Engine/Content/EngineFonts/Roboto.uexp" 34
"../../../Engine/Content/EngineFonts/Faces/DroidSansMono.uexp" 35
"../../../Engine/Content/EngineFonts/Faces/DroidSansMono.uasset" 36
"../../../Engine/Content/EngineFonts/Faces/DroidSansMono.ufont" 37
"../../../Engine/Content/EngineFonts/DroidSansMono.uasset" 38
"../../../Engine/Content/EngineFonts/DroidSansMono.uexp" 39
"../../../Engine/Plugins/Interchange/Runtime/Content/Pipelines/DefaultTexturePipeline.uasset" 40
"../../../Engine/Plugins/Interchange/Runtime/Content/Pipelines/DefaultTexturePipeline.uexp" 41
"../../../Engine/Plugins/Interchange/Runtime/Content/Pipelines/DefaultSceneLevelPipeline.uasset" 42
"../../../Engine/Plugins/Interchange/Runtime/Content/Pipelines/DefaultSceneLevelPipeline.uexp" 43
"../../../Engine/Plugins/Interchange/Runtime/Content/Pipelines/DefaultSceneAssetsPipeline.uasset" 44
"../../../Engine/Plugins/Interchange/Runtime/Content/Pipelines/DefaultSceneAssetsPipeline.uexp" 45
"../../../Engine/Plugins/Interchange/Runtime/Content/Pipelines/DefaultMaterialXPipeline.uasset" 46
"../../../Engine/Plugins/Interchange/Runtime/Content/Pipelines/DefaultMaterialXPipeline.uexp" 47
"../../../Engine/Plugins/Interchange/Runtime/Content/Pipelines/DefaultMaterialPipeline.uasset" 48
"../../../Engine/Plugins/Interchange/Runtime/Content/Pipelines/DefaultMaterialPipeline.uexp" 49
"../../../Engine/Plugins/Interchange/Runtime/Content/Pipelines/DefaultGLTFSceneAssetsPipeline.uasset" 50
"../../../Engine/Plugins/Interchange/Runtime/Content/Pipelines/DefaultGLTFSceneAssetsPipeline.uexp" 51
"../../../Engine/Plugins/Interchange/Runtime/Content/Pipelines/DefaultGLTFPipeline.uasset" 52
"../../../Engine/Plugins/Interchange/Runtime/Content/Pipelines/DefaultGLTFPipeline.uexp" 53
"../../../Engine/Plugins/Interchange/Runtime/Content/Pipelines/DefaultGLTFAssetsPipeline.uasset" 54
"../../../Engine/Plugins/Interchange/Runtime/Content/Pipelines/DefaultGLTFAssetsPipeline.uexp" 55
"../../../Engine/Plugins/Interchange/Runtime/Content/Pipelines/DefaultAssetsPipeline.uasset" 56
"../../../Engine/Plugins/Interchange/Runtime/Content/Pipelines/DefaultAssetsPipeline.uexp" 57
"../../../Engine/Content/MobileResources/HUD/VirtualJoystick_Thumb.uasset" 58
"../../../Engine/Content/MobileResources/HUD/VirtualJoystick_Thumb.uexp" 59
"../../../Engine/Content/MobileResources/HUD/VirtualJoystick_Background.uasset" 60
"../../../Engine/Content/MobileResources/HUD/VirtualJoystick_Background.uexp" 61
"../../../Engine/Content/MobileResources/HUD/DefaultVirtualJoysticks.uasset" 62
"../../../Engine/Content/MobileResources/HUD/DefaultVirtualJoysticks.uexp" 63
"../../../Engine/Content/EngineResources/GradientTexture0.uasset" 64
"../../../Engine/Content/EngineResources/GradientTexture0.uexp" 65
"../../../Engine/Content/EditorResources/S_Actor.ubulk" 66
"../../../Engine/Content/EditorResources/S_Actor.uasset" 67
"../../../Engine/Content/EditorResources/S_Actor.uexp" 68
"../../../Engine/Plugins/NNE/NNEDenoiser/Content/NNEDTOM_Output_Default.uasset" 69
"../../../Engine/Plugins/NNE/NNEDenoiser/Content/NNEDTOM_Output_Default.uexp" 70
"../../../Engine/Plugins/NNE/NNEDenoiser/Content/NNEDTOM_Output_Alpha.uasset" 71
"../../../Engine/Plugins/NNE/NNEDenoiser/Content/NNEDTOM_Output_Alpha.uexp" 72
"../../../Engine/Plugins/NNE/NNEDenoiser/Content/NNEDTIM_ColorAlbedoNormal_Default.uasset" 73
"../../../Engine/Plugins/NNE/NNEDenoiser/Content/NNEDTIM_ColorAlbedoNormal_Default.uexp" 74
"../../../Engine/Plugins/NNE/NNEDenoiser/Content/NNEDTIM_ColorAlbedoNormal_Alpha.uasset" 75
"../../../Engine/Plugins/NNE/NNEDenoiser/Content/NNEDTIM_ColorAlbedoNormal_Alpha.uexp" 76
"../../../Engine/Plugins/NNE/NNEDenoiser/Content/NNEDOM_Output_Default.uasset" 77
"../../../Engine/Plugins/NNE/NNEDenoiser/Content/NNEDOM_Output_Default.uexp" 78
"../../../Engine/Plugins/NNE/NNEDenoiser/Content/NNEDOM_Output_Alpha.uasset" 79
"../../../Engine/Plugins/NNE/NNEDenoiser/Content/NNEDOM_Output_Alpha.uexp" 80
"../../../Engine/Plugins/NNE/NNEDenoiser/Content/NNEDIM_HighQuality_Default.uasset" 81
"../../../Engine/Plugins/NNE/NNEDenoiser/Content/NNEDIM_HighQuality_Default.uexp" 82
"../../../Engine/Plugins/NNE/NNEDenoiser/Content/NNEDIM_HighQuality_Alpha.uasset" 83
"../../../Engine/Plugins/NNE/NNEDenoiser/Content/NNEDIM_HighQuality_Alpha.uexp" 84
"../../../Engine/Plugins/NNE/NNEDenoiser/Content/NNEDIM_ColorAlbedoNormal_Default.uasset" 85
"../../../Engine/Plugins/NNE/NNEDenoiser/Content/NNEDIM_ColorAlbedoNormal_Default.uexp" 86
"../../../Engine/Plugins/NNE/NNEDenoiser/Content/NNEDIM_ColorAlbedoNormal_Alpha.uasset" 87
"../../../Engine/Plugins/NNE/NNEDenoiser/Content/NNEDIM_ColorAlbedoNormal_Alpha.uexp" 88
"../../../Engine/Content/Functions/Engine_MaterialFunctions02/WorldPositionOffset/CameraOffset.uasset" 89
"../../../Engine/Content/Functions/Engine_MaterialFunctions02/WorldPositionOffset/CameraOffset.uexp" 90
"../../../Engine/Plugins/Animation/ControlRig/Content/M_Manip.uasset" 91
"../../../Engine/Plugins/Animation/ControlRig/Content/M_Manip.uexp" 92
"../../../Engine/Content/BasicShapes/BasicShapeMaterial.uasset" 93
"../../../Engine/Content/BasicShapes/BasicShapeMaterial.uexp" 94
"../../../Engine/Content/EditorResources/S_TriggerSphere.uasset" 95
"../../../Engine/Content/EditorResources/S_TriggerSphere.uexp" 96
"../../../Engine/Content/EditorResources/S_TriggerCapsule.uasset" 97
"../../../Engine/Content/EditorResources/S_TriggerCapsule.uexp" 98
"../../../Engine/Content/EditorResources/S_TriggerBox.uasset" 99
"../../../Engine/Content/EditorResources/S_TriggerBox.uexp" 100
"../../../Engine/Content/EditorResources/S_Trigger.ubulk" 101
"../../../Engine/Content/EditorResources/S_Trigger.uasset" 102
"../../../Engine/Content/EditorResources/S_Trigger.uexp" 103
"../../../Engine/Content/EditorResources/S_Terrain.ubulk" 104
"../../../Engine/Content/EditorResources/S_Terrain.uasset" 105
"../../../Engine/Content/EditorResources/S_Terrain.uexp" 106
"../../../Engine/Content/EditorResources/S_Solver.ubulk" 107
"../../../Engine/Content/EditorResources/S_Solver.uasset" 108
"../../../Engine/Content/EditorResources/S_Solver.uexp" 109
"../../../Engine/Content/EditorResources/S_BoxReflectionCapture.uasset" 110
"../../../Engine/Content/EditorResources/S_BoxReflectionCapture.uexp" 111
"../../../Engine/Content/EditorResources/BSPVertex.uasset" 112
"../../../Engine/Content/EditorResources/BSPVertex.uexp" 113
"../../../Engine/Content/EditorMaterials/PreviewShadowIndicator.ubulk" 114
"../../../Engine/Content/EditorMaterials/PreviewShadowIndicator.uasset" 115
"../../../Engine/Content/EditorMaterials/PreviewShadowIndicator.uexp" 116
"../../../Engine/Content/EditorMaterials/PreviewShadowIndicatorMaterial.uasset" 117
"../../../Engine/Content/EditorMaterials/PreviewShadowIndicatorMaterial.uexp" 118
"../../../Engine/Content/EditorMaterials/PhAT_UnselectedMaterial.uasset" 119
"../../../Engine/Content/EditorMaterials/PhAT_UnselectedMaterial.uexp" 120
"../../../Engine/Content/EditorMaterials/PhAT_NoCollisionMaterial.uasset" 121
"../../../Engine/Content/EditorMaterials/PhAT_NoCollisionMaterial.uexp" 122
"../../../Engine/Content/EditorLandscapeResources/WhiteSquareTexture.uasset" 123
"../../../Engine/Content/EditorLandscapeResources/WhiteSquareTexture.uexp" 124
"../../../Engine/Content/EditorLandscapeResources/LayerVisMaterial.uasset" 125
"../../../Engine/Content/EditorLandscapeResources/LayerVisMaterial.uexp" 126
"../../../Engine/Content/Functions/Engine_MaterialFunctions02/Utility/BreakOutFloat2Components.uasset" 127
"../../../Engine/Content/Functions/Engine_MaterialFunctions02/Utility/BreakOutFloat2Components.uexp" 128
"../../../Engine/Content/Functions/Engine_MaterialFunctions01/Texturing/ScaleUVsByCenter.uasset" 129
"../../../Engine/Content/Functions/Engine_MaterialFunctions01/Texturing/ScaleUVsByCenter.uexp" 130
"../../../Engine/Content/Functions/Engine_MaterialFunctions02/WorldPositionOffset/LocalPosition.uasset" 131
"../../../Engine/Content/Functions/Engine_MaterialFunctions02/WorldPositionOffset/LocalPosition.uexp" 132
"../../../Engine/Content/Functions/Engine_MaterialFunctions02/ExampleContent/DebugNumberStrip.uasset" 133
"../../../Engine/Content/Functions/Engine_MaterialFunctions02/ExampleContent/DebugNumberStrip.uexp" 134
"../../../Engine/Content/EngineMaterials/DefaultDiffuse.ubulk" 135
"../../../Engine/Content/EngineMaterials/DefaultDiffuse.uasset" 136
"../../../Engine/Content/EngineMaterials/DefaultDiffuse.uexp" 137
"../../../Engine/Content/Functions/Engine_MaterialFunctions01/Texturing/TextureCropping.uasset" 138
"../../../Engine/Content/Functions/Engine_MaterialFunctions01/Texturing/TextureCropping.uexp" 139
"../../../Engine/Content/Functions/Engine_MaterialFunctions01/Debug/DebugIntValues.uasset" 140
"../../../Engine/Content/Functions/Engine_MaterialFunctions01/Debug/DebugIntValues.uexp" 141
"../../../Engine/Content/EditorLandscapeResources/LandscapeLayerUsageMaterial.uasset" 142
"../../../Engine/Content/EditorLandscapeResources/LandscapeLayerUsageMaterial.uexp" 143
"../../../Engine/Content/EditorLandscapeResources/DefaultAlphaTexture.uasset" 144
"../../../Engine/Content/EditorLandscapeResources/DefaultAlphaTexture.uexp" 145
"../../../Engine/Content/EditorLandscapeResources/LandscapeDirtyMaterial.uasset" 146
"../../../Engine/Content/EditorLandscapeResources/LandscapeDirtyMaterial.uexp" 147
"../../../Engine/Content/Functions/Engine_MaterialFunctions02/Utility/BreakOutFloat3Components.uasset" 148
"../../../Engine/Content/Functions/Engine_MaterialFunctions02/Utility/BreakOutFloat3Components.uexp" 149
"../../../Engine/Content/Functions/Engine_MaterialFunctions02/Utility/VectorLength.uasset" 150
"../../../Engine/Content/Functions/Engine_MaterialFunctions02/Utility/VectorLength.uexp" 151
"../../../Engine/Content/Functions/Engine_MaterialFunctions02/WorldPositionOffset/ObjectScale.uasset" 152
"../../../Engine/Content/Functions/Engine_MaterialFunctions02/WorldPositionOffset/ObjectScale.uexp" 153
"../../../Engine/Content/Functions/Engine_MaterialFunctions02/ObjectLocalBounds.uasset" 154
"../../../Engine/Content/Functions/Engine_MaterialFunctions02/ObjectLocalBounds.uexp" 155
"../../../Engine/Content/Functions/Engine_MaterialFunctions02/UVs/BoundingBoxBased_0-1_UVW.uasset" 156
"../../../Engine/Content/Functions/Engine_MaterialFunctions02/UVs/BoundingBoxBased_0-1_UVW.uexp" 157
"../../../Engine/Content/Functions/Engine_MaterialFunctions02/SafeNormalize.uasset" 158
"../../../Engine/Content/Functions/Engine_MaterialFunctions02/SafeNormalize.uexp" 159
"../../../Engine/Plugins/Editor/SpeedTreeImporter/Content/SpeedTree9/UnpackInteger3.uasset" 160
"../../../Engine/Plugins/Editor/SpeedTreeImporter/Content/SpeedTree9/UnpackInteger3.uexp" 161
"../../../Engine/Plugins/Editor/SpeedTreeImporter/Content/SpeedTree9/UnpackDirection.uasset" 162
"../../../Engine/Plugins/Editor/SpeedTreeImporter/Content/SpeedTree9/UnpackDirection.uexp" 163
"../../../Engine/Plugins/Editor/SpeedTreeImporter/Content/SpeedTree9/game_wind_noise.ubulk" 164
"../../../Engine/Plugins/Editor/SpeedTreeImporter/Content/SpeedTree9/game_wind_noise.uasset" 165
"../../../Engine/Plugins/Editor/SpeedTreeImporter/Content/SpeedTree9/game_wind_noise.uexp" 166
"../../../Engine/Plugins/Editor/SpeedTreeImporter/Content/SpeedTree9/SpeedTreeWindMotion.uasset" 167
"../../../Engine/Plugins/Editor/SpeedTreeImporter/Content/SpeedTree9/SpeedTreeWindMotion.uexp" 168
"../../../Engine/Plugins/Editor/SpeedTreeImporter/Content/SpeedTree9/SpeedTreeBranchMotion.uasset" 169
"../../../Engine/Plugins/Editor/SpeedTreeImporter/Content/SpeedTree9/SpeedTreeBranchMotion.uexp" 170
"../../../Engine/Plugins/Editor/SpeedTreeImporter/Content/SpeedTree9/SpeedTreeWind.uasset" 171
"../../../Engine/Plugins/Editor/SpeedTreeImporter/Content/SpeedTree9/SpeedTreeWind.uexp" 172
"../../../Engine/Plugins/Editor/SpeedTreeImporter/Content/SpeedTree9/SpeedTreeCameraFacing.uasset" 173
"../../../Engine/Plugins/Editor/SpeedTreeImporter/Content/SpeedTree9/SpeedTreeCameraFacing.uexp" 174
"../../../Engine/Plugins/Editor/SpeedTreeImporter/Content/SpeedTree9/EmptyNormal.uasset" 175
"../../../Engine/Plugins/Editor/SpeedTreeImporter/Content/SpeedTree9/EmptyNormal.uexp" 176
"../../../Engine/Plugins/Editor/SpeedTreeImporter/Content/SpeedTree9/Empty.uasset" 177
"../../../Engine/Plugins/Editor/SpeedTreeImporter/Content/SpeedTree9/Empty.uexp" 178
"../../../Engine/Plugins/Editor/SpeedTreeImporter/Content/SpeedTree9/SpeedTreeMaster.uasset" 179
"../../../Engine/Plugins/Editor/SpeedTreeImporter/Content/SpeedTree9/SpeedTreeMaster.uexp" 180
"../../../Engine/Plugins/Editor/SpeedTreeImporter/Content/SpeedTree9/SpeedTreeBillboard.uasset" 181
"../../../Engine/Plugins/Editor/SpeedTreeImporter/Content/SpeedTree9/SpeedTreeBillboard.uexp" 182
"../../../Engine/Plugins/Editor/SpeedTreeImporter/Content/SpeedTree9/SpeedTreeBillboardMaster.uasset" 183
"../../../Engine/Plugins/Editor/SpeedTreeImporter/Content/SpeedTree9/SpeedTreeBillboardMaster.uexp" 184
"../../../Engine/Plugins/Animation/ControlRig/Content/Controls/ControlRigXRayMaterial.uasset" 185
"../../../Engine/Plugins/Animation/ControlRig/Content/Controls/ControlRigXRayMaterial.uexp" 186
"../../../Engine/Plugins/Animation/ControlRig/Content/Controls/ControlRigGizmoMaterial.uasset" 187
"../../../Engine/Plugins/Animation/ControlRig/Content/Controls/ControlRigGizmoMaterial.uexp" 188
"../../../Engine/Content/EngineResources/DefaultTexture.ubulk" 189
"../../../Engine/Content/EngineResources/DefaultTexture.uasset" 190
"../../../Engine/Content/EngineResources/DefaultTexture.uexp" 191
"../../../Engine/Content/EngineMaterials/RemoveSurfaceMaterial.uasset" 192
"../../../Engine/Content/EngineMaterials/RemoveSurfaceMaterial.uexp" 193
"../../../Engine/Content/EngineMaterials/PreintegratedSkinBRDF.uasset" 194
"../../../Engine/Content/EngineMaterials/PreintegratedSkinBRDF.uexp" 195
"../../../Engine/Content/EngineMaterials/DefaultCalibrationGrayscale.uasset" 196
"../../../Engine/Content/EngineMaterials/DefaultCalibrationGrayscale.uexp" 197
"../../../Engine/Content/EngineMaterials/PPM_DefaultCalibrationGrayscale.uasset" 198
"../../../Engine/Content/EngineMaterials/PPM_DefaultCalibrationGrayscale.uexp" 199
"../../../Engine/Content/EngineMaterials/DefaultCalibrationColor.uasset" 200
"../../../Engine/Content/EngineMaterials/DefaultCalibrationColor.uexp" 201
"../../../Engine/Content/EngineMaterials/PPM_DefaultCalibrationColor.uasset" 202
"../../../Engine/Content/EngineMaterials/PPM_DefaultCalibrationColor.uexp" 203
"../../../Engine/Content/EngineMaterials/PhAT_JointLimitMaterial.uasset" 204
"../../../Engine/Content/EngineMaterials/PhAT_JointLimitMaterial.uexp" 205
"../../../Engine/Content/EngineMaterials/NaniteHiddenSectionMaterial.uasset" 206
"../../../Engine/Content/EngineMaterials/NaniteHiddenSectionMaterial.uexp" 207
"../../../Engine/Content/EngineMaterials/InvalidLightmapSettings.ubulk" 208
"../../../Engine/Content/EngineMaterials/InvalidLightmapSettings.uasset" 209
"../../../Engine/Content/EngineMaterials/InvalidLightmapSettings.uexp" 210
"../../../Engine/Content/EngineMaterials/M_InvalidLightmapSettings.uasset" 211
"../../../Engine/Content/EngineMaterials/M_InvalidLightmapSettings.uexp" 212
"../../../Engine/Content/EngineMaterials/MiniFont.uasset" 213
"../../../Engine/Content/EngineMaterials/MiniFont.uexp" 214
"../../../Engine/Content/EngineMaterials/GizmoMaterial.uasset" 215
"../../../Engine/Content/EngineMaterials/GizmoMaterial.uexp" 216
"../../../Engine/Content/EngineMaterials/BaseFlattenNormalMap_VT.ubulk" 217
"../../../Engine/Content/EngineMaterials/BaseFlattenNormalMap_VT.uasset" 218
"../../../Engine/Content/EngineMaterials/BaseFlattenNormalMap_VT.uexp" 219
"../../../Engine/Content/EngineMaterials/BaseFlattenDiffuseMap_VT.ubulk" 220
"../../../Engine/Content/EngineMaterials/BaseFlattenDiffuseMap_VT.uasset" 221
"../../../Engine/Content/EngineMaterials/BaseFlattenDiffuseMap_VT.uexp" 222
"../../../Engine/Content/EngineMaterials/BaseFlattenEmissiveMap_VT.ubulk" 223
"../../../Engine/Content/EngineMaterials/BaseFlattenEmissiveMap_VT.uasset" 224
"../../../Engine/Content/EngineMaterials/BaseFlattenEmissiveMap_VT.uexp" 225
"../../../Engine/Content/EngineMaterials/BaseFlattenLinearColor_VT.ubulk" 226
"../../../Engine/Content/EngineMaterials/BaseFlattenLinearColor_VT.uasset" 227
"../../../Engine/Content/EngineMaterials/BaseFlattenLinearColor_VT.uexp" 228
"../../../Engine/Content/EngineMaterials/Black_1x1_EXR_Texture_VT.ubulk" 229
"../../../Engine/Content/EngineMaterials/Black_1x1_EXR_Texture_VT.uasset" 230
"../../../Engine/Content/EngineMaterials/Black_1x1_EXR_Texture_VT.uexp" 231
"../../../Engine/Content/EngineMaterials/BaseFlattenGrayscaleMap_VT.ubulk" 232
"../../../Engine/Content/EngineMaterials/BaseFlattenGrayscaleMap_VT.uasset" 233
"../../../Engine/Content/EngineMaterials/BaseFlattenGrayscaleMap_VT.uexp" 234
"../../../Engine/Content/EngineMaterials/FlattenMaterial_WS_Normal_VT.uasset" 235
"../../../Engine/Content/EngineMaterials/FlattenMaterial_WS_Normal_VT.uexp" 236
"../../../Engine/Content/EngineMaterials/FlattenMaterial_VT.uasset" 237
"../../../Engine/Content/EngineMaterials/FlattenMaterial_VT.uexp" 238
"../../../Engine/Content/EngineMaterials/BaseFlattenNormalMap.uasset" 239
"../../../Engine/Content/EngineMaterials/BaseFlattenNormalMap.uexp" 240
"../../../Engine/Content/EngineMaterials/BaseFlattenDiffuseMap.uasset" 241
"../../../Engine/Content/EngineMaterials/BaseFlattenDiffuseMap.uexp" 242
"../../../Engine/Content/EngineMaterials/BaseFlattenLinearColor.uasset" 243
"../../../Engine/Content/EngineMaterials/BaseFlattenLinearColor.uexp" 244
"../../../Engine/Content/Functions/Engine_MaterialFunctions02/PivotPainter2/Black_1x1_EXR_Texture.uasset" 245
"../../../Engine/Content/Functions/Engine_MaterialFunctions02/PivotPainter2/Black_1x1_EXR_Texture.uexp" 246
"../../../Engine/Content/EngineMaterials/BaseFlattenEmissiveMap.uasset" 247
"../../../Engine/Content/EngineMaterials/BaseFlattenEmissiveMap.uexp" 248
"../../../Engine/Content/EngineMaterials/BaseFlattenGrayscaleMap.uasset" 249
"../../../Engine/Content/EngineMaterials/BaseFlattenGrayscaleMap.uexp" 250
"../../../Engine/Content/EngineMaterials/FlattenMaterial.uasset" 251
"../../../Engine/Content/EngineMaterials/FlattenMaterial.uexp" 252
"../../../Engine/Content/EngineMaterials/FastBlueNoise_vec2_128x128x64.uasset" 253
"../../../Engine/Content/EngineMaterials/FastBlueNoise_vec2_128x128x64.uexp" 254
"../../../Engine/Content/EngineMaterials/FastBlueNoise_scalar_128x128x8.uasset" 255
"../../../Engine/Content/EngineMaterials/FastBlueNoise_scalar_128x128x8.uexp" 256
"../../../Engine/Content/EngineMaterials/FastBlueNoise_scalar_128x128x64.uasset" 257
"../../../Engine/Content/EngineMaterials/FastBlueNoise_scalar_128x128x64.uexp" 258
"../../../Engine/Content/EngineMaterials/DefaultWhiteGrid_Low.uasset" 259
"../../../Engine/Content/EngineMaterials/DefaultWhiteGrid_Low.uexp" 260
"../../../Engine/Content/EngineMaterials/EmissiveMeshMaterial.uasset" 261
"../../../Engine/Content/EngineMaterials/EmissiveMeshMaterial.uexp" 262
"../../../Engine/Content/EngineMaterials/DefaultWhiteGrid.ubulk" 263
"../../../Engine/Content/EngineMaterials/DefaultWhiteGrid.uasset" 264
"../../../Engine/Content/EngineMaterials/DefaultWhiteGrid.uexp" 265
"../../../Engine/Content/EngineFonts/RobotoDistanceField.uasset" 266
"../../../Engine/Content/EngineFonts/RobotoDistanceField.uexp" 267
"../../../Engine/Content/EngineMaterials/DefaultTextMaterialOpaque.uasset" 268
"../../../Engine/Content/EngineMaterials/DefaultTextMaterialOpaque.uexp" 269
"../../../Engine/Content/EngineMaterials/DefaultPostProcessMaterial.uasset" 270
"../../../Engine/Content/EngineMaterials/DefaultPostProcessMaterial.uexp" 271
"../../../Engine/Content/EngineMaterials/DefaultLightFunctionMaterial.uasset" 272
"../../../Engine/Content/EngineMaterials/DefaultLightFunctionMaterial.uexp" 273
"../../../Engine/Content/EngineMaterials/DefaultDeferredDecalMaterial.uasset" 274
"../../../Engine/Content/EngineMaterials/DefaultDeferredDecalMaterial.uexp" 275
"../../../Engine/Content/EngineMaterials/DefaultBokeh.uasset" 276
"../../../Engine/Content/EngineMaterials/DefaultBokeh.uexp" 277
"../../../Engine/Content/EngineMaterials/DefaultBloomKernel.uasset" 278
"../../../Engine/Content/EngineMaterials/DefaultBloomKernel.uexp" 279
"../../../Engine/Content/Functions/Engine_MaterialFunctions02/Utility/CameraDirectionVector.uasset" 280
"../../../Engine/Content/Functions/Engine_MaterialFunctions02/Utility/CameraDirectionVector.uexp" 281
"../../../Engine/Content/EngineDebugMaterials/VolumeToRender.uasset" 282
"../../../Engine/Content/EngineDebugMaterials/VolumeToRender.uexp" 283
"../../../Engine/Content/EngineDebugMaterials/M_VolumeRenderSphereTracePP.uasset" 284
"../../../Engine/Content/EngineDebugMaterials/M_VolumeRenderSphereTracePP.uexp" 285
"../../../Engine/Content/EngineDebugMaterials/M_SimpleUnlitTranslucent.uasset" 286
"../../../Engine/Content/EngineDebugMaterials/M_SimpleUnlitTranslucent.uexp" 287
"../../../Engine/Content/EngineDebugMaterials/DebugMeshMaterial.uasset" 288
"../../../Engine/Content/EngineDebugMaterials/DebugMeshMaterial.uexp" 289
"../../../Engine/Content/EngineDebugMaterials/DebugEditorMaterial.uasset" 290
"../../../Engine/Content/EngineDebugMaterials/DebugEditorMaterial.uexp" 291
"../../../Engine/Content/EngineDamageTypes/DmgTypeBP_Environmental.uasset" 292
"../../../Engine/Content/EngineDamageTypes/DmgTypeBP_Environmental.uexp" 293
"../../../Engine/Plugins/VirtualProduction/CameraCalibrationCore/Content/Materials/M_DefaultOddSquare.uasset" 294
"../../../Engine/Plugins/VirtualProduction/CameraCalibrationCore/Content/Materials/M_DefaultOddSquare.uexp" 295
"../../../Engine/Plugins/VirtualProduction/CameraCalibrationCore/Content/Materials/M_DefaultEvenSquare.uasset" 296
"../../../Engine/Plugins/VirtualProduction/CameraCalibrationCore/Content/Materials/M_DefaultEvenSquare.uexp" 297
"../../../Engine/Plugins/Runtime/HairStrands/Content/Materials/HairMeshesDefaultMaterial.uasset" 298
"../../../Engine/Plugins/Runtime/HairStrands/Content/Materials/HairMeshesDefaultMaterial.uexp" 299
"../../../Engine/Plugins/Runtime/HairStrands/Content/Materials/HairDefaultMaterial.uasset" 300
"../../../Engine/Plugins/Runtime/HairStrands/Content/Materials/HairDefaultMaterial.uexp" 301
"../../../Engine/Content/Functions/Engine_MaterialFunctions02/Utility/MakeFloat2.uasset" 302
"../../../Engine/Content/Functions/Engine_MaterialFunctions02/Utility/MakeFloat2.uexp" 303
"../../../Engine/Content/Functions/Engine_MaterialFunctions02/Utility/MakeFloat3.uasset" 304
"../../../Engine/Content/Functions/Engine_MaterialFunctions02/Utility/MakeFloat3.uexp" 305
"../../../Engine/Content/EngineMaterials/HairColorMap.uasset" 306
"../../../Engine/Content/EngineMaterials/HairColorMap.uexp" 307
"../../../Engine/Content/EngineMaterials/HairDebugColor.uasset" 308
"../../../Engine/Content/EngineMaterials/HairDebugColor.uexp" 309
"../../../Engine/Plugins/Runtime/HairStrands/Content/Materials/HairGroupColors.uasset" 310
"../../../Engine/Plugins/Runtime/HairStrands/Content/Materials/HairGroupColors.uexp" 311
"../../../Engine/Plugins/Runtime/HairStrands/Content/Materials/HairDebugMaterial.uasset" 312
"../../../Engine/Plugins/Runtime/HairStrands/Content/Materials/HairDebugMaterial.uexp" 313
"../../../Engine/Plugins/Runtime/HairStrands/Content/Materials/HairCardsDefaultMaterial.uasset" 314
"../../../Engine/Plugins/Runtime/HairStrands/Content/Materials/HairCardsDefaultMaterial.uexp" 315
"../../../Engine/Plugins/Runtime/AudioWidgets/Content/Resources/ScrubHandleDown_Clamped.uasset" 316
"../../../Engine/Plugins/Runtime/AudioWidgets/Content/Resources/ScrubHandleDown_Clamped.uexp" 317
"../../../Engine/Plugins/Interchange/Assets/Content/Functions/MX_UsdPreviewSurface.uasset" 318
"../../../Engine/Plugins/Interchange/Assets/Content/Functions/MX_UsdPreviewSurface.uexp" 319
"../../../Engine/Plugins/Interchange/Assets/Content/Functions/MX_UniformEDF.uasset" 320
"../../../Engine/Plugins/Interchange/Assets/Content/Functions/MX_UniformEDF.uexp" 321
"../../../Engine/Plugins/Interchange/Assets/Content/Functions/MX_TranslucentBSDF.uasset" 322
"../../../Engine/Plugins/Interchange/Assets/Content/Functions/MX_TranslucentBSDF.uexp" 323
"../../../Engine/Plugins/Interchange/Assets/Content/Functions/MX_ThinFilmBSDF.uasset" 324
"../../../Engine/Plugins/Interchange/Assets/Content/Functions/MX_ThinFilmBSDF.uexp" 325
"../../../Engine/Plugins/Interchange/Assets/Content/Functions/MX_SurfaceUnlit.uasset" 326
"../../../Engine/Plugins/Interchange/Assets/Content/Functions/MX_SurfaceUnlit.uexp" 327
"../../../Engine/Plugins/Interchange/Assets/Content/Functions/MX_Surface.uasset" 328
"../../../Engine/Plugins/Interchange/Assets/Content/Functions/MX_Surface.uexp" 329
"../../../Engine/Plugins/Interchange/Assets/Content/Functions/MX_SubsurfaceBSDF.uasset" 330
"../../../Engine/Plugins/Interchange/Assets/Content/Functions/MX_SubsurfaceBSDF.uexp" 331
"../../../Engine/Plugins/Interchange/Assets/Content/Functions/MX_SheenBSDF.uasset" 332
"../../../Engine/Plugins/Interchange/Assets/Content/Functions/MX_SheenBSDF.uexp" 333
"../../../Engine/Plugins/Interchange/Assets/Content/Functions/MX_OrenNayarBSDF.uasset" 334
"../../../Engine/Plugins/Interchange/Assets/Content/Functions/MX_OrenNayarBSDF.uexp" 335
"../../../Engine/Plugins/Interchange/Assets/Content/Functions/MF_IridescenceNoLUT.uasset" 336
"../../../Engine/Plugins/Interchange/Assets/Content/Functions/MF_IridescenceNoLUT.uexp" 337
"../../../Engine/Plugins/Interchange/Assets/Content/Functions/MX_StandardSurface.uasset" 338
"../../../Engine/Plugins/Interchange/Assets/Content/Functions/MX_StandardSurface.uexp" 339
"../../../Engine/Plugins/Interchange/Assets/Content/Functions/MX_TransmissionSurface.uasset" 340
"../../../Engine/Plugins/Interchange/Assets/Content/Functions/MX_TransmissionSurface.uexp" 341
"../../../Engine/Plugins/Interchange/Assets/Content/Functions/MX_OpenPBR_Translucent.uasset" 342
"../../../Engine/Plugins/Interchange/Assets/Content/Functions/MX_OpenPBR_Translucent.uexp" 343
"../../../Engine/Plugins/Interchange/Assets/Content/Functions/MX_OpenPBR_Opaque.uasset" 344
"../../../Engine/Plugins/Interchange/Assets/Content/Functions/MX_OpenPBR_Opaque.uexp" 345
"../../../Engine/Plugins/Interchange/Assets/Content/Functions/MX_MeasuredEDF.uasset" 346
"../../../Engine/Plugins/Interchange/Assets/Content/Functions/MX_MeasuredEDF.uexp" 347
"../../../Engine/Plugins/Interchange/Assets/Content/Functions/MX_GeneralizedSchlickBSDF.uasset" 348
"../../../Engine/Plugins/Interchange/Assets/Content/Functions/MX_GeneralizedSchlickBSDF.uexp" 349
"../../../Engine/Content/Functions/Engine_MaterialFunctions02/Utility/BlendAngleCorrectedNormals.uasset" 350
"../../../Engine/Content/Functions/Engine_MaterialFunctions02/Utility/BlendAngleCorrectedNormals.uexp" 351
"../../../Engine/Plugins/Interchange/Assets/Content/Functions/MX_Displacement.uasset" 352
"../../../Engine/Plugins/Interchange/Assets/Content/Functions/MX_Displacement.uexp" 353
"../../../Engine/Plugins/Interchange/Assets/Content/Functions/MX_DielectricBSDF.uasset" 354
"../../../Engine/Plugins/Interchange/Assets/Content/Functions/MX_DielectricBSDF.uexp" 355
"../../../Engine/Plugins/Interchange/Assets/Content/Functions/MX_ConicalEDF.uasset" 356
"../../../Engine/Plugins/Interchange/Assets/Content/Functions/MX_ConicalEDF.uexp" 357
"../../../Engine/Plugins/Interchange/Assets/Content/Functions/MX_ConductorBSDF.uasset" 358
"../../../Engine/Plugins/Interchange/Assets/Content/Functions/MX_ConductorBSDF.uexp" 359
"../../../Engine/Plugins/Interchange/Assets/Content/Functions/MX_BurleyDiffuseBSDF.uasset" 360
"../../../Engine/Plugins/Interchange/Assets/Content/Functions/MX_BurleyDiffuseBSDF.uexp" 361
"../../../Engine/Plugins/Interchange/Assets/Content/Functions/MX_AnisotropicVDF.uasset" 362
"../../../Engine/Plugins/Interchange/Assets/Content/Functions/MX_AnisotropicVDF.uexp" 363
"../../../Engine/Plugins/Interchange/Assets/Content/Functions/MX_AbsorptionVDF.uasset" 364
"../../../Engine/Plugins/Interchange/Assets/Content/Functions/MX_AbsorptionVDF.uexp" 365
"../../../Engine/Content/Functions/Engine_MaterialFunctions01/Gradient/LinearGradient.uasset" 366
"../../../Engine/Content/Functions/Engine_MaterialFunctions01/Gradient/LinearGradient.uexp" 367
"../../../Engine/Content/Functions/Engine_MaterialFunctions01/ImageAdjustment/CheapContrast.uasset" 368
"../../../Engine/Content/Functions/Engine_MaterialFunctions01/ImageAdjustment/CheapContrast.uexp" 369
"C:/Users/2101501/Documents/GitHub/PenGwyn-Honours-Project/PenGwyn/Content/LevelPrototyping/Textures/T_GridChecker_A.ubulk" 370
"C:/Users/2101501/Documents/GitHub/PenGwyn-Honours-Project/PenGwyn/Content/LevelPrototyping/Textures/T_GridChecker_A.uasset" 371
"C:/Users/2101501/Documents/GitHub/PenGwyn-Honours-Project/PenGwyn/Content/LevelPrototyping/Textures/T_GridChecker_A.uexp" 372
"C:/Users/2101501/Documents/GitHub/PenGwyn-Honours-Project/PenGwyn/Content/LevelPrototyping/Materials/MF_ProcGrid.uasset" 373
"C:/Users/2101501/Documents/GitHub/PenGwyn-Honours-Project/PenGwyn/Content/LevelPrototyping/Materials/MF_ProcGrid.uexp" 374
"C:/Users/2101501/Documents/GitHub/PenGwyn-Honours-Project/PenGwyn/Content/LevelPrototyping/Materials/M_PrototypeGrid.uasset" 375
"C:/Users/2101501/Documents/GitHub/PenGwyn-Honours-Project/PenGwyn/Content/LevelPrototyping/Materials/M_PrototypeGrid.uexp" 376
"C:/Users/2101501/Documents/GitHub/PenGwyn-Honours-Project/PenGwyn/Content/LevelPrototyping/Materials/MI_PrototypeGrid_Gray.uasset" 377
"C:/Users/2101501/Documents/GitHub/PenGwyn-Honours-Project/PenGwyn/Content/LevelPrototyping/Materials/MI_PrototypeGrid_Gray.uexp" 378
"C:/Users/2101501/Documents/GitHub/PenGwyn-Honours-Project/PenGwyn/Content/LevelPrototyping/Meshes/SM_Cube.ubulk" 379
"C:/Users/2101501/Documents/GitHub/PenGwyn-Honours-Project/PenGwyn/Content/LevelPrototyping/Meshes/SM_Cube.uasset" 380
"C:/Users/2101501/Documents/GitHub/PenGwyn-Honours-Project/PenGwyn/Content/LevelPrototyping/Meshes/SM_Cube.uexp" 381
"C:/Users/2101501/Documents/GitHub/PenGwyn-Honours-Project/PenGwyn/Content/Abandoned_Cathedral/Terrain/texture/T_Voronoi.ubulk" 382
"C:/Users/2101501/Documents/GitHub/PenGwyn-Honours-Project/PenGwyn/Content/Abandoned_Cathedral/Terrain/texture/T_Voronoi.uasset" 383
"C:/Users/2101501/Documents/GitHub/PenGwyn-Honours-Project/PenGwyn/Content/Abandoned_Cathedral/Terrain/texture/T_Voronoi.uexp" 384
"C:/Users/2101501/Documents/GitHub/PenGwyn-Honours-Project/PenGwyn/Content/Abandoned_Cathedral/Terrain/texture/T_Terrain_1_OcclusionRoughnessMetallic.ubulk" 385
"C:/Users/2101501/Documents/GitHub/PenGwyn-Honours-Project/PenGwyn/Content/Abandoned_Cathedral/Terrain/texture/T_Terrain_1_OcclusionRoughnessMetallic.uasset" 386
"C:/Users/2101501/Documents/GitHub/PenGwyn-Honours-Project/PenGwyn/Content/Abandoned_Cathedral/Terrain/texture/T_Terrain_1_OcclusionRoughnessMetallic.uexp" 387
"C:/Users/2101501/Documents/GitHub/PenGwyn-Honours-Project/PenGwyn/Content/Abandoned_Cathedral/Terrain/texture/T_Terrain_1_Normal.ubulk" 388
"C:/Users/2101501/Documents/GitHub/PenGwyn-Honours-Project/PenGwyn/Content/Abandoned_Cathedral/Terrain/texture/T_Terrain_1_Normal.uasset" 389
"C:/Users/2101501/Documents/GitHub/PenGwyn-Honours-Project/PenGwyn/Content/Abandoned_Cathedral/Terrain/texture/T_Terrain_1_Normal.uexp" 390
"C:/Users/2101501/Documents/GitHub/PenGwyn-Honours-Project/PenGwyn/Content/Abandoned_Cathedral/Terrain/texture/T_Terrain_1_BaseColor.ubulk" 391
"C:/Users/2101501/Documents/GitHub/PenGwyn-Honours-Project/PenGwyn/Content/Abandoned_Cathedral/Terrain/texture/T_Terrain_1_BaseColor.uasset" 392
"C:/Users/2101501/Documents/GitHub/PenGwyn-Honours-Project/PenGwyn/Content/Abandoned_Cathedral/Terrain/texture/T_Terrain_1_BaseColor.uexp" 393
"C:/Users/2101501/Documents/GitHub/PenGwyn-Honours-Project/PenGwyn/Content/Abandoned_Cathedral/Terrain/texture/T_RGB.ubulk" 394
"C:/Users/2101501/Documents/GitHub/PenGwyn-Honours-Project/PenGwyn/Content/Abandoned_Cathedral/Terrain/texture/T_RGB.uasset" 395
"C:/Users/2101501/Documents/GitHub/PenGwyn-Honours-Project/PenGwyn/Content/Abandoned_Cathedral/Terrain/texture/T_RGB.uexp" 396
"C:/Users/2101501/Documents/GitHub/PenGwyn-Honours-Project/PenGwyn/Content/Abandoned_Cathedral/Terrain/RVT/NewRuntimeVirtualTexture.uasset" 397
"C:/Users/2101501/Documents/GitHub/PenGwyn-Honours-Project/PenGwyn/Content/Abandoned_Cathedral/Terrain/RVT/NewRuntimeVirtualTexture.uexp" 398
"C:/Users/2101501/Documents/GitHub/PenGwyn-Honours-Project/PenGwyn/Content/Abandoned_Cathedral/Terrain/LGT/LGT_Paint_L02.uasset" 399
"C:/Users/2101501/Documents/GitHub/PenGwyn-Honours-Project/PenGwyn/Content/Abandoned_Cathedral/Terrain/LGT/LGT_Paint_L02.uexp" 400
"../../../Engine/Content/EngineMaterials/Good64x64TilingNoiseHighFreq.uasset" 401
"../../../Engine/Content/EngineMaterials/Good64x64TilingNoiseHighFreq.uexp" 402
"../../../Engine/Content/Functions/Engine_MaterialFunctions02/Texturing/ScreenAlignedPixelToPixelUVs.uasset" 403
"../../../Engine/Content/Functions/Engine_MaterialFunctions02/Texturing/ScreenAlignedPixelToPixelUVs.uexp" 404
"../../../Engine/Content/Functions/Engine_MaterialFunctions02/Utility/DitherTemporalAA.uasset" 405
"../../../Engine/Content/Functions/Engine_MaterialFunctions02/Utility/DitherTemporalAA.uexp" 406
"../../../Engine/Content/Functions/Engine_MaterialFunctions01/Opacity/CameraDepthFade.uasset" 407
"../../../Engine/Content/Functions/Engine_MaterialFunctions01/Opacity/CameraDepthFade.uexp" 408
"C:/Users/2101501/Documents/GitHub/PenGwyn-Honours-Project/PenGwyn/Content/Abandoned_Cathedral/Terrain/Function/MF_Normal_INT.uasset" 409
"C:/Users/2101501/Documents/GitHub/PenGwyn-Honours-Project/PenGwyn/Content/Abandoned_Cathedral/Terrain/Function/MF_Normal_INT.uexp" 410
"C:/Users/2101501/Documents/GitHub/PenGwyn-Honours-Project/PenGwyn/Content/Abandoned_Cathedral/Terrain/Function/MF_albedo_Control.uasset" 411
"C:/Users/2101501/Documents/GitHub/PenGwyn-Honours-Project/PenGwyn/Content/Abandoned_Cathedral/Terrain/Function/MF_albedo_Control.uexp" 412
"../../../Engine/Content/Functions/Engine_MaterialFunctions02/3PointLevels.uasset" 413
"../../../Engine/Content/Functions/Engine_MaterialFunctions02/3PointLevels.uexp" 414
"C:/Users/2101501/Documents/GitHub/PenGwyn-Honours-Project/PenGwyn/Content/Abandoned_Cathedral/Terrain/Function/MF_Grayscale_Controls.uasset" 415
"C:/Users/2101501/Documents/GitHub/PenGwyn-Honours-Project/PenGwyn/Content/Abandoned_Cathedral/Terrain/Function/MF_Grayscale_Controls.uexp" 416
"C:/Users/2101501/Documents/GitHub/PenGwyn-Honours-Project/PenGwyn/Content/Abandoned_Cathedral/Terrain/Function/MF_FresnelSpec.uasset" 417
"C:/Users/2101501/Documents/GitHub/PenGwyn-Honours-Project/PenGwyn/Content/Abandoned_Cathedral/Terrain/Function/MF_FresnelSpec.uexp" 418
"../../../Engine/Content/Functions/Engine_MaterialFunctions02/WorldPositionOffset/ObjectPivotPoint.uasset" 419
"../../../Engine/Content/Functions/Engine_MaterialFunctions02/WorldPositionOffset/ObjectPivotPoint.uexp" 420
"../../../Engine/Content/Functions/Engine_MaterialFunctions02/SplitComponents.uasset" 421
"../../../Engine/Content/Functions/Engine_MaterialFunctions02/SplitComponents.uexp" 422
"../../../Engine/Content/EngineResources/AICON-Green.uasset" 423
"../../../Engine/Content/EngineResources/AICON-Green.uexp" 424
"../../../Engine/Content/Functions/Engine_MaterialFunctions02/ExampleContent/Textures/CylindricalNormals.ubulk" 425
"../../../Engine/Content/Functions/Engine_MaterialFunctions02/ExampleContent/Textures/CylindricalNormals.uasset" 426
"../../../Engine/Content/Functions/Engine_MaterialFunctions02/ExampleContent/Textures/CylindricalNormals.uexp" 427
"C:/Users/2101501/Documents/GitHub/PenGwyn-Honours-Project/PenGwyn/Content/Abandoned_Cathedral/Foliage/Texture/T_Noise.ubulk" 428
"C:/Users/2101501/Documents/GitHub/PenGwyn-Honours-Project/PenGwyn/Content/Abandoned_Cathedral/Foliage/Texture/T_Noise.uasset" 429
"C:/Users/2101501/Documents/GitHub/PenGwyn-Honours-Project/PenGwyn/Content/Abandoned_Cathedral/Foliage/Texture/T_Noise.uexp" 430
"C:/Users/2101501/Documents/GitHub/PenGwyn-Honours-Project/PenGwyn/Content/Abandoned_Cathedral/Foliage/Master_Parameter/MP_master_Parameter.uasset" 431
"C:/Users/2101501/Documents/GitHub/PenGwyn-Honours-Project/PenGwyn/Content/Abandoned_Cathedral/Foliage/Master_Parameter/MP_master_Parameter.uexp" 432
"C:/Users/2101501/Documents/GitHub/PenGwyn-Honours-Project/PenGwyn/Content/Abandoned_Cathedral/Foliage/Material_Function/MF_wind_Trunk.uasset" 433
"C:/Users/2101501/Documents/GitHub/PenGwyn-Honours-Project/PenGwyn/Content/Abandoned_Cathedral/Foliage/Material_Function/MF_wind_Trunk.uexp" 434
"C:/Users/2101501/Documents/GitHub/PenGwyn-Honours-Project/PenGwyn/Content/Abandoned_Cathedral/Foliage/Material_Function/MF_wind_foliage.uasset" 435
"C:/Users/2101501/Documents/GitHub/PenGwyn-Honours-Project/PenGwyn/Content/Abandoned_Cathedral/Foliage/Material_Function/MF_wind_foliage.uexp" 436
"C:/Users/2101501/Documents/GitHub/PenGwyn-Honours-Project/PenGwyn/Content/Abandoned_Cathedral/Foliage/Material_Function/MF_Subsurface.uasset" 437
"C:/Users/2101501/Documents/GitHub/PenGwyn-Honours-Project/PenGwyn/Content/Abandoned_Cathedral/Foliage/Material_Function/MF_Subsurface.uexp" 438
"C:/Users/2101501/Documents/GitHub/PenGwyn-Honours-Project/PenGwyn/Content/Abandoned_Cathedral/Foliage/Material_Function/MF_SimpleGrassWind_Mod.uasset" 439
"C:/Users/2101501/Documents/GitHub/PenGwyn-Honours-Project/PenGwyn/Content/Abandoned_Cathedral/Foliage/Material_Function/MF_SimpleGrassWind_Mod.uexp" 440
"C:/Users/2101501/Documents/GitHub/PenGwyn-Honours-Project/PenGwyn/Content/Abandoned_Cathedral/Foliage/Material_Function/MF_Foliage_Set.uasset" 441
"C:/Users/2101501/Documents/GitHub/PenGwyn-Honours-Project/PenGwyn/Content/Abandoned_Cathedral/Foliage/Material_Function/MF_Foliage_Set.uexp" 442
"C:/Users/2101501/Documents/GitHub/PenGwyn-Honours-Project/PenGwyn/Content/Abandoned_Cathedral/Foliage/M_Foliage_vertex_paint.uasset" 443
"C:/Users/2101501/Documents/GitHub/PenGwyn-Honours-Project/PenGwyn/Content/Abandoned_Cathedral/Foliage/M_Foliage_vertex_paint.uexp" 444
"C:/Users/2101501/Documents/GitHub/PenGwyn-Honours-Project/PenGwyn/Content/Abandoned_Cathedral/Foliage/Nanite_Foliage/Ivy_01/Texture/T_Ivy_N.ubulk" 445
"C:/Users/2101501/Documents/GitHub/PenGwyn-Honours-Project/PenGwyn/Content/Abandoned_Cathedral/Foliage/Nanite_Foliage/Ivy_01/Texture/T_Ivy_N.uasset" 446
"C:/Users/2101501/Documents/GitHub/PenGwyn-Honours-Project/PenGwyn/Content/Abandoned_Cathedral/Foliage/Nanite_Foliage/Ivy_01/Texture/T_Ivy_N.uexp" 447
"C:/Users/2101501/Documents/GitHub/PenGwyn-Honours-Project/PenGwyn/Content/Abandoned_Cathedral/Foliage/Nanite_Foliage/Ivy_01/Texture/T_Ivy_BC.ubulk" 448
"C:/Users/2101501/Documents/GitHub/PenGwyn-Honours-Project/PenGwyn/Content/Abandoned_Cathedral/Foliage/Nanite_Foliage/Ivy_01/Texture/T_Ivy_BC.uasset" 449
"C:/Users/2101501/Documents/GitHub/PenGwyn-Honours-Project/PenGwyn/Content/Abandoned_Cathedral/Foliage/Nanite_Foliage/Ivy_01/Texture/T_Ivy_BC.uexp" 450
"C:/Users/2101501/Documents/GitHub/PenGwyn-Honours-Project/PenGwyn/Content/Abandoned_Cathedral/Foliage/Nanite_Foliage/Ivy_01/Material_Instance/MI_ivy_03.uasset" 451
"C:/Users/2101501/Documents/GitHub/PenGwyn-Honours-Project/PenGwyn/Content/Abandoned_Cathedral/Foliage/Nanite_Foliage/Ivy_01/Material_Instance/MI_ivy_03.uexp" 452
"C:/Users/2101501/Documents/GitHub/PenGwyn-Honours-Project/PenGwyn/Content/Abandoned_Cathedral/Foliage/Nanite_Foliage/Dry_Leaves/Static_Mesh/SM_Dry_Leaves_01.ubulk" 453
"C:/Users/2101501/Documents/GitHub/PenGwyn-Honours-Project/PenGwyn/Content/Abandoned_Cathedral/Foliage/Nanite_Foliage/Dry_Leaves/Static_Mesh/SM_Dry_Leaves_01.uasset" 454
"C:/Users/2101501/Documents/GitHub/PenGwyn-Honours-Project/PenGwyn/Content/Abandoned_Cathedral/Foliage/Nanite_Foliage/Dry_Leaves/Static_Mesh/SM_Dry_Leaves_01.uexp" 455
"C:/Users/2101501/Documents/GitHub/PenGwyn-Honours-Project/PenGwyn/Content/Abandoned_Cathedral/Terrain/LGT/LGT_Paint_L01.uasset" 456
"C:/Users/2101501/Documents/GitHub/PenGwyn-Honours-Project/PenGwyn/Content/Abandoned_Cathedral/Terrain/LGT/LGT_Paint_L01.uexp" 457
"C:/Users/2101501/Documents/GitHub/PenGwyn-Honours-Project/PenGwyn/Content/Abandoned_Cathedral/Terrain/LGT/LGT_Layer_04.uasset" 458
"C:/Users/2101501/Documents/GitHub/PenGwyn-Honours-Project/PenGwyn/Content/Abandoned_Cathedral/Terrain/LGT/LGT_Layer_04.uexp" 459
"C:/Users/2101501/Documents/GitHub/PenGwyn-Honours-Project/PenGwyn/Content/Abandoned_Cathedral/Terrain/LGT/LGT_Layer_03.uasset" 460
"C:/Users/2101501/Documents/GitHub/PenGwyn-Honours-Project/PenGwyn/Content/Abandoned_Cathedral/Terrain/LGT/LGT_Layer_03.uexp" 461
"C:/Users/2101501/Documents/GitHub/PenGwyn-Honours-Project/PenGwyn/Content/Abandoned_Cathedral/Terrain/LGT/LGT_Layer_02.uasset" 462
"C:/Users/2101501/Documents/GitHub/PenGwyn-Honours-Project/PenGwyn/Content/Abandoned_Cathedral/Terrain/LGT/LGT_Layer_02.uexp" 463
"C:/Users/2101501/Documents/GitHub/PenGwyn-Honours-Project/PenGwyn/Content/Abandoned_Cathedral/Terrain/LGT/LGT_Layer_01.uasset" 464
"C:/Users/2101501/Documents/GitHub/PenGwyn-Honours-Project/PenGwyn/Content/Abandoned_Cathedral/Terrain/LGT/LGT_Layer_01.uexp" 465
"C:/Users/2101501/Documents/GitHub/PenGwyn-Honours-Project/PenGwyn/Content/Abandoned_Cathedral/Terrain/Function/MF_World_UV_Aligned.uasset" 466
"C:/Users/2101501/Documents/GitHub/PenGwyn-Honours-Project/PenGwyn/Content/Abandoned_Cathedral/Terrain/Function/MF_World_UV_Aligned.uexp" 467
"C:/Users/2101501/Documents/GitHub/PenGwyn-Honours-Project/PenGwyn/Content/Abandoned_Cathedral/Terrain/Function/MF_Tiling.uasset" 468
"C:/Users/2101501/Documents/GitHub/PenGwyn-Honours-Project/PenGwyn/Content/Abandoned_Cathedral/Terrain/Function/MF_Tiling.uexp" 469
"C:/Users/2101501/Documents/GitHub/PenGwyn-Honours-Project/PenGwyn/Content/Abandoned_Cathedral/Terrain/Function/MF_TextureBombing.uasset" 470
"C:/Users/2101501/Documents/GitHub/PenGwyn-Honours-Project/PenGwyn/Content/Abandoned_Cathedral/Terrain/Function/MF_TextureBombing.uexp" 471
"C:/Users/2101501/Documents/GitHub/PenGwyn-Honours-Project/PenGwyn/Content/Abandoned_Cathedral/Terrain/Function/MF_Texture_Blend.uasset" 472
"C:/Users/2101501/Documents/GitHub/PenGwyn-Honours-Project/PenGwyn/Content/Abandoned_Cathedral/Terrain/Function/MF_Texture_Blend.uexp" 473
"C:/Users/2101501/Documents/GitHub/PenGwyn-Honours-Project/PenGwyn/Content/Abandoned_Cathedral/Terrain/Function/MF_Textures.uasset" 474
"C:/Users/2101501/Documents/GitHub/PenGwyn-Honours-Project/PenGwyn/Content/Abandoned_Cathedral/Terrain/Function/MF_Textures.uexp" 475
"C:/Users/2101501/Documents/GitHub/PenGwyn-Honours-Project/PenGwyn/Content/Abandoned_Cathedral/Terrain/Function/MF_Slope_Mask.uasset" 476
"C:/Users/2101501/Documents/GitHub/PenGwyn-Honours-Project/PenGwyn/Content/Abandoned_Cathedral/Terrain/Function/MF_Slope_Mask.uexp" 477
"C:/Users/2101501/Documents/GitHub/PenGwyn-Honours-Project/PenGwyn/Content/Abandoned_Cathedral/Terrain/Function/MF_ProceduralSlopes.uasset" 478
"C:/Users/2101501/Documents/GitHub/PenGwyn-Honours-Project/PenGwyn/Content/Abandoned_Cathedral/Terrain/Function/MF_ProceduralSlopes.uexp" 479
"C:/Users/2101501/Documents/GitHub/PenGwyn-Honours-Project/PenGwyn/Content/Abandoned_Cathedral/Terrain/Function/MF_Slope_Logic.uasset" 480
"C:/Users/2101501/Documents/GitHub/PenGwyn-Honours-Project/PenGwyn/Content/Abandoned_Cathedral/Terrain/Function/MF_Slope_Logic.uexp" 481
"../../../Engine/Content/Functions/Engine_MaterialFunctions02/ExampleContent/Textures/OffsetNoiseDistanceFields_ForNormals.ubulk" 482
"../../../Engine/Content/Functions/Engine_MaterialFunctions02/ExampleContent/Textures/OffsetNoiseDistanceFields_ForNormals.uasset" 483
"../../../Engine/Content/Functions/Engine_MaterialFunctions02/ExampleContent/Textures/OffsetNoiseDistanceFields_ForNormals.uexp" 484
"../../../Engine/Content/MapTemplates/TilingNoise05.ubulk" 485
"../../../Engine/Content/MapTemplates/TilingNoise05.uasset" 486
"../../../Engine/Content/MapTemplates/TilingNoise05.uexp" 487
"C:/Users/2101501/Documents/GitHub/PenGwyn-Honours-Project/PenGwyn/Content/Abandoned_Cathedral/Terrain/Function/MF_Sand_Dust.uasset" 488
"C:/Users/2101501/Documents/GitHub/PenGwyn-Honours-Project/PenGwyn/Content/Abandoned_Cathedral/Terrain/Function/MF_Sand_Dust.uexp" 489
"../../../Engine/Content/Functions/Engine_MaterialFunctions02/ExampleContent/PivotPainter2/PP2_rgb_XVect_a_XExtent.uasset" 490
"../../../Engine/Content/Functions/Engine_MaterialFunctions02/ExampleContent/PivotPainter2/PP2_rgb_XVect_a_XExtent.uexp" 491
"../../../Engine/Content/Functions/Engine_MaterialFunctions02/ExampleContent/Plane002NormalsMap.ubulk" 492
"../../../Engine/Content/Functions/Engine_MaterialFunctions02/ExampleContent/Plane002NormalsMap.uasset" 493
"../../../Engine/Content/Functions/Engine_MaterialFunctions02/ExampleContent/Plane002NormalsMap.uexp" 494
"C:/Users/2101501/Documents/GitHub/PenGwyn-Honours-Project/PenGwyn/Content/Abandoned_Cathedral/Terrain/Function/MF_Layers.uasset" 495
"C:/Users/2101501/Documents/GitHub/PenGwyn-Honours-Project/PenGwyn/Content/Abandoned_Cathedral/Terrain/Function/MF_Layers.uexp" 496
"C:/Users/2101501/Documents/GitHub/PenGwyn-Honours-Project/PenGwyn/Content/Abandoned_Cathedral/Terrain/Function/MF_Paint_L02.uasset" 497
"C:/Users/2101501/Documents/GitHub/PenGwyn-Honours-Project/PenGwyn/Content/Abandoned_Cathedral/Terrain/Function/MF_Paint_L02.uexp" 498
"C:/Users/2101501/Documents/GitHub/PenGwyn-Honours-Project/PenGwyn/Content/Abandoned_Cathedral/Terrain/Function/MF_Paint_L01.uasset" 499
"C:/Users/2101501/Documents/GitHub/PenGwyn-Honours-Project/PenGwyn/Content/Abandoned_Cathedral/Terrain/Function/MF_Paint_L01.uexp" 500
"C:/Users/2101501/Documents/GitHub/PenGwyn-Honours-Project/PenGwyn/Content/Abandoned_Cathedral/Terrain/Function/MF_Layer_Rock.uasset" 501
"C:/Users/2101501/Documents/GitHub/PenGwyn-Honours-Project/PenGwyn/Content/Abandoned_Cathedral/Terrain/Function/MF_Layer_Rock.uexp" 502
"C:/Users/2101501/Documents/GitHub/PenGwyn-Honours-Project/PenGwyn/Content/Abandoned_Cathedral/Terrain/Function/MF_Layer_04.uasset" 503
"C:/Users/2101501/Documents/GitHub/PenGwyn-Honours-Project/PenGwyn/Content/Abandoned_Cathedral/Terrain/Function/MF_Layer_04.uexp" 504
"C:/Users/2101501/Documents/GitHub/PenGwyn-Honours-Project/PenGwyn/Content/Abandoned_Cathedral/Terrain/Function/MF_Layer_03.uasset" 505
"C:/Users/2101501/Documents/GitHub/PenGwyn-Honours-Project/PenGwyn/Content/Abandoned_Cathedral/Terrain/Function/MF_Layer_03.uexp" 506
"C:/Users/2101501/Documents/GitHub/PenGwyn-Honours-Project/PenGwyn/Content/Abandoned_Cathedral/Terrain/Function/MF_Layer_02.uasset" 507
"C:/Users/2101501/Documents/GitHub/PenGwyn-Honours-Project/PenGwyn/Content/Abandoned_Cathedral/Terrain/Function/MF_Layer_02.uexp" 508
"C:/Users/2101501/Documents/GitHub/PenGwyn-Honours-Project/PenGwyn/Content/Abandoned_Cathedral/Terrain/Function/MF_Layer_01.uasset" 509
"C:/Users/2101501/Documents/GitHub/PenGwyn-Honours-Project/PenGwyn/Content/Abandoned_Cathedral/Terrain/Function/MF_Layer_01.uexp" 510
"C:/Users/2101501/Documents/GitHub/PenGwyn-Honours-Project/PenGwyn/Content/Abandoned_Cathedral/Terrain/Function/MF_Distance_Logic_RVT.uasset" 511
"C:/Users/2101501/Documents/GitHub/PenGwyn-Honours-Project/PenGwyn/Content/Abandoned_Cathedral/Terrain/Function/MF_Distance_Logic_RVT.uexp" 512
"C:/Users/2101501/Documents/GitHub/PenGwyn-Honours-Project/PenGwyn/Content/Abandoned_Cathedral/Terrain/Function/MF_Distance_Logic.uasset" 513
"C:/Users/2101501/Documents/GitHub/PenGwyn-Honours-Project/PenGwyn/Content/Abandoned_Cathedral/Terrain/Function/MF_Distance_Logic.uexp" 514
"C:/Users/2101501/Documents/GitHub/PenGwyn-Honours-Project/PenGwyn/Content/Abandoned_Cathedral/Terrain/Function/MF_Layer_Logic.uasset" 515
"C:/Users/2101501/Documents/GitHub/PenGwyn-Honours-Project/PenGwyn/Content/Abandoned_Cathedral/Terrain/Function/MF_Layer_Logic.uexp" 516
"../../../Engine/Content/EditorResources/TilePatine_N.ubulk" 517
"../../../Engine/Content/EditorResources/TilePatine_N.uasset" 518
"../../../Engine/Content/EditorResources/TilePatine_N.uexp" 519
"C:/Users/2101501/Documents/GitHub/PenGwyn-Honours-Project/PenGwyn/Content/Abandoned_Cathedral/Terrain/Function/MF_Distance_Varation.uasset" 520
"C:/Users/2101501/Documents/GitHub/PenGwyn-Honours-Project/PenGwyn/Content/Abandoned_Cathedral/Terrain/Function/MF_Distance_Varation.uexp" 521
"C:/Users/2101501/Documents/GitHub/PenGwyn-Honours-Project/PenGwyn/Content/Abandoned_Cathedral/Terrain/Function/MF_AutoFoliage.uasset" 522
"C:/Users/2101501/Documents/GitHub/PenGwyn-Honours-Project/PenGwyn/Content/Abandoned_Cathedral/Terrain/Function/MF_AutoFoliage.uexp" 523
"../../../Engine/Content/EngineMaterials/WeightMapPlaceholderTexture.uasset" 524
"../../../Engine/Content/EngineMaterials/WeightMapPlaceholderTexture.uexp" 525
"C:/Users/2101501/Documents/GitHub/PenGwyn-Honours-Project/PenGwyn/Content/Abandoned_Cathedral/Master_Material/M_Auto_Landscape.uasset" 526
"C:/Users/2101501/Documents/GitHub/PenGwyn-Honours-Project/PenGwyn/Content/Abandoned_Cathedral/Master_Material/M_Auto_Landscape.uexp" 527
"../../../Engine/Content/VREditor/TransformGizmo/Xray.uasset" 528
"../../../Engine/Content/VREditor/TransformGizmo/Xray.uexp" 529
"../../../Engine/Content/VREditor/TransformGizmo/Main.uasset" 530
"../../../Engine/Content/VREditor/TransformGizmo/Main.uexp" 531
"../../../Engine/Content/VREditor/TransformGizmo/SM_Sequencer_Node.ubulk" 532
"../../../Engine/Content/VREditor/TransformGizmo/SM_Sequencer_Node.uasset" 533
"../../../Engine/Content/VREditor/TransformGizmo/SM_Sequencer_Node.uexp" 534
"../../../Engine/Content/VREditor/TransformGizmo/TranslucentTransformGizmoMaterial.uasset" 535
"../../../Engine/Content/VREditor/TransformGizmo/TranslucentTransformGizmoMaterial.uexp" 536
"../../../Engine/Content/VREditor/LaserPointer/VR_LaserPower_01.ubulk" 537
"../../../Engine/Content/VREditor/LaserPointer/VR_LaserPower_01.uasset" 538
"../../../Engine/Content/VREditor/LaserPointer/VR_LaserPower_01.uexp" 539
"../../../Engine/Content/VREditor/TransformGizmo/TransformGizmoMaterial.uasset" 540
"../../../Engine/Content/VREditor/TransformGizmo/TransformGizmoMaterial.uexp" 541
"../../../Engine/Content/VREditor/TransformGizmo/BoundingBoxEdge.ubulk" 542
"../../../Engine/Content/VREditor/TransformGizmo/BoundingBoxEdge.uasset" 543
"../../../Engine/Content/VREditor/TransformGizmo/BoundingBoxEdge.uexp" 544
"../../../Engine/Content/VREditor/TransformGizmo/BoundingBoxCorner.ubulk" 545
"../../../Engine/Content/VREditor/TransformGizmo/BoundingBoxCorner.uasset" 546
"../../../Engine/Content/VREditor/TransformGizmo/BoundingBoxCorner.uexp" 547
"../../../Engine/Content/EngineResources/FilmGrains/Marcie_Grain_v3_128_M2_000.uasset" 548
"../../../Engine/Content/EngineResources/FilmGrains/Marcie_Grain_v3_128_M2_000.uexp" 549
"../../../Engine/Content/EngineResources/Development/ZenLogo_64.uasset" 550
"../../../Engine/Content/EngineResources/Development/ZenLogo_64.uexp" 551
"../../../Engine/Content/EngineMaterials/LTC/Sheen_LTC.uasset" 552
"../../../Engine/Content/EngineMaterials/LTC/Sheen_LTC.uexp" 553
"../../../Engine/Content/EngineMaterials/LTC/GGX_LTCMat.uasset" 554
"../../../Engine/Content/EngineMaterials/LTC/GGX_LTCMat.uexp" 555
"../../../Engine/Content/EngineMaterials/LTC/GGX_LTCAmp.uasset" 556
"../../../Engine/Content/EngineMaterials/LTC/GGX_LTCAmp.uexp" 557
"../../../Engine/Content/EngineMaterials/EnergyConservation/Sheen_Energy.uasset" 558
"../../../Engine/Content/EngineMaterials/EnergyConservation/Sheen_Energy.uexp" 559
"../../../Engine/Content/EngineMaterials/EnergyConservation/SheenLegacy_Energy.uasset" 560
"../../../Engine/Content/EngineMaterials/EnergyConservation/SheenLegacy_Energy.uexp" 561
"../../../Engine/Content/EngineMaterials/EnergyConservation/GGX_TransmissionEnergyArray.uasset" 562
"../../../Engine/Content/EngineMaterials/EnergyConservation/GGX_TransmissionEnergyArray.uexp" 563
"../../../Engine/Content/EngineMaterials/EnergyConservation/GGX_ReflectionEnergy.uasset" 564
"../../../Engine/Content/EngineMaterials/EnergyConservation/GGX_ReflectionEnergy.uexp" 565
"../../../Engine/Content/EngineMaterials/EnergyConservation/Diffuse_Energy.uasset" 566
"../../../Engine/Content/EngineMaterials/EnergyConservation/Diffuse_Energy.uexp" 567
"../../../Engine/Content/EditorResources/SequenceRecorder/RecordingIndicator.uasset" 568
"../../../Engine/Content/EditorResources/SequenceRecorder/RecordingIndicator.uexp" 569
"../../../Engine/Content/EditorResources/SequenceRecorder/Countdown.uasset" 570
"../../../Engine/Content/EditorResources/SequenceRecorder/Countdown.uexp" 571
"../../../Engine/Content/EditorMaterials/Camera/CineMat.uasset" 572
"../../../Engine/Content/EditorMaterials/Camera/CineMat.uexp" 573
"../../../Engine/Content/EditorMaterials/Camera/MI_CineMat_Rig.uasset" 574
"../../../Engine/Content/EditorMaterials/Camera/MI_CineMat_Rig.uexp" 575
"../../../Engine/Content/EditorMeshes/Camera/SM_RailRig_Track.ubulk" 576
"../../../Engine/Content/EditorMeshes/Camera/SM_RailRig_Track.uasset" 577
"../../../Engine/Content/EditorMeshes/Camera/SM_RailRig_Track.uexp" 578
"../../../Engine/Content/EditorMeshes/Camera/SM_RailRig_Mount.ubulk" 579
"../../../Engine/Content/EditorMeshes/Camera/SM_RailRig_Mount.uasset" 580
"../../../Engine/Content/EditorMeshes/Camera/SM_RailRig_Mount.uexp" 581
"../../../Engine/Content/EditorMeshes/Camera/SM_CraneRig_Mount.ubulk" 582
"../../../Engine/Content/EditorMeshes/Camera/SM_CraneRig_Mount.uasset" 583
"../../../Engine/Content/EditorMeshes/Camera/SM_CraneRig_Mount.uexp" 584
"../../../Engine/Content/EditorMeshes/Camera/SM_CraneRig_Body.ubulk" 585
"../../../Engine/Content/EditorMeshes/Camera/SM_CraneRig_Body.uasset" 586
"../../../Engine/Content/EditorMeshes/Camera/SM_CraneRig_Body.uexp" 587
"../../../Engine/Content/EditorMeshes/Camera/SM_CraneRig_Base.ubulk" 588
"../../../Engine/Content/EditorMeshes/Camera/SM_CraneRig_Base.uasset" 589
"../../../Engine/Content/EditorMeshes/Camera/SM_CraneRig_Base.uexp" 590
"../../../Engine/Content/EditorMeshes/Camera/SM_CraneRig_Arm.ubulk" 591
"../../../Engine/Content/EditorMeshes/Camera/SM_CraneRig_Arm.uasset" 592
"../../../Engine/Content/EditorMeshes/Camera/SM_CraneRig_Arm.uexp" 593
"../../../Engine/Content/EditorMaterials/ParticleSystems/PSysThumbnail_OOD.ubulk" 594
"../../../Engine/Content/EditorMaterials/ParticleSystems/PSysThumbnail_OOD.uasset" 595
"../../../Engine/Content/EditorMaterials/ParticleSystems/PSysThumbnail_OOD.uexp" 596
"../../../Engine/Content/EditorMaterials/ParticleSystems/PSysThumbnail_NoImage.ubulk" 597
"../../../Engine/Content/EditorMaterials/ParticleSystems/PSysThumbnail_NoImage.uasset" 598
"../../../Engine/Content/EditorMaterials/ParticleSystems/PSysThumbnail_NoImage.uexp" 599
"../../../Engine/Content/EditorMaterials/Dataflow/DataflowVertexMaterial.uasset" 600
"../../../Engine/Content/EditorMaterials/Dataflow/DataflowVertexMaterial.uexp" 601
"../../../Engine/Content/EditorMaterials/Dataflow/DataflowTwoSidedVertexMaterial.uasset" 602
"../../../Engine/Content/EditorMaterials/Dataflow/DataflowTwoSidedVertexMaterial.uexp" 603
"../../../Engine/Content/EngineMaterials/T_Default_Material_Grid_M.ubulk" 604
"../../../Engine/Content/EngineMaterials/T_Default_Material_Grid_M.uasset" 605
"../../../Engine/Content/EngineMaterials/T_Default_Material_Grid_M.uexp" 606
"../../../Engine/Content/EngineMaterials/T_Default_Material_Grid_N.ubulk" 607
"../../../Engine/Content/EngineMaterials/T_Default_Material_Grid_N.uasset" 608
"../../../Engine/Content/EngineMaterials/T_Default_Material_Grid_N.uexp" 609
"../../../Engine/Content/EngineMaterials/WorldGridMaterial.uasset" 610
"../../../Engine/Content/EngineMaterials/WorldGridMaterial.uexp" 611
"../../../Engine/Content/ArtTools/RenderToTexture/Meshes/S_1_Unit_Plane.ubulk" 612
"../../../Engine/Content/ArtTools/RenderToTexture/Meshes/S_1_Unit_Plane.uasset" 613
"../../../Engine/Content/ArtTools/RenderToTexture/Meshes/S_1_Unit_Plane.uexp" 614
"../../../Engine/Content/Functions/Engine_MaterialFunctions01/Shading/PowerToRoughness.uasset" 615
"../../../Engine/Content/Functions/Engine_MaterialFunctions01/Shading/PowerToRoughness.uexp" 616
"../../../Engine/Content/Functions/Engine_MaterialFunctions01/Shading/ConvertFromDiffSpec.uasset" 617
"../../../Engine/Content/Functions/Engine_MaterialFunctions01/Shading/ConvertFromDiffSpec.uexp" 618
"C:/Users/2101501/Documents/GitHub/PenGwyn-Honours-Project/PenGwyn/Content/Abandoned_Cathedral/Master_Material/texture/T_window_aske_glass_ORM.ubulk" 619
"C:/Users/2101501/Documents/GitHub/PenGwyn-Honours-Project/PenGwyn/Content/Abandoned_Cathedral/Master_Material/texture/T_window_aske_glass_ORM.uasset" 620
"C:/Users/2101501/Documents/GitHub/PenGwyn-Honours-Project/PenGwyn/Content/Abandoned_Cathedral/Master_Material/texture/T_window_aske_glass_ORM.uexp" 621
"C:/Users/2101501/Documents/GitHub/PenGwyn-Honours-Project/PenGwyn/Content/Abandoned_Cathedral/Master_Material/texture/T_window_aske_glass_N.ubulk" 622
"C:/Users/2101501/Documents/GitHub/PenGwyn-Honours-Project/PenGwyn/Content/Abandoned_Cathedral/Master_Material/texture/T_window_aske_glass_N.uasset" 623
"C:/Users/2101501/Documents/GitHub/PenGwyn-Honours-Project/PenGwyn/Content/Abandoned_Cathedral/Master_Material/texture/T_window_aske_glass_N.uexp" 624
"C:/Users/2101501/Documents/GitHub/PenGwyn-Honours-Project/PenGwyn/Content/Abandoned_Cathedral/Master_Material/texture/T_window_aske_glass_BC.ubulk" 625
"C:/Users/2101501/Documents/GitHub/PenGwyn-Honours-Project/PenGwyn/Content/Abandoned_Cathedral/Master_Material/texture/T_window_aske_glass_BC.uasset" 626
"C:/Users/2101501/Documents/GitHub/PenGwyn-Honours-Project/PenGwyn/Content/Abandoned_Cathedral/Master_Material/texture/T_window_aske_glass_BC.uexp" 627
"C:/Users/2101501/Documents/GitHub/PenGwyn-Honours-Project/PenGwyn/Content/Abandoned_Cathedral/Master_Material/M_glass.uasset" 628
"C:/Users/2101501/Documents/GitHub/PenGwyn-Honours-Project/PenGwyn/Content/Abandoned_Cathedral/Master_Material/M_glass.uexp" 629
"C:/Users/2101501/Documents/GitHub/PenGwyn-Honours-Project/PenGwyn/Content/Abandoned_Cathedral/Assets/window_3/Texture/T_glass_02_ORM.ubulk" 630
"C:/Users/2101501/Documents/GitHub/PenGwyn-Honours-Project/PenGwyn/Content/Abandoned_Cathedral/Assets/window_3/Texture/T_glass_02_ORM.uasset" 631
"C:/Users/2101501/Documents/GitHub/PenGwyn-Honours-Project/PenGwyn/Content/Abandoned_Cathedral/Assets/window_3/Texture/T_glass_02_ORM.uexp" 632
"C:/Users/2101501/Documents/GitHub/PenGwyn-Honours-Project/PenGwyn/Content/Abandoned_Cathedral/Assets/window_3/Texture/T_glass_02_N.ubulk" 633
"C:/Users/2101501/Documents/GitHub/PenGwyn-Honours-Project/PenGwyn/Content/Abandoned_Cathedral/Assets/window_3/Texture/T_glass_02_N.uasset" 634
"C:/Users/2101501/Documents/GitHub/PenGwyn-Honours-Project/PenGwyn/Content/Abandoned_Cathedral/Assets/window_3/Texture/T_glass_02_N.uexp" 635
"C:/Users/2101501/Documents/GitHub/PenGwyn-Honours-Project/PenGwyn/Content/Abandoned_Cathedral/Assets/window_3/Texture/T_glass_02_BC.ubulk" 636
"C:/Users/2101501/Documents/GitHub/PenGwyn-Honours-Project/PenGwyn/Content/Abandoned_Cathedral/Assets/window_3/Texture/T_glass_02_BC.uasset" 637
"C:/Users/2101501/Documents/GitHub/PenGwyn-Honours-Project/PenGwyn/Content/Abandoned_Cathedral/Assets/window_3/Texture/T_glass_02_BC.uexp" 638
"C:/Users/2101501/Documents/GitHub/PenGwyn-Honours-Project/PenGwyn/Content/Abandoned_Cathedral/Assets/window_3/Material_Instance/MI_glass_Window_3.uasset" 639
"C:/Users/2101501/Documents/GitHub/PenGwyn-Honours-Project/PenGwyn/Content/Abandoned_Cathedral/Assets/window_3/Material_Instance/MI_glass_Window_3.uexp" 640
"C:/Users/2101501/Documents/GitHub/PenGwyn-Honours-Project/PenGwyn/Content/Abandoned_Cathedral/Assets/window_3/Static_Mesh/SM_window_3_glass.ubulk" 641
"C:/Users/2101501/Documents/GitHub/PenGwyn-Honours-Project/PenGwyn/Content/Abandoned_Cathedral/Assets/window_3/Static_Mesh/SM_window_3_glass.uasset" 642
"C:/Users/2101501/Documents/GitHub/PenGwyn-Honours-Project/PenGwyn/Content/Abandoned_Cathedral/Assets/window_3/Static_Mesh/SM_window_3_glass.uexp" 643
"../../../Engine/Content/Functions/Engine_MaterialFunctions02/Texturing/CustomRotator.uasset" 644
"../../../Engine/Content/Functions/Engine_MaterialFunctions02/Texturing/CustomRotator.uexp" 645
"../../../Engine/Content/Functions/Engine_MaterialFunctions02/WorldPositionOffset/V2/ObjectScale.uasset" 646
"../../../Engine/Content/Functions/Engine_MaterialFunctions02/WorldPositionOffset/V2/ObjectScale.uexp" 647
"C:/Users/2101501/Documents/GitHub/PenGwyn-Honours-Project/PenGwyn/Content/Abandoned_Cathedral/Assets/arch_1-2/Texture/T_arch_1_DefaultMaterial_BC.ubulk" 648
"C:/Users/2101501/Documents/GitHub/PenGwyn-Honours-Project/PenGwyn/Content/Abandoned_Cathedral/Assets/arch_1-2/Texture/T_arch_1_DefaultMaterial_BC.uasset" 649
"C:/Users/2101501/Documents/GitHub/PenGwyn-Honours-Project/PenGwyn/Content/Abandoned_Cathedral/Assets/arch_1-2/Texture/T_arch_1_DefaultMaterial_BC.uexp" 650
"C:/Users/2101501/Documents/GitHub/PenGwyn-Honours-Project/PenGwyn/Content/Abandoned_Cathedral/Assets/arch_1-2/Texture/T_arch_1_DefaultMaterial_N.ubulk" 651
"C:/Users/2101501/Documents/GitHub/PenGwyn-Honours-Project/PenGwyn/Content/Abandoned_Cathedral/Assets/arch_1-2/Texture/T_arch_1_DefaultMaterial_N.uasset" 652
"C:/Users/2101501/Documents/GitHub/PenGwyn-Honours-Project/PenGwyn/Content/Abandoned_Cathedral/Assets/arch_1-2/Texture/T_arch_1_DefaultMaterial_N.uexp" 653
"C:/Users/2101501/Documents/GitHub/PenGwyn-Honours-Project/PenGwyn/Content/Abandoned_Cathedral/Assets/arch_1-2/Texture/T_arch_1_DefaultMaterial_ORM.ubulk" 654
"C:/Users/2101501/Documents/GitHub/PenGwyn-Honours-Project/PenGwyn/Content/Abandoned_Cathedral/Assets/arch_1-2/Texture/T_arch_1_DefaultMaterial_ORM.uasset" 655
"C:/Users/2101501/Documents/GitHub/PenGwyn-Honours-Project/PenGwyn/Content/Abandoned_Cathedral/Assets/arch_1-2/Texture/T_arch_1_DefaultMaterial_ORM.uexp" 656
"C:/Users/2101501/Documents/GitHub/PenGwyn-Honours-Project/PenGwyn/Content/Abandoned_Cathedral/Master_Material/texture/T_Detail_Normal.ubulk" 657
"C:/Users/2101501/Documents/GitHub/PenGwyn-Honours-Project/PenGwyn/Content/Abandoned_Cathedral/Master_Material/texture/T_Detail_Normal.uasset" 658
"C:/Users/2101501/Documents/GitHub/PenGwyn-Honours-Project/PenGwyn/Content/Abandoned_Cathedral/Master_Material/texture/T_Detail_Normal.uexp" 659
"C:/Users/2101501/Documents/GitHub/PenGwyn-Honours-Project/PenGwyn/Content/Abandoned_Cathedral/Master_Material/Material_Function/MF_Normal_Tiling_1.uasset" 660
"C:/Users/2101501/Documents/GitHub/PenGwyn-Honours-Project/PenGwyn/Content/Abandoned_Cathedral/Master_Material/Material_Function/MF_Normal_Tiling_1.uexp" 661
"C:/Users/2101501/Documents/GitHub/PenGwyn-Honours-Project/PenGwyn/Content/Abandoned_Cathedral/Master_Material/Material_Function/MF_Normal_Tiling_2.uasset" 662
"C:/Users/2101501/Documents/GitHub/PenGwyn-Honours-Project/PenGwyn/Content/Abandoned_Cathedral/Master_Material/Material_Function/MF_Normal_Tiling_2.uexp" 663
"C:/Users/2101501/Documents/GitHub/PenGwyn-Honours-Project/PenGwyn/Content/Abandoned_Cathedral/Master_Material/M_Master.uasset" 664
"C:/Users/2101501/Documents/GitHub/PenGwyn-Honours-Project/PenGwyn/Content/Abandoned_Cathedral/Master_Material/M_Master.uexp" 665
"C:/Users/2101501/Documents/GitHub/PenGwyn-Honours-Project/PenGwyn/Content/Abandoned_Cathedral/Assets/window_3/Texture/T_window_3_2_DefaultMaterial_ORM.ubulk" 666
"C:/Users/2101501/Documents/GitHub/PenGwyn-Honours-Project/PenGwyn/Content/Abandoned_Cathedral/Assets/window_3/Texture/T_window_3_2_DefaultMaterial_ORM.uasset" 667
"C:/Users/2101501/Documents/GitHub/PenGwyn-Honours-Project/PenGwyn/Content/Abandoned_Cathedral/Assets/window_3/Texture/T_window_3_2_DefaultMaterial_ORM.uexp" 668
"C:/Users/2101501/Documents/GitHub/PenGwyn-Honours-Project/PenGwyn/Content/Abandoned_Cathedral/Assets/window_3/Texture/T_window_3_2_DefaultMaterial_N.ubulk" 669
"C:/Users/2101501/Documents/GitHub/PenGwyn-Honours-Project/PenGwyn/Content/Abandoned_Cathedral/Assets/window_3/Texture/T_window_3_2_DefaultMaterial_N.uasset" 670
"C:/Users/2101501/Documents/GitHub/PenGwyn-Honours-Project/PenGwyn/Content/Abandoned_Cathedral/Assets/window_3/Texture/T_window_3_2_DefaultMaterial_N.uexp" 671
"C:/Users/2101501/Documents/GitHub/PenGwyn-Honours-Project/PenGwyn/Content/Abandoned_Cathedral/Assets/window_3/Texture/T_window_3_2_DefaultMaterial_BC.ubulk" 672
"C:/Users/2101501/Documents/GitHub/PenGwyn-Honours-Project/PenGwyn/Content/Abandoned_Cathedral/Assets/window_3/Texture/T_window_3_2_DefaultMaterial_BC.uasset" 673
"C:/Users/2101501/Documents/GitHub/PenGwyn-Honours-Project/PenGwyn/Content/Abandoned_Cathedral/Assets/window_3/Texture/T_window_3_2_DefaultMaterial_BC.uexp" 674
"C:/Users/2101501/Documents/GitHub/PenGwyn-Honours-Project/PenGwyn/Content/Abandoned_Cathedral/Assets/window_3/Material_Instance/MI_window_3_M1.uasset" 675
"C:/Users/2101501/Documents/GitHub/PenGwyn-Honours-Project/PenGwyn/Content/Abandoned_Cathedral/Assets/window_3/Material_Instance/MI_window_3_M1.uexp" 676
"C:/Users/2101501/Documents/GitHub/PenGwyn-Honours-Project/PenGwyn/Content/Abandoned_Cathedral/Assets/window_3/Texture/T_window_3_DefaultMaterial_ORM.ubulk" 677
"C:/Users/2101501/Documents/GitHub/PenGwyn-Honours-Project/PenGwyn/Content/Abandoned_Cathedral/Assets/window_3/Texture/T_window_3_DefaultMaterial_ORM.uasset" 678
"C:/Users/2101501/Documents/GitHub/PenGwyn-Honours-Project/PenGwyn/Content/Abandoned_Cathedral/Assets/window_3/Texture/T_window_3_DefaultMaterial_ORM.uexp" 679
"C:/Users/2101501/Documents/GitHub/PenGwyn-Honours-Project/PenGwyn/Content/Abandoned_Cathedral/Assets/window_3/Texture/T_window_3_DefaultMaterial_N.ubulk" 680
"C:/Users/2101501/Documents/GitHub/PenGwyn-Honours-Project/PenGwyn/Content/Abandoned_Cathedral/Assets/window_3/Texture/T_window_3_DefaultMaterial_N.uasset" 681
"C:/Users/2101501/Documents/GitHub/PenGwyn-Honours-Project/PenGwyn/Content/Abandoned_Cathedral/Assets/window_3/Texture/T_window_3_DefaultMaterial_N.uexp" 682
"C:/Users/2101501/Documents/GitHub/PenGwyn-Honours-Project/PenGwyn/Content/Abandoned_Cathedral/Assets/window_3/Texture/T_window_3_DefaultMaterial_BC.ubulk" 683
"C:/Users/2101501/Documents/GitHub/PenGwyn-Honours-Project/PenGwyn/Content/Abandoned_Cathedral/Assets/window_3/Texture/T_window_3_DefaultMaterial_BC.uasset" 684
"C:/Users/2101501/Documents/GitHub/PenGwyn-Honours-Project/PenGwyn/Content/Abandoned_Cathedral/Assets/window_3/Texture/T_window_3_DefaultMaterial_BC.uexp" 685
"C:/Users/2101501/Documents/GitHub/PenGwyn-Honours-Project/PenGwyn/Content/Abandoned_Cathedral/Assets/window_3/Material_Instance/MI_window_3_M2.uasset" 686
"C:/Users/2101501/Documents/GitHub/PenGwyn-Honours-Project/PenGwyn/Content/Abandoned_Cathedral/Assets/window_3/Material_Instance/MI_window_3_M2.uexp" 687
"C:/Users/2101501/Documents/GitHub/PenGwyn-Honours-Project/PenGwyn/Content/Abandoned_Cathedral/Assets/window_3/Static_Mesh/SM_window_3_.ubulk" 688
"C:/Users/2101501/Documents/GitHub/PenGwyn-Honours-Project/PenGwyn/Content/Abandoned_Cathedral/Assets/window_3/Static_Mesh/SM_window_3_.uasset" 689
"C:/Users/2101501/Documents/GitHub/PenGwyn-Honours-Project/PenGwyn/Content/Abandoned_Cathedral/Assets/window_3/Static_Mesh/SM_window_3_.uexp" 690
"C:/Users/2101501/Documents/GitHub/PenGwyn-Honours-Project/PenGwyn/Content/Abandoned_Cathedral/Assets/wall_9/Texture/T_wall_8-9_wall_9_ORM.ubulk" 691
"C:/Users/2101501/Documents/GitHub/PenGwyn-Honours-Project/PenGwyn/Content/Abandoned_Cathedral/Assets/wall_9/Texture/T_wall_8-9_wall_9_ORM.uasset" 692
"C:/Users/2101501/Documents/GitHub/PenGwyn-Honours-Project/PenGwyn/Content/Abandoned_Cathedral/Assets/wall_9/Texture/T_wall_8-9_wall_9_ORM.uexp" 693
"C:/Users/2101501/Documents/GitHub/PenGwyn-Honours-Project/PenGwyn/Content/Abandoned_Cathedral/Assets/wall_9/Texture/T_wall_8-9_wall_9_N.ubulk" 694
"C:/Users/2101501/Documents/GitHub/PenGwyn-Honours-Project/PenGwyn/Content/Abandoned_Cathedral/Assets/wall_9/Texture/T_wall_8-9_wall_9_N.uasset" 695
"C:/Users/2101501/Documents/GitHub/PenGwyn-Honours-Project/PenGwyn/Content/Abandoned_Cathedral/Assets/wall_9/Texture/T_wall_8-9_wall_9_N.uexp" 696
"C:/Users/2101501/Documents/GitHub/PenGwyn-Honours-Project/PenGwyn/Content/Abandoned_Cathedral/Assets/wall_9/Texture/T_wall_8-9_wall_9_BC.ubulk" 697
"C:/Users/2101501/Documents/GitHub/PenGwyn-Honours-Project/PenGwyn/Content/Abandoned_Cathedral/Assets/wall_9/Texture/T_wall_8-9_wall_9_BC.uasset" 698
"C:/Users/2101501/Documents/GitHub/PenGwyn-Honours-Project/PenGwyn/Content/Abandoned_Cathedral/Assets/wall_9/Texture/T_wall_8-9_wall_9_BC.uexp" 699
"C:/Users/2101501/Documents/GitHub/PenGwyn-Honours-Project/PenGwyn/Content/Abandoned_Cathedral/Assets/wall_9/Material_Instance/MI_wall_9.uasset" 700
"C:/Users/2101501/Documents/GitHub/PenGwyn-Honours-Project/PenGwyn/Content/Abandoned_Cathedral/Assets/wall_9/Material_Instance/MI_wall_9.uexp" 701
"C:/Users/2101501/Documents/GitHub/PenGwyn-Honours-Project/PenGwyn/Content/Abandoned_Cathedral/Assets/wall_9/Static_Mesh/SM_wall_9.ubulk" 702
"C:/Users/2101501/Documents/GitHub/PenGwyn-Honours-Project/PenGwyn/Content/Abandoned_Cathedral/Assets/wall_9/Static_Mesh/SM_wall_9.uasset" 703
"C:/Users/2101501/Documents/GitHub/PenGwyn-Honours-Project/PenGwyn/Content/Abandoned_Cathedral/Assets/wall_9/Static_Mesh/SM_wall_9.uexp" 704
"C:/Users/2101501/Documents/GitHub/PenGwyn-Honours-Project/PenGwyn/Content/Abandoned_Cathedral/Assets/wall_2/Texture/T_wall_2_brick_1_001_ORM.ubulk" 705
"C:/Users/2101501/Documents/GitHub/PenGwyn-Honours-Project/PenGwyn/Content/Abandoned_Cathedral/Assets/wall_2/Texture/T_wall_2_brick_1_001_ORM.uasset" 706
"C:/Users/2101501/Documents/GitHub/PenGwyn-Honours-Project/PenGwyn/Content/Abandoned_Cathedral/Assets/wall_2/Texture/T_wall_2_brick_1_001_ORM.uexp" 707
"C:/Users/2101501/Documents/GitHub/PenGwyn-Honours-Project/PenGwyn/Content/Abandoned_Cathedral/Assets/wall_2/Texture/T_wall_2_brick_1_001_N.ubulk" 708
"C:/Users/2101501/Documents/GitHub/PenGwyn-Honours-Project/PenGwyn/Content/Abandoned_Cathedral/Assets/wall_2/Texture/T_wall_2_brick_1_001_N.uasset" 709
"C:/Users/2101501/Documents/GitHub/PenGwyn-Honours-Project/PenGwyn/Content/Abandoned_Cathedral/Assets/wall_2/Texture/T_wall_2_brick_1_001_N.uexp" 710
"C:/Users/2101501/Documents/GitHub/PenGwyn-Honours-Project/PenGwyn/Content/Abandoned_Cathedral/Assets/wall_2/Texture/T_wall_2_brick_1_001_BC.ubulk" 711
"C:/Users/2101501/Documents/GitHub/PenGwyn-Honours-Project/PenGwyn/Content/Abandoned_Cathedral/Assets/wall_2/Texture/T_wall_2_brick_1_001_BC.uasset" 712
"C:/Users/2101501/Documents/GitHub/PenGwyn-Honours-Project/PenGwyn/Content/Abandoned_Cathedral/Assets/wall_2/Texture/T_wall_2_brick_1_001_BC.uexp" 713
"C:/Users/2101501/Documents/GitHub/PenGwyn-Honours-Project/PenGwyn/Content/Abandoned_Cathedral/Assets/wall_2/Material_Instance/MI_wall_2.uasset" 714
"C:/Users/2101501/Documents/GitHub/PenGwyn-Honours-Project/PenGwyn/Content/Abandoned_Cathedral/Assets/wall_2/Material_Instance/MI_wall_2.uexp" 715
"C:/Users/2101501/Documents/GitHub/PenGwyn-Honours-Project/PenGwyn/Content/Abandoned_Cathedral/Assets/wall_2/Static_Mesh/SM_wall_2.ubulk" 716
"C:/Users/2101501/Documents/GitHub/PenGwyn-Honours-Project/PenGwyn/Content/Abandoned_Cathedral/Assets/wall_2/Static_Mesh/SM_wall_2.uasset" 717
"C:/Users/2101501/Documents/GitHub/PenGwyn-Honours-Project/PenGwyn/Content/Abandoned_Cathedral/Assets/wall_2/Static_Mesh/SM_wall_2.uexp" 718
"C:/Users/2101501/Documents/GitHub/PenGwyn-Honours-Project/PenGwyn/Content/Abandoned_Cathedral/Assets/wall_10_11_12/Static_Mesh/SM_wall_10.ubulk" 719
"C:/Users/2101501/Documents/GitHub/PenGwyn-Honours-Project/PenGwyn/Content/Abandoned_Cathedral/Assets/wall_10_11_12/Static_Mesh/SM_wall_10.uasset" 720
"C:/Users/2101501/Documents/GitHub/PenGwyn-Honours-Project/PenGwyn/Content/Abandoned_Cathedral/Assets/wall_10_11_12/Static_Mesh/SM_wall_10.uexp" 721
"C:/Users/2101501/Documents/GitHub/PenGwyn-Honours-Project/PenGwyn/Content/Abandoned_Cathedral/Assets/Wall_1/Texture/T_wall_1_DefaultMaterial_ORM.ubulk" 722
"C:/Users/2101501/Documents/GitHub/PenGwyn-Honours-Project/PenGwyn/Content/Abandoned_Cathedral/Assets/Wall_1/Texture/T_wall_1_DefaultMaterial_ORM.uasset" 723
"C:/Users/2101501/Documents/GitHub/PenGwyn-Honours-Project/PenGwyn/Content/Abandoned_Cathedral/Assets/Wall_1/Texture/T_wall_1_DefaultMaterial_ORM.uexp" 724
"C:/Users/2101501/Documents/GitHub/PenGwyn-Honours-Project/PenGwyn/Content/Abandoned_Cathedral/Assets/Wall_1/Texture/T_wall_1_DefaultMaterial_N.ubulk" 725
"C:/Users/2101501/Documents/GitHub/PenGwyn-Honours-Project/PenGwyn/Content/Abandoned_Cathedral/Assets/Wall_1/Texture/T_wall_1_DefaultMaterial_N.uasset" 726
"C:/Users/2101501/Documents/GitHub/PenGwyn-Honours-Project/PenGwyn/Content/Abandoned_Cathedral/Assets/Wall_1/Texture/T_wall_1_DefaultMaterial_N.uexp" 727
"C:/Users/2101501/Documents/GitHub/PenGwyn-Honours-Project/PenGwyn/Content/Abandoned_Cathedral/Assets/Wall_1/Texture/T_wall_1_DefaultMaterial_BC.ubulk" 728
"C:/Users/2101501/Documents/GitHub/PenGwyn-Honours-Project/PenGwyn/Content/Abandoned_Cathedral/Assets/Wall_1/Texture/T_wall_1_DefaultMaterial_BC.uasset" 729
"C:/Users/2101501/Documents/GitHub/PenGwyn-Honours-Project/PenGwyn/Content/Abandoned_Cathedral/Assets/Wall_1/Texture/T_wall_1_DefaultMaterial_BC.uexp" 730
"C:/Users/2101501/Documents/GitHub/PenGwyn-Honours-Project/PenGwyn/Content/Abandoned_Cathedral/Assets/Wall_1/Material_Instance/MI_wall_1.uasset" 731
"C:/Users/2101501/Documents/GitHub/PenGwyn-Honours-Project/PenGwyn/Content/Abandoned_Cathedral/Assets/Wall_1/Material_Instance/MI_wall_1.uexp" 732
"C:/Users/2101501/Documents/GitHub/PenGwyn-Honours-Project/PenGwyn/Content/Abandoned_Cathedral/Assets/Wall_1/Static_Mesh/SM_wall_1.ubulk" 733
"C:/Users/2101501/Documents/GitHub/PenGwyn-Honours-Project/PenGwyn/Content/Abandoned_Cathedral/Assets/Wall_1/Static_Mesh/SM_wall_1.uasset" 734
"C:/Users/2101501/Documents/GitHub/PenGwyn-Honours-Project/PenGwyn/Content/Abandoned_Cathedral/Assets/Wall_1/Static_Mesh/SM_wall_1.uexp" 735
"C:/Users/2101501/Documents/GitHub/PenGwyn-Honours-Project/PenGwyn/Content/Abandoned_Cathedral/Assets/tower_decors/Texture/T_tower_decors_DefaultMaterial_ORM.ubulk" 736
"C:/Users/2101501/Documents/GitHub/PenGwyn-Honours-Project/PenGwyn/Content/Abandoned_Cathedral/Assets/tower_decors/Texture/T_tower_decors_DefaultMaterial_ORM.uasset" 737
"C:/Users/2101501/Documents/GitHub/PenGwyn-Honours-Project/PenGwyn/Content/Abandoned_Cathedral/Assets/tower_decors/Texture/T_tower_decors_DefaultMaterial_ORM.uexp" 738
"C:/Users/2101501/Documents/GitHub/PenGwyn-Honours-Project/PenGwyn/Content/Abandoned_Cathedral/Assets/tower_decors/Texture/T_tower_decors_DefaultMaterial_N.ubulk" 739
"C:/Users/2101501/Documents/GitHub/PenGwyn-Honours-Project/PenGwyn/Content/Abandoned_Cathedral/Assets/tower_decors/Texture/T_tower_decors_DefaultMaterial_N.uasset" 740
"C:/Users/2101501/Documents/GitHub/PenGwyn-Honours-Project/PenGwyn/Content/Abandoned_Cathedral/Assets/tower_decors/Texture/T_tower_decors_DefaultMaterial_N.uexp" 741
"C:/Users/2101501/Documents/GitHub/PenGwyn-Honours-Project/PenGwyn/Content/Abandoned_Cathedral/Assets/tower_decors/Texture/T_tower_decors_DefaultMaterial_BC.ubulk" 742
"C:/Users/2101501/Documents/GitHub/PenGwyn-Honours-Project/PenGwyn/Content/Abandoned_Cathedral/Assets/tower_decors/Texture/T_tower_decors_DefaultMaterial_BC.uasset" 743
"C:/Users/2101501/Documents/GitHub/PenGwyn-Honours-Project/PenGwyn/Content/Abandoned_Cathedral/Assets/tower_decors/Texture/T_tower_decors_DefaultMaterial_BC.uexp" 744
"C:/Users/2101501/Documents/GitHub/PenGwyn-Honours-Project/PenGwyn/Content/Abandoned_Cathedral/Assets/tower_decors/Material_Instance/MI_tower_decors.uasset" 745
"C:/Users/2101501/Documents/GitHub/PenGwyn-Honours-Project/PenGwyn/Content/Abandoned_Cathedral/Assets/tower_decors/Material_Instance/MI_tower_decors.uexp" 746
"C:/Users/2101501/Documents/GitHub/PenGwyn-Honours-Project/PenGwyn/Content/Abandoned_Cathedral/Assets/tower_decors/Static_Mesh/SM_tower_decors_3.ubulk" 747
"C:/Users/2101501/Documents/GitHub/PenGwyn-Honours-Project/PenGwyn/Content/Abandoned_Cathedral/Assets/tower_decors/Static_Mesh/SM_tower_decors_3.uasset" 748
"C:/Users/2101501/Documents/GitHub/PenGwyn-Honours-Project/PenGwyn/Content/Abandoned_Cathedral/Assets/tower_decors/Static_Mesh/SM_tower_decors_3.uexp" 749
"C:/Users/2101501/Documents/GitHub/PenGwyn-Honours-Project/PenGwyn/Content/Abandoned_Cathedral/Assets/Tower_3/Texture/T_Chunk_1_Material_1_ORM.ubulk" 750
"C:/Users/2101501/Documents/GitHub/PenGwyn-Honours-Project/PenGwyn/Content/Abandoned_Cathedral/Assets/Tower_3/Texture/T_Chunk_1_Material_1_ORM.uasset" 751
"C:/Users/2101501/Documents/GitHub/PenGwyn-Honours-Project/PenGwyn/Content/Abandoned_Cathedral/Assets/Tower_3/Texture/T_Chunk_1_Material_1_ORM.uexp" 752
"C:/Users/2101501/Documents/GitHub/PenGwyn-Honours-Project/PenGwyn/Content/Abandoned_Cathedral/Assets/Tower_3/Texture/T_Chunk_1_Material_1_N.ubulk" 753
"C:/Users/2101501/Documents/GitHub/PenGwyn-Honours-Project/PenGwyn/Content/Abandoned_Cathedral/Assets/Tower_3/Texture/T_Chunk_1_Material_1_N.uasset" 754
"C:/Users/2101501/Documents/GitHub/PenGwyn-Honours-Project/PenGwyn/Content/Abandoned_Cathedral/Assets/Tower_3/Texture/T_Chunk_1_Material_1_N.uexp" 755
"C:/Users/2101501/Documents/GitHub/PenGwyn-Honours-Project/PenGwyn/Content/Abandoned_Cathedral/Assets/Tower_3/Texture/T_Chunk_1_Material_1_BC.ubulk" 756
"C:/Users/2101501/Documents/GitHub/PenGwyn-Honours-Project/PenGwyn/Content/Abandoned_Cathedral/Assets/Tower_3/Texture/T_Chunk_1_Material_1_BC.uasset" 757
"C:/Users/2101501/Documents/GitHub/PenGwyn-Honours-Project/PenGwyn/Content/Abandoned_Cathedral/Assets/Tower_3/Texture/T_Chunk_1_Material_1_BC.uexp" 758
"C:/Users/2101501/Documents/GitHub/PenGwyn-Honours-Project/PenGwyn/Content/Abandoned_Cathedral/Assets/Tower_3/Material_Instance/MI_chunk_1_M1.uasset" 759
"C:/Users/2101501/Documents/GitHub/PenGwyn-Honours-Project/PenGwyn/Content/Abandoned_Cathedral/Assets/Tower_3/Material_Instance/MI_chunk_1_M1.uexp" 760
"C:/Users/2101501/Documents/GitHub/PenGwyn-Honours-Project/PenGwyn/Content/Abandoned_Cathedral/Assets/Tower_3/Texture/T_Chunk_1_Material_2_ORM.ubulk" 761
"C:/Users/2101501/Documents/GitHub/PenGwyn-Honours-Project/PenGwyn/Content/Abandoned_Cathedral/Assets/Tower_3/Texture/T_Chunk_1_Material_2_ORM.uasset" 762
"C:/Users/2101501/Documents/GitHub/PenGwyn-Honours-Project/PenGwyn/Content/Abandoned_Cathedral/Assets/Tower_3/Texture/T_Chunk_1_Material_2_ORM.uexp" 763
"C:/Users/2101501/Documents/GitHub/PenGwyn-Honours-Project/PenGwyn/Content/Abandoned_Cathedral/Assets/Tower_3/Texture/T_Chunk_1_Material_2_N.ubulk" 764
"C:/Users/2101501/Documents/GitHub/PenGwyn-Honours-Project/PenGwyn/Content/Abandoned_Cathedral/Assets/Tower_3/Texture/T_Chunk_1_Material_2_N.uasset" 765
"C:/Users/2101501/Documents/GitHub/PenGwyn-Honours-Project/PenGwyn/Content/Abandoned_Cathedral/Assets/Tower_3/Texture/T_Chunk_1_Material_2_N.uexp" 766
"C:/Users/2101501/Documents/GitHub/PenGwyn-Honours-Project/PenGwyn/Content/Abandoned_Cathedral/Assets/Tower_3/Texture/T_Chunk_1_Material_2_BC.ubulk" 767
"C:/Users/2101501/Documents/GitHub/PenGwyn-Honours-Project/PenGwyn/Content/Abandoned_Cathedral/Assets/Tower_3/Texture/T_Chunk_1_Material_2_BC.uasset" 768
"C:/Users/2101501/Documents/GitHub/PenGwyn-Honours-Project/PenGwyn/Content/Abandoned_Cathedral/Assets/Tower_3/Texture/T_Chunk_1_Material_2_BC.uexp" 769
"C:/Users/2101501/Documents/GitHub/PenGwyn-Honours-Project/PenGwyn/Content/Abandoned_Cathedral/Assets/Tower_3/Material_Instance/MI_chunk_1_M2.uasset" 770
"C:/Users/2101501/Documents/GitHub/PenGwyn-Honours-Project/PenGwyn/Content/Abandoned_Cathedral/Assets/Tower_3/Material_Instance/MI_chunk_1_M2.uexp" 771
"C:/Users/2101501/Documents/GitHub/PenGwyn-Honours-Project/PenGwyn/Content/Abandoned_Cathedral/Assets/Tower_3/Texture/T_Chunk_1_Material_ORM.ubulk" 772
"C:/Users/2101501/Documents/GitHub/PenGwyn-Honours-Project/PenGwyn/Content/Abandoned_Cathedral/Assets/Tower_3/Texture/T_Chunk_1_Material_ORM.uasset" 773
"C:/Users/2101501/Documents/GitHub/PenGwyn-Honours-Project/PenGwyn/Content/Abandoned_Cathedral/Assets/Tower_3/Texture/T_Chunk_1_Material_ORM.uexp" 774
"C:/Users/2101501/Documents/GitHub/PenGwyn-Honours-Project/PenGwyn/Content/Abandoned_Cathedral/Assets/Tower_3/Texture/T_Chunk_1_Material_N.ubulk" 775
"C:/Users/2101501/Documents/GitHub/PenGwyn-Honours-Project/PenGwyn/Content/Abandoned_Cathedral/Assets/Tower_3/Texture/T_Chunk_1_Material_N.uasset" 776
"C:/Users/2101501/Documents/GitHub/PenGwyn-Honours-Project/PenGwyn/Content/Abandoned_Cathedral/Assets/Tower_3/Texture/T_Chunk_1_Material_N.uexp" 777
"C:/Users/2101501/Documents/GitHub/PenGwyn-Honours-Project/PenGwyn/Content/Abandoned_Cathedral/Assets/Tower_3/Texture/T_Chunk_1_Material_BC.ubulk" 778
"C:/Users/2101501/Documents/GitHub/PenGwyn-Honours-Project/PenGwyn/Content/Abandoned_Cathedral/Assets/Tower_3/Texture/T_Chunk_1_Material_BC.uasset" 779
"C:/Users/2101501/Documents/GitHub/PenGwyn-Honours-Project/PenGwyn/Content/Abandoned_Cathedral/Assets/Tower_3/Texture/T_Chunk_1_Material_BC.uexp" 780
"C:/Users/2101501/Documents/GitHub/PenGwyn-Honours-Project/PenGwyn/Content/Abandoned_Cathedral/Assets/Tower_3/Material_Instance/MI_chunk_1_M3.uasset" 781
"C:/Users/2101501/Documents/GitHub/PenGwyn-Honours-Project/PenGwyn/Content/Abandoned_Cathedral/Assets/Tower_3/Material_Instance/MI_chunk_1_M3.uexp" 782
"C:/Users/2101501/Documents/GitHub/PenGwyn-Honours-Project/PenGwyn/Content/Abandoned_Cathedral/Assets/Tower_3/Static_Mesh/SM_tower_3.ubulk" 783
"C:/Users/2101501/Documents/GitHub/PenGwyn-Honours-Project/PenGwyn/Content/Abandoned_Cathedral/Assets/Tower_3/Static_Mesh/SM_tower_3.uasset" 784
"C:/Users/2101501/Documents/GitHub/PenGwyn-Honours-Project/PenGwyn/Content/Abandoned_Cathedral/Assets/Tower_3/Static_Mesh/SM_tower_3.uexp" 785
"C:/Users/2101501/Documents/GitHub/PenGwyn-Honours-Project/PenGwyn/Content/Abandoned_Cathedral/Assets/door_frame_1/Texture/T_statue_4-7_DefaultMaterial_ORM.ubulk" 786
"C:/Users/2101501/Documents/GitHub/PenGwyn-Honours-Project/PenGwyn/Content/Abandoned_Cathedral/Assets/door_frame_1/Texture/T_statue_4-7_DefaultMaterial_ORM.uasset" 787
"C:/Users/2101501/Documents/GitHub/PenGwyn-Honours-Project/PenGwyn/Content/Abandoned_Cathedral/Assets/door_frame_1/Texture/T_statue_4-7_DefaultMaterial_ORM.uexp" 788
"C:/Users/2101501/Documents/GitHub/PenGwyn-Honours-Project/PenGwyn/Content/Abandoned_Cathedral/Assets/door_frame_1/Texture/T_statue_4-7_DefaultMaterial_N.ubulk" 789
"C:/Users/2101501/Documents/GitHub/PenGwyn-Honours-Project/PenGwyn/Content/Abandoned_Cathedral/Assets/door_frame_1/Texture/T_statue_4-7_DefaultMaterial_N.uasset" 790
"C:/Users/2101501/Documents/GitHub/PenGwyn-Honours-Project/PenGwyn/Content/Abandoned_Cathedral/Assets/door_frame_1/Texture/T_statue_4-7_DefaultMaterial_N.uexp" 791
"C:/Users/2101501/Documents/GitHub/PenGwyn-Honours-Project/PenGwyn/Content/Abandoned_Cathedral/Assets/door_frame_1/Texture/T_statue_4-7_DefaultMaterial_BC.ubulk" 792
"C:/Users/2101501/Documents/GitHub/PenGwyn-Honours-Project/PenGwyn/Content/Abandoned_Cathedral/Assets/door_frame_1/Texture/T_statue_4-7_DefaultMaterial_BC.uasset" 793
"C:/Users/2101501/Documents/GitHub/PenGwyn-Honours-Project/PenGwyn/Content/Abandoned_Cathedral/Assets/door_frame_1/Texture/T_statue_4-7_DefaultMaterial_BC.uexp" 794
"C:/Users/2101501/Documents/GitHub/PenGwyn-Honours-Project/PenGwyn/Content/Abandoned_Cathedral/Assets/door_frame_1/Material_Instance/MI_Door_frame_1_M6.uasset" 795
"C:/Users/2101501/Documents/GitHub/PenGwyn-Honours-Project/PenGwyn/Content/Abandoned_Cathedral/Assets/door_frame_1/Material_Instance/MI_Door_frame_1_M6.uexp" 796
"C:/Users/2101501/Documents/GitHub/PenGwyn-Honours-Project/PenGwyn/Content/Abandoned_Cathedral/Assets/Statue/Static_Mesh/SM_statue_6.ubulk" 797
"C:/Users/2101501/Documents/GitHub/PenGwyn-Honours-Project/PenGwyn/Content/Abandoned_Cathedral/Assets/Statue/Static_Mesh/SM_statue_6.uasset" 798
"C:/Users/2101501/Documents/GitHub/PenGwyn-Honours-Project/PenGwyn/Content/Abandoned_Cathedral/Assets/Statue/Static_Mesh/SM_statue_6.uexp" 799
"C:/Users/2101501/Documents/GitHub/PenGwyn-Honours-Project/PenGwyn/Content/Abandoned_Cathedral/Assets/Statue/Static_Mesh/SM_statue_5.ubulk" 800
"C:/Users/2101501/Documents/GitHub/PenGwyn-Honours-Project/PenGwyn/Content/Abandoned_Cathedral/Assets/Statue/Static_Mesh/SM_statue_5.uasset" 801
"C:/Users/2101501/Documents/GitHub/PenGwyn-Honours-Project/PenGwyn/Content/Abandoned_Cathedral/Assets/Statue/Static_Mesh/SM_statue_5.uexp" 802
"C:/Users/2101501/Documents/GitHub/PenGwyn-Honours-Project/PenGwyn/Content/Abandoned_Cathedral/Assets/door_frame_1/Texture/T_statue_1-3_DefaultMaterial_ORM.ubulk" 803
"C:/Users/2101501/Documents/GitHub/PenGwyn-Honours-Project/PenGwyn/Content/Abandoned_Cathedral/Assets/door_frame_1/Texture/T_statue_1-3_DefaultMaterial_ORM.uasset" 804
"C:/Users/2101501/Documents/GitHub/PenGwyn-Honours-Project/PenGwyn/Content/Abandoned_Cathedral/Assets/door_frame_1/Texture/T_statue_1-3_DefaultMaterial_ORM.uexp" 805
"C:/Users/2101501/Documents/GitHub/PenGwyn-Honours-Project/PenGwyn/Content/Abandoned_Cathedral/Assets/door_frame_1/Texture/T_statue_1-3_DefaultMaterial_N.ubulk" 806
"C:/Users/2101501/Documents/GitHub/PenGwyn-Honours-Project/PenGwyn/Content/Abandoned_Cathedral/Assets/door_frame_1/Texture/T_statue_1-3_DefaultMaterial_N.uasset" 807
"C:/Users/2101501/Documents/GitHub/PenGwyn-Honours-Project/PenGwyn/Content/Abandoned_Cathedral/Assets/door_frame_1/Texture/T_statue_1-3_DefaultMaterial_N.uexp" 808
"C:/Users/2101501/Documents/GitHub/PenGwyn-Honours-Project/PenGwyn/Content/Abandoned_Cathedral/Assets/door_frame_1/Texture/T_statue_1-3_DefaultMaterial_BC.ubulk" 809
"C:/Users/2101501/Documents/GitHub/PenGwyn-Honours-Project/PenGwyn/Content/Abandoned_Cathedral/Assets/door_frame_1/Texture/T_statue_1-3_DefaultMaterial_BC.uasset" 810
"C:/Users/2101501/Documents/GitHub/PenGwyn-Honours-Project/PenGwyn/Content/Abandoned_Cathedral/Assets/door_frame_1/Texture/T_statue_1-3_DefaultMaterial_BC.uexp" 811
"C:/Users/2101501/Documents/GitHub/PenGwyn-Honours-Project/PenGwyn/Content/Abandoned_Cathedral/Assets/door_frame_1/Material_Instance/MI_Door_frame_1_M5.uasset" 812
"C:/Users/2101501/Documents/GitHub/PenGwyn-Honours-Project/PenGwyn/Content/Abandoned_Cathedral/Assets/door_frame_1/Material_Instance/MI_Door_frame_1_M5.uexp" 813
"C:/Users/2101501/Documents/GitHub/PenGwyn-Honours-Project/PenGwyn/Content/Abandoned_Cathedral/Assets/Statue/Static_Mesh/SM_statue_4.ubulk" 814
"C:/Users/2101501/Documents/GitHub/PenGwyn-Honours-Project/PenGwyn/Content/Abandoned_Cathedral/Assets/Statue/Static_Mesh/SM_statue_4.uasset" 815
"C:/Users/2101501/Documents/GitHub/PenGwyn-Honours-Project/PenGwyn/Content/Abandoned_Cathedral/Assets/Statue/Static_Mesh/SM_statue_4.uexp" 816
"C:/Users/2101501/Documents/GitHub/PenGwyn-Honours-Project/PenGwyn/Content/Abandoned_Cathedral/Assets/Statue/Static_Mesh/SM_statue_3.ubulk" 817
"C:/Users/2101501/Documents/GitHub/PenGwyn-Honours-Project/PenGwyn/Content/Abandoned_Cathedral/Assets/Statue/Static_Mesh/SM_statue_3.uasset" 818
"C:/Users/2101501/Documents/GitHub/PenGwyn-Honours-Project/PenGwyn/Content/Abandoned_Cathedral/Assets/Statue/Static_Mesh/SM_statue_3.uexp" 819
"C:/Users/2101501/Documents/GitHub/PenGwyn-Honours-Project/PenGwyn/Content/Abandoned_Cathedral/Assets/Statue/Static_Mesh/SM_statue_1.ubulk" 820
"C:/Users/2101501/Documents/GitHub/PenGwyn-Honours-Project/PenGwyn/Content/Abandoned_Cathedral/Assets/Statue/Static_Mesh/SM_statue_1.uasset" 821
"C:/Users/2101501/Documents/GitHub/PenGwyn-Honours-Project/PenGwyn/Content/Abandoned_Cathedral/Assets/Statue/Static_Mesh/SM_statue_1.uexp" 822
"C:/Users/2101501/Documents/GitHub/PenGwyn-Honours-Project/PenGwyn/Content/Abandoned_Cathedral/Assets/stairs_3/Texture/T_stairs_3_stairs_3_B_ORM.ubulk" 823
"C:/Users/2101501/Documents/GitHub/PenGwyn-Honours-Project/PenGwyn/Content/Abandoned_Cathedral/Assets/stairs_3/Texture/T_stairs_3_stairs_3_B_ORM.uasset" 824
"C:/Users/2101501/Documents/GitHub/PenGwyn-Honours-Project/PenGwyn/Content/Abandoned_Cathedral/Assets/stairs_3/Texture/T_stairs_3_stairs_3_B_ORM.uexp" 825
"C:/Users/2101501/Documents/GitHub/PenGwyn-Honours-Project/PenGwyn/Content/Abandoned_Cathedral/Assets/stairs_3/Texture/T_stairs_3_stairs_3_B_N.ubulk" 826
"C:/Users/2101501/Documents/GitHub/PenGwyn-Honours-Project/PenGwyn/Content/Abandoned_Cathedral/Assets/stairs_3/Texture/T_stairs_3_stairs_3_B_N.uasset" 827
"C:/Users/2101501/Documents/GitHub/PenGwyn-Honours-Project/PenGwyn/Content/Abandoned_Cathedral/Assets/stairs_3/Texture/T_stairs_3_stairs_3_B_N.uexp" 828
"C:/Users/2101501/Documents/GitHub/PenGwyn-Honours-Project/PenGwyn/Content/Abandoned_Cathedral/Assets/stairs_3/Texture/T_stairs_3_stairs_3_B_BC.ubulk" 829
"C:/Users/2101501/Documents/GitHub/PenGwyn-Honours-Project/PenGwyn/Content/Abandoned_Cathedral/Assets/stairs_3/Texture/T_stairs_3_stairs_3_B_BC.uasset" 830
"C:/Users/2101501/Documents/GitHub/PenGwyn-Honours-Project/PenGwyn/Content/Abandoned_Cathedral/Assets/stairs_3/Texture/T_stairs_3_stairs_3_B_BC.uexp" 831
"C:/Users/2101501/Documents/GitHub/PenGwyn-Honours-Project/PenGwyn/Content/Abandoned_Cathedral/Assets/stairs_3/Material_Instance/MI_stairs_3_B.uasset" 832
"C:/Users/2101501/Documents/GitHub/PenGwyn-Honours-Project/PenGwyn/Content/Abandoned_Cathedral/Assets/stairs_3/Material_Instance/MI_stairs_3_B.uexp" 833
"C:/Users/2101501/Documents/GitHub/PenGwyn-Honours-Project/PenGwyn/Content/Abandoned_Cathedral/Assets/stairs_3/Static_Mesh/SM_wooden_stairs_3.ubulk" 834
"C:/Users/2101501/Documents/GitHub/PenGwyn-Honours-Project/PenGwyn/Content/Abandoned_Cathedral/Assets/stairs_3/Static_Mesh/SM_wooden_stairs_3.uasset" 835
"C:/Users/2101501/Documents/GitHub/PenGwyn-Honours-Project/PenGwyn/Content/Abandoned_Cathedral/Assets/stairs_3/Static_Mesh/SM_wooden_stairs_3.uexp" 836
"C:/Users/2101501/Documents/GitHub/PenGwyn-Honours-Project/PenGwyn/Content/Abandoned_Cathedral/Assets/stairs_3/Texture/T_stairs_3_stairs_3_A_ORM.ubulk" 837
"C:/Users/2101501/Documents/GitHub/PenGwyn-Honours-Project/PenGwyn/Content/Abandoned_Cathedral/Assets/stairs_3/Texture/T_stairs_3_stairs_3_A_ORM.uasset" 838
"C:/Users/2101501/Documents/GitHub/PenGwyn-Honours-Project/PenGwyn/Content/Abandoned_Cathedral/Assets/stairs_3/Texture/T_stairs_3_stairs_3_A_ORM.uexp" 839
"C:/Users/2101501/Documents/GitHub/PenGwyn-Honours-Project/PenGwyn/Content/Abandoned_Cathedral/Assets/stairs_3/Texture/T_stairs_3_stairs_3_A_N.ubulk" 840
"C:/Users/2101501/Documents/GitHub/PenGwyn-Honours-Project/PenGwyn/Content/Abandoned_Cathedral/Assets/stairs_3/Texture/T_stairs_3_stairs_3_A_N.uasset" 841
"C:/Users/2101501/Documents/GitHub/PenGwyn-Honours-Project/PenGwyn/Content/Abandoned_Cathedral/Assets/stairs_3/Texture/T_stairs_3_stairs_3_A_N.uexp" 842
"C:/Users/2101501/Documents/GitHub/PenGwyn-Honours-Project/PenGwyn/Content/Abandoned_Cathedral/Assets/stairs_3/Texture/T_stairs_3_stairs_3_A_BC.ubulk" 843
"C:/Users/2101501/Documents/GitHub/PenGwyn-Honours-Project/PenGwyn/Content/Abandoned_Cathedral/Assets/stairs_3/Texture/T_stairs_3_stairs_3_A_BC.uasset" 844
"C:/Users/2101501/Documents/GitHub/PenGwyn-Honours-Project/PenGwyn/Content/Abandoned_Cathedral/Assets/stairs_3/Texture/T_stairs_3_stairs_3_A_BC.uexp" 845
"C:/Users/2101501/Documents/GitHub/PenGwyn-Honours-Project/PenGwyn/Content/Abandoned_Cathedral/Assets/stairs_3/Material_Instance/MI_stairs_3_A.uasset" 846
"C:/Users/2101501/Documents/GitHub/PenGwyn-Honours-Project/PenGwyn/Content/Abandoned_Cathedral/Assets/stairs_3/Material_Instance/MI_stairs_3_A.uexp" 847
"C:/Users/2101501/Documents/GitHub/PenGwyn-Honours-Project/PenGwyn/Content/Abandoned_Cathedral/Assets/stairs_3/Static_Mesh/SM_wooden_handrail_1.ubulk" 848
"C:/Users/2101501/Documents/GitHub/PenGwyn-Honours-Project/PenGwyn/Content/Abandoned_Cathedral/Assets/stairs_3/Static_Mesh/SM_wooden_handrail_1.uasset" 849
"C:/Users/2101501/Documents/GitHub/PenGwyn-Honours-Project/PenGwyn/Content/Abandoned_Cathedral/Assets/stairs_3/Static_Mesh/SM_wooden_handrail_1.uexp" 850
"C:/Users/2101501/Documents/GitHub/PenGwyn-Honours-Project/PenGwyn/Content/Abandoned_Cathedral/Assets/stairs_3/Static_Mesh/SM_wooden_floor_1.ubulk" 851
"C:/Users/2101501/Documents/GitHub/PenGwyn-Honours-Project/PenGwyn/Content/Abandoned_Cathedral/Assets/stairs_3/Static_Mesh/SM_wooden_floor_1.uasset" 852
"C:/Users/2101501/Documents/GitHub/PenGwyn-Honours-Project/PenGwyn/Content/Abandoned_Cathedral/Assets/stairs_3/Static_Mesh/SM_wooden_floor_1.uexp" 853
"C:/Users/2101501/Documents/GitHub/PenGwyn-Honours-Project/PenGwyn/Content/Abandoned_Cathedral/Assets/skeleton/Texture/T_cage_2_DefaultMaterial_ORM.ubulk" 854
"C:/Users/2101501/Documents/GitHub/PenGwyn-Honours-Project/PenGwyn/Content/Abandoned_Cathedral/Assets/skeleton/Texture/T_cage_2_DefaultMaterial_ORM.uasset" 855
"C:/Users/2101501/Documents/GitHub/PenGwyn-Honours-Project/PenGwyn/Content/Abandoned_Cathedral/Assets/skeleton/Texture/T_cage_2_DefaultMaterial_ORM.uexp" 856
"C:/Users/2101501/Documents/GitHub/PenGwyn-Honours-Project/PenGwyn/Content/Abandoned_Cathedral/Assets/skeleton/Texture/T_cage_2_DefaultMaterial_N.ubulk" 857
"C:/Users/2101501/Documents/GitHub/PenGwyn-Honours-Project/PenGwyn/Content/Abandoned_Cathedral/Assets/skeleton/Texture/T_cage_2_DefaultMaterial_N.uasset" 858
"C:/Users/2101501/Documents/GitHub/PenGwyn-Honours-Project/PenGwyn/Content/Abandoned_Cathedral/Assets/skeleton/Texture/T_cage_2_DefaultMaterial_N.uexp" 859
"C:/Users/2101501/Documents/GitHub/PenGwyn-Honours-Project/PenGwyn/Content/Abandoned_Cathedral/Assets/skeleton/Texture/T_cage_2_DefaultMaterial_BC.ubulk" 860
"C:/Users/2101501/Documents/GitHub/PenGwyn-Honours-Project/PenGwyn/Content/Abandoned_Cathedral/Assets/skeleton/Texture/T_cage_2_DefaultMaterial_BC.uasset" 861
"C:/Users/2101501/Documents/GitHub/PenGwyn-Honours-Project/PenGwyn/Content/Abandoned_Cathedral/Assets/skeleton/Texture/T_cage_2_DefaultMaterial_BC.uexp" 862
"C:/Users/2101501/Documents/GitHub/PenGwyn-Honours-Project/PenGwyn/Content/Abandoned_Cathedral/Assets/skeleton/Material_Instance/MI_cage_2.uasset" 863
"C:/Users/2101501/Documents/GitHub/PenGwyn-Honours-Project/PenGwyn/Content/Abandoned_Cathedral/Assets/skeleton/Material_Instance/MI_cage_2.uexp" 864
"C:/Users/2101501/Documents/GitHub/PenGwyn-Honours-Project/PenGwyn/Content/Abandoned_Cathedral/Assets/skeleton/Texture/T_skeleton_1-2_skeleton_1-2_ORM.ubulk" 865
"C:/Users/2101501/Documents/GitHub/PenGwyn-Honours-Project/PenGwyn/Content/Abandoned_Cathedral/Assets/skeleton/Texture/T_skeleton_1-2_skeleton_1-2_ORM.uasset" 866
"C:/Users/2101501/Documents/GitHub/PenGwyn-Honours-Project/PenGwyn/Content/Abandoned_Cathedral/Assets/skeleton/Texture/T_skeleton_1-2_skeleton_1-2_ORM.uexp" 867
"C:/Users/2101501/Documents/GitHub/PenGwyn-Honours-Project/PenGwyn/Content/Abandoned_Cathedral/Assets/skeleton/Texture/T_skeleton_1-2_skeleton_1-2_N.ubulk" 868
"C:/Users/2101501/Documents/GitHub/PenGwyn-Honours-Project/PenGwyn/Content/Abandoned_Cathedral/Assets/skeleton/Texture/T_skeleton_1-2_skeleton_1-2_N.uasset" 869
"C:/Users/2101501/Documents/GitHub/PenGwyn-Honours-Project/PenGwyn/Content/Abandoned_Cathedral/Assets/skeleton/Texture/T_skeleton_1-2_skeleton_1-2_N.uexp" 870
"C:/Users/2101501/Documents/GitHub/PenGwyn-Honours-Project/PenGwyn/Content/Abandoned_Cathedral/Assets/skeleton/Texture/T_skeleton_1-2_skeleton_1-2_BC.ubulk" 871
"C:/Users/2101501/Documents/GitHub/PenGwyn-Honours-Project/PenGwyn/Content/Abandoned_Cathedral/Assets/skeleton/Texture/T_skeleton_1-2_skeleton_1-2_BC.uasset" 872
"C:/Users/2101501/Documents/GitHub/PenGwyn-Honours-Project/PenGwyn/Content/Abandoned_Cathedral/Assets/skeleton/Texture/T_skeleton_1-2_skeleton_1-2_BC.uexp" 873
"C:/Users/2101501/Documents/GitHub/PenGwyn-Honours-Project/PenGwyn/Content/Abandoned_Cathedral/Assets/skeleton/Material_Instance/MI_skeleton_1-2.uasset" 874
"C:/Users/2101501/Documents/GitHub/PenGwyn-Honours-Project/PenGwyn/Content/Abandoned_Cathedral/Assets/skeleton/Material_Instance/MI_skeleton_1-2.uexp" 875
"C:/Users/2101501/Documents/GitHub/PenGwyn-Honours-Project/PenGwyn/Content/Abandoned_Cathedral/Assets/skeleton/Static_Mesh/SM_skeleton_4.ubulk" 876
"C:/Users/2101501/Documents/GitHub/PenGwyn-Honours-Project/PenGwyn/Content/Abandoned_Cathedral/Assets/skeleton/Static_Mesh/SM_skeleton_4.uasset" 877
"C:/Users/2101501/Documents/GitHub/PenGwyn-Honours-Project/PenGwyn/Content/Abandoned_Cathedral/Assets/skeleton/Static_Mesh/SM_skeleton_4.uexp" 878
"C:/Users/2101501/Documents/GitHub/PenGwyn-Honours-Project/PenGwyn/Content/Abandoned_Cathedral/Assets/skeleton/Static_Mesh/SM_skeleton_3.ubulk" 879
"C:/Users/2101501/Documents/GitHub/PenGwyn-Honours-Project/PenGwyn/Content/Abandoned_Cathedral/Assets/skeleton/Static_Mesh/SM_skeleton_3.uasset" 880
"C:/Users/2101501/Documents/GitHub/PenGwyn-Honours-Project/PenGwyn/Content/Abandoned_Cathedral/Assets/skeleton/Static_Mesh/SM_skeleton_3.uexp" 881
"C:/Users/2101501/Documents/GitHub/PenGwyn-Honours-Project/PenGwyn/Content/Abandoned_Cathedral/Assets/skeleton/Texture/T_skeleton_1-2_cage_ORM.ubulk" 882
"C:/Users/2101501/Documents/GitHub/PenGwyn-Honours-Project/PenGwyn/Content/Abandoned_Cathedral/Assets/skeleton/Texture/T_skeleton_1-2_cage_ORM.uasset" 883
"C:/Users/2101501/Documents/GitHub/PenGwyn-Honours-Project/PenGwyn/Content/Abandoned_Cathedral/Assets/skeleton/Texture/T_skeleton_1-2_cage_ORM.uexp" 884
"C:/Users/2101501/Documents/GitHub/PenGwyn-Honours-Project/PenGwyn/Content/Abandoned_Cathedral/Assets/skeleton/Texture/T_skeleton_1-2_cage_N.ubulk" 885
"C:/Users/2101501/Documents/GitHub/PenGwyn-Honours-Project/PenGwyn/Content/Abandoned_Cathedral/Assets/skeleton/Texture/T_skeleton_1-2_cage_N.uasset" 886
"C:/Users/2101501/Documents/GitHub/PenGwyn-Honours-Project/PenGwyn/Content/Abandoned_Cathedral/Assets/skeleton/Texture/T_skeleton_1-2_cage_N.uexp" 887
"C:/Users/2101501/Documents/GitHub/PenGwyn-Honours-Project/PenGwyn/Content/Abandoned_Cathedral/Assets/skeleton/Texture/T_skeleton_1-2_cage_BC.ubulk" 888
"C:/Users/2101501/Documents/GitHub/PenGwyn-Honours-Project/PenGwyn/Content/Abandoned_Cathedral/Assets/skeleton/Texture/T_skeleton_1-2_cage_BC.uasset" 889
"C:/Users/2101501/Documents/GitHub/PenGwyn-Honours-Project/PenGwyn/Content/Abandoned_Cathedral/Assets/skeleton/Texture/T_skeleton_1-2_cage_BC.uexp" 890
"C:/Users/2101501/Documents/GitHub/PenGwyn-Honours-Project/PenGwyn/Content/Abandoned_Cathedral/Assets/skeleton/Material_Instance/MI_cage.uasset" 891
"C:/Users/2101501/Documents/GitHub/PenGwyn-Honours-Project/PenGwyn/Content/Abandoned_Cathedral/Assets/skeleton/Material_Instance/MI_cage.uexp" 892
"C:/Users/2101501/Documents/GitHub/PenGwyn-Honours-Project/PenGwyn/Content/Abandoned_Cathedral/Assets/skeleton/Static_Mesh/SM_skeleton_2.ubulk" 893
"C:/Users/2101501/Documents/GitHub/PenGwyn-Honours-Project/PenGwyn/Content/Abandoned_Cathedral/Assets/skeleton/Static_Mesh/SM_skeleton_2.uasset" 894
"C:/Users/2101501/Documents/GitHub/PenGwyn-Honours-Project/PenGwyn/Content/Abandoned_Cathedral/Assets/skeleton/Static_Mesh/SM_skeleton_2.uexp" 895
"C:/Users/2101501/Documents/GitHub/PenGwyn-Honours-Project/PenGwyn/Content/Abandoned_Cathedral/Assets/skeleton/Static_Mesh/SM_skeleton_1.ubulk" 896
"C:/Users/2101501/Documents/GitHub/PenGwyn-Honours-Project/PenGwyn/Content/Abandoned_Cathedral/Assets/skeleton/Static_Mesh/SM_skeleton_1.uasset" 897
"C:/Users/2101501/Documents/GitHub/PenGwyn-Honours-Project/PenGwyn/Content/Abandoned_Cathedral/Assets/skeleton/Static_Mesh/SM_skeleton_1.uexp" 898
"C:/Users/2101501/Documents/GitHub/PenGwyn-Honours-Project/PenGwyn/Content/Abandoned_Cathedral/Assets/forniture_5/Texture/T_forniture_5_DefaultMaterial_ORM.ubulk" 899
"C:/Users/2101501/Documents/GitHub/PenGwyn-Honours-Project/PenGwyn/Content/Abandoned_Cathedral/Assets/forniture_5/Texture/T_forniture_5_DefaultMaterial_ORM.uasset" 900
"C:/Users/2101501/Documents/GitHub/PenGwyn-Honours-Project/PenGwyn/Content/Abandoned_Cathedral/Assets/forniture_5/Texture/T_forniture_5_DefaultMaterial_ORM.uexp" 901
"C:/Users/2101501/Documents/GitHub/PenGwyn-Honours-Project/PenGwyn/Content/Abandoned_Cathedral/Assets/forniture_5/Texture/T_forniture_5_DefaultMaterial_N.ubulk" 902
"C:/Users/2101501/Documents/GitHub/PenGwyn-Honours-Project/PenGwyn/Content/Abandoned_Cathedral/Assets/forniture_5/Texture/T_forniture_5_DefaultMaterial_N.uasset" 903
"C:/Users/2101501/Documents/GitHub/PenGwyn-Honours-Project/PenGwyn/Content/Abandoned_Cathedral/Assets/forniture_5/Texture/T_forniture_5_DefaultMaterial_N.uexp" 904
"C:/Users/2101501/Documents/GitHub/PenGwyn-Honours-Project/PenGwyn/Content/Abandoned_Cathedral/Assets/forniture_5/Texture/T_forniture_5_DefaultMaterial_BC.ubulk" 905
"C:/Users/2101501/Documents/GitHub/PenGwyn-Honours-Project/PenGwyn/Content/Abandoned_Cathedral/Assets/forniture_5/Texture/T_forniture_5_DefaultMaterial_BC.uasset" 906
"C:/Users/2101501/Documents/GitHub/PenGwyn-Honours-Project/PenGwyn/Content/Abandoned_Cathedral/Assets/forniture_5/Texture/T_forniture_5_DefaultMaterial_BC.uexp" 907
"C:/Users/2101501/Documents/GitHub/PenGwyn-Honours-Project/PenGwyn/Content/Abandoned_Cathedral/Assets/forniture_5/Material_Instance/MI_forniture_5.uasset" 908
"C:/Users/2101501/Documents/GitHub/PenGwyn-Honours-Project/PenGwyn/Content/Abandoned_Cathedral/Assets/forniture_5/Material_Instance/MI_forniture_5.uexp" 909
"C:/Users/2101501/Documents/GitHub/PenGwyn-Honours-Project/PenGwyn/Content/Abandoned_Cathedral/Assets/forniture_5/Static_Mesh/SM_forniture_17.ubulk" 910
"C:/Users/2101501/Documents/GitHub/PenGwyn-Honours-Project/PenGwyn/Content/Abandoned_Cathedral/Assets/forniture_5/Static_Mesh/SM_forniture_17.uasset" 911
"C:/Users/2101501/Documents/GitHub/PenGwyn-Honours-Project/PenGwyn/Content/Abandoned_Cathedral/Assets/forniture_5/Static_Mesh/SM_forniture_17.uexp" 912
"C:/Users/2101501/Documents/GitHub/PenGwyn-Honours-Project/PenGwyn/Content/Abandoned_Cathedral/Assets/forniture_5/Static_Mesh/SM_forniture_16.ubulk" 913
"C:/Users/2101501/Documents/GitHub/PenGwyn-Honours-Project/PenGwyn/Content/Abandoned_Cathedral/Assets/forniture_5/Static_Mesh/SM_forniture_16.uasset" 914
"C:/Users/2101501/Documents/GitHub/PenGwyn-Honours-Project/PenGwyn/Content/Abandoned_Cathedral/Assets/forniture_5/Static_Mesh/SM_forniture_16.uexp" 915
"C:/Users/2101501/Documents/GitHub/PenGwyn-Honours-Project/PenGwyn/Content/Abandoned_Cathedral/Assets/forniture_5/Static_Mesh/SM_forniture_12.ubulk" 916
"C:/Users/2101501/Documents/GitHub/PenGwyn-Honours-Project/PenGwyn/Content/Abandoned_Cathedral/Assets/forniture_5/Static_Mesh/SM_forniture_12.uasset" 917
"C:/Users/2101501/Documents/GitHub/PenGwyn-Honours-Project/PenGwyn/Content/Abandoned_Cathedral/Assets/forniture_5/Static_Mesh/SM_forniture_12.uexp" 918
"C:/Users/2101501/Documents/GitHub/PenGwyn-Honours-Project/PenGwyn/Content/Abandoned_Cathedral/Assets/forniture_5/Static_Mesh/SM_forniture_11.ubulk" 919
"C:/Users/2101501/Documents/GitHub/PenGwyn-Honours-Project/PenGwyn/Content/Abandoned_Cathedral/Assets/forniture_5/Static_Mesh/SM_forniture_11.uasset" 920
"C:/Users/2101501/Documents/GitHub/PenGwyn-Honours-Project/PenGwyn/Content/Abandoned_Cathedral/Assets/forniture_5/Static_Mesh/SM_forniture_11.uexp" 921
"C:/Users/2101501/Documents/GitHub/PenGwyn-Honours-Project/PenGwyn/Content/Abandoned_Cathedral/Assets/forniture_5/Static_Mesh/SM_forniture_10.ubulk" 922
"C:/Users/2101501/Documents/GitHub/PenGwyn-Honours-Project/PenGwyn/Content/Abandoned_Cathedral/Assets/forniture_5/Static_Mesh/SM_forniture_10.uasset" 923
"C:/Users/2101501/Documents/GitHub/PenGwyn-Honours-Project/PenGwyn/Content/Abandoned_Cathedral/Assets/forniture_5/Static_Mesh/SM_forniture_10.uexp" 924
"C:/Users/2101501/Documents/GitHub/PenGwyn-Honours-Project/PenGwyn/Content/Abandoned_Cathedral/Assets/forniture_4/Texture/T_forniture_4_stairs_3_A_ORM.ubulk" 925
"C:/Users/2101501/Documents/GitHub/PenGwyn-Honours-Project/PenGwyn/Content/Abandoned_Cathedral/Assets/forniture_4/Texture/T_forniture_4_stairs_3_A_ORM.uasset" 926
"C:/Users/2101501/Documents/GitHub/PenGwyn-Honours-Project/PenGwyn/Content/Abandoned_Cathedral/Assets/forniture_4/Texture/T_forniture_4_stairs_3_A_ORM.uexp" 927
"C:/Users/2101501/Documents/GitHub/PenGwyn-Honours-Project/PenGwyn/Content/Abandoned_Cathedral/Assets/forniture_4/Texture/T_forniture_4_stairs_3_A_N.ubulk" 928
"C:/Users/2101501/Documents/GitHub/PenGwyn-Honours-Project/PenGwyn/Content/Abandoned_Cathedral/Assets/forniture_4/Texture/T_forniture_4_stairs_3_A_N.uasset" 929
"C:/Users/2101501/Documents/GitHub/PenGwyn-Honours-Project/PenGwyn/Content/Abandoned_Cathedral/Assets/forniture_4/Texture/T_forniture_4_stairs_3_A_N.uexp" 930
"C:/Users/2101501/Documents/GitHub/PenGwyn-Honours-Project/PenGwyn/Content/Abandoned_Cathedral/Assets/forniture_4/Texture/T_forniture_4_stairs_3_A_BC.ubulk" 931
"C:/Users/2101501/Documents/GitHub/PenGwyn-Honours-Project/PenGwyn/Content/Abandoned_Cathedral/Assets/forniture_4/Texture/T_forniture_4_stairs_3_A_BC.uasset" 932
"C:/Users/2101501/Documents/GitHub/PenGwyn-Honours-Project/PenGwyn/Content/Abandoned_Cathedral/Assets/forniture_4/Texture/T_forniture_4_stairs_3_A_BC.uexp" 933
"C:/Users/2101501/Documents/GitHub/PenGwyn-Honours-Project/PenGwyn/Content/Abandoned_Cathedral/Assets/forniture_4/Material_Instance/MI_forniture_4.uasset" 934
"C:/Users/2101501/Documents/GitHub/PenGwyn-Honours-Project/PenGwyn/Content/Abandoned_Cathedral/Assets/forniture_4/Material_Instance/MI_forniture_4.uexp" 935
"C:/Users/2101501/Documents/GitHub/PenGwyn-Honours-Project/PenGwyn/Content/Abandoned_Cathedral/Assets/forniture_4/Static_Mesh/SM_forniture_8.ubulk" 936
"C:/Users/2101501/Documents/GitHub/PenGwyn-Honours-Project/PenGwyn/Content/Abandoned_Cathedral/Assets/forniture_4/Static_Mesh/SM_forniture_8.uasset" 937
"C:/Users/2101501/Documents/GitHub/PenGwyn-Honours-Project/PenGwyn/Content/Abandoned_Cathedral/Assets/forniture_4/Static_Mesh/SM_forniture_8.uexp" 938
"C:/Users/2101501/Documents/GitHub/PenGwyn-Honours-Project/PenGwyn/Content/Abandoned_Cathedral/Assets/forniture_4/Static_Mesh/SM_forniture_7.ubulk" 939
"C:/Users/2101501/Documents/GitHub/PenGwyn-Honours-Project/PenGwyn/Content/Abandoned_Cathedral/Assets/forniture_4/Static_Mesh/SM_forniture_7.uasset" 940
"C:/Users/2101501/Documents/GitHub/PenGwyn-Honours-Project/PenGwyn/Content/Abandoned_Cathedral/Assets/forniture_4/Static_Mesh/SM_forniture_7.uexp" 941
"C:/Users/2101501/Documents/GitHub/PenGwyn-Honours-Project/PenGwyn/Content/Abandoned_Cathedral/Assets/forniture_1-2-3/Texture/T_forniture_1-6_forniture_3_ORM.ubulk" 942
"C:/Users/2101501/Documents/GitHub/PenGwyn-Honours-Project/PenGwyn/Content/Abandoned_Cathedral/Assets/forniture_1-2-3/Texture/T_forniture_1-6_forniture_3_ORM.uasset" 943
"C:/Users/2101501/Documents/GitHub/PenGwyn-Honours-Project/PenGwyn/Content/Abandoned_Cathedral/Assets/forniture_1-2-3/Texture/T_forniture_1-6_forniture_3_ORM.uexp" 944
"C:/Users/2101501/Documents/GitHub/PenGwyn-Honours-Project/PenGwyn/Content/Abandoned_Cathedral/Assets/forniture_1-2-3/Texture/T_forniture_1-6_forniture_3_N.ubulk" 945
"C:/Users/2101501/Documents/GitHub/PenGwyn-Honours-Project/PenGwyn/Content/Abandoned_Cathedral/Assets/forniture_1-2-3/Texture/T_forniture_1-6_forniture_3_N.uasset" 946
"C:/Users/2101501/Documents/GitHub/PenGwyn-Honours-Project/PenGwyn/Content/Abandoned_Cathedral/Assets/forniture_1-2-3/Texture/T_forniture_1-6_forniture_3_N.uexp" 947
"C:/Users/2101501/Documents/GitHub/PenGwyn-Honours-Project/PenGwyn/Content/Abandoned_Cathedral/Assets/forniture_1-2-3/Texture/T_forniture_1-6_forniture_3_BC.ubulk" 948
"C:/Users/2101501/Documents/GitHub/PenGwyn-Honours-Project/PenGwyn/Content/Abandoned_Cathedral/Assets/forniture_1-2-3/Texture/T_forniture_1-6_forniture_3_BC.uasset" 949
"C:/Users/2101501/Documents/GitHub/PenGwyn-Honours-Project/PenGwyn/Content/Abandoned_Cathedral/Assets/forniture_1-2-3/Texture/T_forniture_1-6_forniture_3_BC.uexp" 950
"C:/Users/2101501/Documents/GitHub/PenGwyn-Honours-Project/PenGwyn/Content/Abandoned_Cathedral/Assets/forniture_1-2-3/Material_Instance/MI_forniture_3.uasset" 951
"C:/Users/2101501/Documents/GitHub/PenGwyn-Honours-Project/PenGwyn/Content/Abandoned_Cathedral/Assets/forniture_1-2-3/Material_Instance/MI_forniture_3.uexp" 952
"C:/Users/2101501/Documents/GitHub/PenGwyn-Honours-Project/PenGwyn/Content/Abandoned_Cathedral/Assets/forniture_1-2-3/Static_Mesh/SM_forniture_6.ubulk" 953
"C:/Users/2101501/Documents/GitHub/PenGwyn-Honours-Project/PenGwyn/Content/Abandoned_Cathedral/Assets/forniture_1-2-3/Static_Mesh/SM_forniture_6.uasset" 954
"C:/Users/2101501/Documents/GitHub/PenGwyn-Honours-Project/PenGwyn/Content/Abandoned_Cathedral/Assets/forniture_1-2-3/Static_Mesh/SM_forniture_6.uexp" 955
"C:/Users/2101501/Documents/GitHub/PenGwyn-Honours-Project/PenGwyn/Content/Abandoned_Cathedral/Assets/forniture_1-2-3/Texture/T_forniture_1-6_forniture_2_ORM.ubulk" 956
"C:/Users/2101501/Documents/GitHub/PenGwyn-Honours-Project/PenGwyn/Content/Abandoned_Cathedral/Assets/forniture_1-2-3/Texture/T_forniture_1-6_forniture_2_ORM.uasset" 957
"C:/Users/2101501/Documents/GitHub/PenGwyn-Honours-Project/PenGwyn/Content/Abandoned_Cathedral/Assets/forniture_1-2-3/Texture/T_forniture_1-6_forniture_2_ORM.uexp" 958
"C:/Users/2101501/Documents/GitHub/PenGwyn-Honours-Project/PenGwyn/Content/Abandoned_Cathedral/Assets/forniture_1-2-3/Texture/T_forniture_1-6_forniture_2_N.ubulk" 959
"C:/Users/2101501/Documents/GitHub/PenGwyn-Honours-Project/PenGwyn/Content/Abandoned_Cathedral/Assets/forniture_1-2-3/Texture/T_forniture_1-6_forniture_2_N.uasset" 960
"C:/Users/2101501/Documents/GitHub/PenGwyn-Honours-Project/PenGwyn/Content/Abandoned_Cathedral/Assets/forniture_1-2-3/Texture/T_forniture_1-6_forniture_2_N.uexp" 961
"C:/Users/2101501/Documents/GitHub/PenGwyn-Honours-Project/PenGwyn/Content/Abandoned_Cathedral/Assets/forniture_1-2-3/Texture/T_forniture_1-6_forniture_2_BC.ubulk" 962
"C:/Users/2101501/Documents/GitHub/PenGwyn-Honours-Project/PenGwyn/Content/Abandoned_Cathedral/Assets/forniture_1-2-3/Texture/T_forniture_1-6_forniture_2_BC.uasset" 963
"C:/Users/2101501/Documents/GitHub/PenGwyn-Honours-Project/PenGwyn/Content/Abandoned_Cathedral/Assets/forniture_1-2-3/Texture/T_forniture_1-6_forniture_2_BC.uexp" 964
"C:/Users/2101501/Documents/GitHub/PenGwyn-Honours-Project/PenGwyn/Content/Abandoned_Cathedral/Assets/forniture_1-2-3/Material_Instance/MI_forniture_2.uasset" 965
"C:/Users/2101501/Documents/GitHub/PenGwyn-Honours-Project/PenGwyn/Content/Abandoned_Cathedral/Assets/forniture_1-2-3/Material_Instance/MI_forniture_2.uexp" 966
"C:/Users/2101501/Documents/GitHub/PenGwyn-Honours-Project/PenGwyn/Content/Abandoned_Cathedral/Assets/forniture_1-2-3/Static_Mesh/SM_forniture_4.ubulk" 967
"C:/Users/2101501/Documents/GitHub/PenGwyn-Honours-Project/PenGwyn/Content/Abandoned_Cathedral/Assets/forniture_1-2-3/Static_Mesh/SM_forniture_4.uasset" 968
"C:/Users/2101501/Documents/GitHub/PenGwyn-Honours-Project/PenGwyn/Content/Abandoned_Cathedral/Assets/forniture_1-2-3/Static_Mesh/SM_forniture_4.uexp" 969
"C:/Users/2101501/Documents/GitHub/PenGwyn-Honours-Project/PenGwyn/Content/Abandoned_Cathedral/Assets/forniture_1-2-3/Static_Mesh/SM_forniture_3.ubulk" 970
"C:/Users/2101501/Documents/GitHub/PenGwyn-Honours-Project/PenGwyn/Content/Abandoned_Cathedral/Assets/forniture_1-2-3/Static_Mesh/SM_forniture_3.uasset" 971
"C:/Users/2101501/Documents/GitHub/PenGwyn-Honours-Project/PenGwyn/Content/Abandoned_Cathedral/Assets/forniture_1-2-3/Static_Mesh/SM_forniture_3.uexp" 972
"C:/Users/2101501/Documents/GitHub/PenGwyn-Honours-Project/PenGwyn/Content/Abandoned_Cathedral/Assets/forniture_1-2-3/Texture/T_forniture_1-6_forniture_1_N.ubulk" 973
"C:/Users/2101501/Documents/GitHub/PenGwyn-Honours-Project/PenGwyn/Content/Abandoned_Cathedral/Assets/forniture_1-2-3/Texture/T_forniture_1-6_forniture_1_N.uasset" 974
"C:/Users/2101501/Documents/GitHub/PenGwyn-Honours-Project/PenGwyn/Content/Abandoned_Cathedral/Assets/forniture_1-2-3/Texture/T_forniture_1-6_forniture_1_N.uexp" 975
"C:/Users/2101501/Documents/GitHub/PenGwyn-Honours-Project/PenGwyn/Content/Abandoned_Cathedral/Assets/forniture_1-2-3/Texture/T_forniture_1-6_forniture_1_BC.ubulk" 976
"C:/Users/2101501/Documents/GitHub/PenGwyn-Honours-Project/PenGwyn/Content/Abandoned_Cathedral/Assets/forniture_1-2-3/Texture/T_forniture_1-6_forniture_1_BC.uasset" 977
"C:/Users/2101501/Documents/GitHub/PenGwyn-Honours-Project/PenGwyn/Content/Abandoned_Cathedral/Assets/forniture_1-2-3/Texture/T_forniture_1-6_forniture_1_BC.uexp" 978
"C:/Users/2101501/Documents/GitHub/PenGwyn-Honours-Project/PenGwyn/Content/Abandoned_Cathedral/Assets/forniture_1-2-3/Material_Instance/MI_forniture_1.uasset" 979
"C:/Users/2101501/Documents/GitHub/PenGwyn-Honours-Project/PenGwyn/Content/Abandoned_Cathedral/Assets/forniture_1-2-3/Material_Instance/MI_forniture_1.uexp" 980
"C:/Users/2101501/Documents/GitHub/PenGwyn-Honours-Project/PenGwyn/Content/Abandoned_Cathedral/Assets/forniture_1-2-3/Static_Mesh/SM_forniture_2.ubulk" 981
"C:/Users/2101501/Documents/GitHub/PenGwyn-Honours-Project/PenGwyn/Content/Abandoned_Cathedral/Assets/forniture_1-2-3/Static_Mesh/SM_forniture_2.uasset" 982
"C:/Users/2101501/Documents/GitHub/PenGwyn-Honours-Project/PenGwyn/Content/Abandoned_Cathedral/Assets/forniture_1-2-3/Static_Mesh/SM_forniture_2.uexp" 983
"C:/Users/2101501/Documents/GitHub/PenGwyn-Honours-Project/PenGwyn/Content/Abandoned_Cathedral/Assets/forniture_1-2-3/Static_Mesh/SM_forniture_1.ubulk" 984
"C:/Users/2101501/Documents/GitHub/PenGwyn-Honours-Project/PenGwyn/Content/Abandoned_Cathedral/Assets/forniture_1-2-3/Static_Mesh/SM_forniture_1.uasset" 985
"C:/Users/2101501/Documents/GitHub/PenGwyn-Honours-Project/PenGwyn/Content/Abandoned_Cathedral/Assets/forniture_1-2-3/Static_Mesh/SM_forniture_1.uexp" 986
"C:/Users/2101501/Documents/GitHub/PenGwyn-Honours-Project/PenGwyn/Content/Abandoned_Cathedral/Assets/floor_1/Texture/T_floor_1_DefaultMaterial_ORM.ubulk" 987
"C:/Users/2101501/Documents/GitHub/PenGwyn-Honours-Project/PenGwyn/Content/Abandoned_Cathedral/Assets/floor_1/Texture/T_floor_1_DefaultMaterial_ORM.uasset" 988
"C:/Users/2101501/Documents/GitHub/PenGwyn-Honours-Project/PenGwyn/Content/Abandoned_Cathedral/Assets/floor_1/Texture/T_floor_1_DefaultMaterial_ORM.uexp" 989
"C:/Users/2101501/Documents/GitHub/PenGwyn-Honours-Project/PenGwyn/Content/Abandoned_Cathedral/Assets/floor_1/Texture/T_floor_1_DefaultMaterial_N.ubulk" 990
"C:/Users/2101501/Documents/GitHub/PenGwyn-Honours-Project/PenGwyn/Content/Abandoned_Cathedral/Assets/floor_1/Texture/T_floor_1_DefaultMaterial_N.uasset" 991
"C:/Users/2101501/Documents/GitHub/PenGwyn-Honours-Project/PenGwyn/Content/Abandoned_Cathedral/Assets/floor_1/Texture/T_floor_1_DefaultMaterial_N.uexp" 992
"C:/Users/2101501/Documents/GitHub/PenGwyn-Honours-Project/PenGwyn/Content/Abandoned_Cathedral/Assets/floor_1/Texture/T_floor_1_DefaultMaterial_BC.ubulk" 993
"C:/Users/2101501/Documents/GitHub/PenGwyn-Honours-Project/PenGwyn/Content/Abandoned_Cathedral/Assets/floor_1/Texture/T_floor_1_DefaultMaterial_BC.uasset" 994
"C:/Users/2101501/Documents/GitHub/PenGwyn-Honours-Project/PenGwyn/Content/Abandoned_Cathedral/Assets/floor_1/Texture/T_floor_1_DefaultMaterial_BC.uexp" 995
"C:/Users/2101501/Documents/GitHub/PenGwyn-Honours-Project/PenGwyn/Content/Abandoned_Cathedral/Assets/floor_1/Material_Instance/MI_Floor_1.uasset" 996
"C:/Users/2101501/Documents/GitHub/PenGwyn-Honours-Project/PenGwyn/Content/Abandoned_Cathedral/Assets/floor_1/Material_Instance/MI_Floor_1.uexp" 997
"C:/Users/2101501/Documents/GitHub/PenGwyn-Honours-Project/PenGwyn/Content/Abandoned_Cathedral/Assets/floor_1/Static_Mesh/SM_floor_5.ubulk" 998
"C:/Users/2101501/Documents/GitHub/PenGwyn-Honours-Project/PenGwyn/Content/Abandoned_Cathedral/Assets/floor_1/Static_Mesh/SM_floor_5.uasset" 999
"C:/Users/2101501/Documents/GitHub/PenGwyn-Honours-Project/PenGwyn/Content/Abandoned_Cathedral/Assets/floor_1/Static_Mesh/SM_floor_5.uexp" 1000
"C:/Users/2101501/Documents/GitHub/PenGwyn-Honours-Project/PenGwyn/Content/Abandoned_Cathedral/Assets/floor_1/Static_Mesh/SM_floor_3.ubulk" 1001
"C:/Users/2101501/Documents/GitHub/PenGwyn-Honours-Project/PenGwyn/Content/Abandoned_Cathedral/Assets/floor_1/Static_Mesh/SM_floor_3.uasset" 1002
"C:/Users/2101501/Documents/GitHub/PenGwyn-Honours-Project/PenGwyn/Content/Abandoned_Cathedral/Assets/floor_1/Static_Mesh/SM_floor_3.uexp" 1003
"C:/Users/2101501/Documents/GitHub/PenGwyn-Honours-Project/PenGwyn/Content/Abandoned_Cathedral/Assets/floor_1/Static_Mesh/SM_floor_1.ubulk" 1004
"C:/Users/2101501/Documents/GitHub/PenGwyn-Honours-Project/PenGwyn/Content/Abandoned_Cathedral/Assets/floor_1/Static_Mesh/SM_floor_1.uasset" 1005
"C:/Users/2101501/Documents/GitHub/PenGwyn-Honours-Project/PenGwyn/Content/Abandoned_Cathedral/Assets/floor_1/Static_Mesh/SM_floor_1.uexp" 1006
"C:/Users/2101501/Documents/GitHub/PenGwyn-Honours-Project/PenGwyn/Content/Abandoned_Cathedral/Assets/door_frame_1/Texture/T_door_frame_1_Material_2_ORM.ubulk" 1007
"C:/Users/2101501/Documents/GitHub/PenGwyn-Honours-Project/PenGwyn/Content/Abandoned_Cathedral/Assets/door_frame_1/Texture/T_door_frame_1_Material_2_ORM.uasset" 1008
"C:/Users/2101501/Documents/GitHub/PenGwyn-Honours-Project/PenGwyn/Content/Abandoned_Cathedral/Assets/door_frame_1/Texture/T_door_frame_1_Material_2_ORM.uexp" 1009
"C:/Users/2101501/Documents/GitHub/PenGwyn-Honours-Project/PenGwyn/Content/Abandoned_Cathedral/Assets/door_frame_1/Texture/T_door_frame_1_Material_2_N.ubulk" 1010
"C:/Users/2101501/Documents/GitHub/PenGwyn-Honours-Project/PenGwyn/Content/Abandoned_Cathedral/Assets/door_frame_1/Texture/T_door_frame_1_Material_2_N.uasset" 1011
"C:/Users/2101501/Documents/GitHub/PenGwyn-Honours-Project/PenGwyn/Content/Abandoned_Cathedral/Assets/door_frame_1/Texture/T_door_frame_1_Material_2_N.uexp" 1012
"C:/Users/2101501/Documents/GitHub/PenGwyn-Honours-Project/PenGwyn/Content/Abandoned_Cathedral/Assets/door_frame_1/Texture/T_door_frame_1_Material_2_BC.ubulk" 1013
"C:/Users/2101501/Documents/GitHub/PenGwyn-Honours-Project/PenGwyn/Content/Abandoned_Cathedral/Assets/door_frame_1/Texture/T_door_frame_1_Material_2_BC.uasset" 1014
"C:/Users/2101501/Documents/GitHub/PenGwyn-Honours-Project/PenGwyn/Content/Abandoned_Cathedral/Assets/door_frame_1/Texture/T_door_frame_1_Material_2_BC.uexp" 1015
"C:/Users/2101501/Documents/GitHub/PenGwyn-Honours-Project/PenGwyn/Content/Abandoned_Cathedral/Assets/door_frame_1/Material_Instance/MI_Door_frame_1_M2.uasset" 1016
"C:/Users/2101501/Documents/GitHub/PenGwyn-Honours-Project/PenGwyn/Content/Abandoned_Cathedral/Assets/door_frame_1/Material_Instance/MI_Door_frame_1_M2.uexp" 1017
"C:/Users/2101501/Documents/GitHub/PenGwyn-Honours-Project/PenGwyn/Content/Abandoned_Cathedral/Assets/door_frame_1/Texture/T_door_frame_1_Material_3_ORM.ubulk" 1018
"C:/Users/2101501/Documents/GitHub/PenGwyn-Honours-Project/PenGwyn/Content/Abandoned_Cathedral/Assets/door_frame_1/Texture/T_door_frame_1_Material_3_ORM.uasset" 1019
"C:/Users/2101501/Documents/GitHub/PenGwyn-Honours-Project/PenGwyn/Content/Abandoned_Cathedral/Assets/door_frame_1/Texture/T_door_frame_1_Material_3_ORM.uexp" 1020
"C:/Users/2101501/Documents/GitHub/PenGwyn-Honours-Project/PenGwyn/Content/Abandoned_Cathedral/Assets/door_frame_1/Texture/T_door_frame_1_Material_3_N.ubulk" 1021
"C:/Users/2101501/Documents/GitHub/PenGwyn-Honours-Project/PenGwyn/Content/Abandoned_Cathedral/Assets/door_frame_1/Texture/T_door_frame_1_Material_3_N.uasset" 1022
"C:/Users/2101501/Documents/GitHub/PenGwyn-Honours-Project/PenGwyn/Content/Abandoned_Cathedral/Assets/door_frame_1/Texture/T_door_frame_1_Material_3_N.uexp" 1023
"C:/Users/2101501/Documents/GitHub/PenGwyn-Honours-Project/PenGwyn/Content/Abandoned_Cathedral/Assets/door_frame_1/Texture/T_door_frame_1_Material_3_BC.ubulk" 1024
"C:/Users/2101501/Documents/GitHub/PenGwyn-Honours-Project/PenGwyn/Content/Abandoned_Cathedral/Assets/door_frame_1/Texture/T_door_frame_1_Material_3_BC.uasset" 1025
"C:/Users/2101501/Documents/GitHub/PenGwyn-Honours-Project/PenGwyn/Content/Abandoned_Cathedral/Assets/door_frame_1/Texture/T_door_frame_1_Material_3_BC.uexp" 1026
"C:/Users/2101501/Documents/GitHub/PenGwyn-Honours-Project/PenGwyn/Content/Abandoned_Cathedral/Assets/door_frame_1/Material_Instance/MI_Door_frame_1_M3.uasset" 1027
"C:/Users/2101501/Documents/GitHub/PenGwyn-Honours-Project/PenGwyn/Content/Abandoned_Cathedral/Assets/door_frame_1/Material_Instance/MI_Door_frame_1_M3.uexp" 1028
"C:/Users/2101501/Documents/GitHub/PenGwyn-Honours-Project/PenGwyn/Content/Abandoned_Cathedral/Assets/door_frame_1/Texture/T_door_frame_1_Material_4_ORM.ubulk" 1029
"C:/Users/2101501/Documents/GitHub/PenGwyn-Honours-Project/PenGwyn/Content/Abandoned_Cathedral/Assets/door_frame_1/Texture/T_door_frame_1_Material_4_ORM.uasset" 1030
"C:/Users/2101501/Documents/GitHub/PenGwyn-Honours-Project/PenGwyn/Content/Abandoned_Cathedral/Assets/door_frame_1/Texture/T_door_frame_1_Material_4_ORM.uexp" 1031
"C:/Users/2101501/Documents/GitHub/PenGwyn-Honours-Project/PenGwyn/Content/Abandoned_Cathedral/Assets/door_frame_1/Texture/T_door_frame_1_Material_4_N.ubulk" 1032
"C:/Users/2101501/Documents/GitHub/PenGwyn-Honours-Project/PenGwyn/Content/Abandoned_Cathedral/Assets/door_frame_1/Texture/T_door_frame_1_Material_4_N.uasset" 1033
"C:/Users/2101501/Documents/GitHub/PenGwyn-Honours-Project/PenGwyn/Content/Abandoned_Cathedral/Assets/door_frame_1/Texture/T_door_frame_1_Material_4_N.uexp" 1034
"C:/Users/2101501/Documents/GitHub/PenGwyn-Honours-Project/PenGwyn/Content/Abandoned_Cathedral/Assets/door_frame_1/Texture/T_door_frame_1_Material_4_BC.ubulk" 1035
"C:/Users/2101501/Documents/GitHub/PenGwyn-Honours-Project/PenGwyn/Content/Abandoned_Cathedral/Assets/door_frame_1/Texture/T_door_frame_1_Material_4_BC.uasset" 1036
"C:/Users/2101501/Documents/GitHub/PenGwyn-Honours-Project/PenGwyn/Content/Abandoned_Cathedral/Assets/door_frame_1/Texture/T_door_frame_1_Material_4_BC.uexp" 1037
"C:/Users/2101501/Documents/GitHub/PenGwyn-Honours-Project/PenGwyn/Content/Abandoned_Cathedral/Assets/door_frame_1/Material_Instance/MI_Door_frame_1_M4.uasset" 1038
"C:/Users/2101501/Documents/GitHub/PenGwyn-Honours-Project/PenGwyn/Content/Abandoned_Cathedral/Assets/door_frame_1/Material_Instance/MI_Door_frame_1_M4.uexp" 1039
"C:/Users/2101501/Documents/GitHub/PenGwyn-Honours-Project/PenGwyn/Content/Abandoned_Cathedral/Assets/door_frame_1/Texture/T_door_frame_1_Material_1_ORM.ubulk" 1040
"C:/Users/2101501/Documents/GitHub/PenGwyn-Honours-Project/PenGwyn/Content/Abandoned_Cathedral/Assets/door_frame_1/Texture/T_door_frame_1_Material_1_ORM.uasset" 1041
"C:/Users/2101501/Documents/GitHub/PenGwyn-Honours-Project/PenGwyn/Content/Abandoned_Cathedral/Assets/door_frame_1/Texture/T_door_frame_1_Material_1_ORM.uexp" 1042
"C:/Users/2101501/Documents/GitHub/PenGwyn-Honours-Project/PenGwyn/Content/Abandoned_Cathedral/Assets/door_frame_1/Texture/T_door_frame_1_Material_1_N.ubulk" 1043
"C:/Users/2101501/Documents/GitHub/PenGwyn-Honours-Project/PenGwyn/Content/Abandoned_Cathedral/Assets/door_frame_1/Texture/T_door_frame_1_Material_1_N.uasset" 1044
"C:/Users/2101501/Documents/GitHub/PenGwyn-Honours-Project/PenGwyn/Content/Abandoned_Cathedral/Assets/door_frame_1/Texture/T_door_frame_1_Material_1_N.uexp" 1045
"C:/Users/2101501/Documents/GitHub/PenGwyn-Honours-Project/PenGwyn/Content/Abandoned_Cathedral/Assets/door_frame_1/Texture/T_door_frame_1_Material_1_BC.ubulk" 1046
"C:/Users/2101501/Documents/GitHub/PenGwyn-Honours-Project/PenGwyn/Content/Abandoned_Cathedral/Assets/door_frame_1/Texture/T_door_frame_1_Material_1_BC.uasset" 1047
"C:/Users/2101501/Documents/GitHub/PenGwyn-Honours-Project/PenGwyn/Content/Abandoned_Cathedral/Assets/door_frame_1/Texture/T_door_frame_1_Material_1_BC.uexp" 1048
"C:/Users/2101501/Documents/GitHub/PenGwyn-Honours-Project/PenGwyn/Content/Abandoned_Cathedral/Assets/door_frame_1/Material_Instance/MI_Door_frame_1_M1.uasset" 1049
"C:/Users/2101501/Documents/GitHub/PenGwyn-Honours-Project/PenGwyn/Content/Abandoned_Cathedral/Assets/door_frame_1/Material_Instance/MI_Door_frame_1_M1.uexp" 1050
"C:/Users/2101501/Documents/GitHub/PenGwyn-Honours-Project/PenGwyn/Content/Abandoned_Cathedral/Assets/door_frame_1/Static_Mesh/SM_door_frame_1_.ubulk" 1051
"C:/Users/2101501/Documents/GitHub/PenGwyn-Honours-Project/PenGwyn/Content/Abandoned_Cathedral/Assets/door_frame_1/Static_Mesh/SM_door_frame_1_.uasset" 1052
"C:/Users/2101501/Documents/GitHub/PenGwyn-Honours-Project/PenGwyn/Content/Abandoned_Cathedral/Assets/door_frame_1/Static_Mesh/SM_door_frame_1_.uexp" 1053
"C:/Users/2101501/Documents/GitHub/PenGwyn-Honours-Project/PenGwyn/Content/Abandoned_Cathedral/Assets/door_1/Texture/T_door_1_Material_8_ORM.ubulk" 1054
"C:/Users/2101501/Documents/GitHub/PenGwyn-Honours-Project/PenGwyn/Content/Abandoned_Cathedral/Assets/door_1/Texture/T_door_1_Material_8_ORM.uasset" 1055
"C:/Users/2101501/Documents/GitHub/PenGwyn-Honours-Project/PenGwyn/Content/Abandoned_Cathedral/Assets/door_1/Texture/T_door_1_Material_8_ORM.uexp" 1056
"C:/Users/2101501/Documents/GitHub/PenGwyn-Honours-Project/PenGwyn/Content/Abandoned_Cathedral/Assets/door_1/Texture/T_door_1_Material_8_N.ubulk" 1057
"C:/Users/2101501/Documents/GitHub/PenGwyn-Honours-Project/PenGwyn/Content/Abandoned_Cathedral/Assets/door_1/Texture/T_door_1_Material_8_N.uasset" 1058
"C:/Users/2101501/Documents/GitHub/PenGwyn-Honours-Project/PenGwyn/Content/Abandoned_Cathedral/Assets/door_1/Texture/T_door_1_Material_8_N.uexp" 1059
"C:/Users/2101501/Documents/GitHub/PenGwyn-Honours-Project/PenGwyn/Content/Abandoned_Cathedral/Assets/door_1/Texture/T_door_1_Material_8_BC.ubulk" 1060
"C:/Users/2101501/Documents/GitHub/PenGwyn-Honours-Project/PenGwyn/Content/Abandoned_Cathedral/Assets/door_1/Texture/T_door_1_Material_8_BC.uasset" 1061
"C:/Users/2101501/Documents/GitHub/PenGwyn-Honours-Project/PenGwyn/Content/Abandoned_Cathedral/Assets/door_1/Texture/T_door_1_Material_8_BC.uexp" 1062
"C:/Users/2101501/Documents/GitHub/PenGwyn-Honours-Project/PenGwyn/Content/Abandoned_Cathedral/Assets/door_1/Material_Instance/MI_door_1_B.uasset" 1063
"C:/Users/2101501/Documents/GitHub/PenGwyn-Honours-Project/PenGwyn/Content/Abandoned_Cathedral/Assets/door_1/Material_Instance/MI_door_1_B.uexp" 1064
"C:/Users/2101501/Documents/GitHub/PenGwyn-Honours-Project/PenGwyn/Content/Abandoned_Cathedral/Assets/door_1/Static_Mesh/SM_door_1_B.ubulk" 1065
"C:/Users/2101501/Documents/GitHub/PenGwyn-Honours-Project/PenGwyn/Content/Abandoned_Cathedral/Assets/door_1/Static_Mesh/SM_door_1_B.uasset" 1066
"C:/Users/2101501/Documents/GitHub/PenGwyn-Honours-Project/PenGwyn/Content/Abandoned_Cathedral/Assets/door_1/Static_Mesh/SM_door_1_B.uexp" 1067
"C:/Users/2101501/Documents/GitHub/PenGwyn-Honours-Project/PenGwyn/Content/Abandoned_Cathedral/Assets/door_1/Texture/T_door_1_Material_7_ORM.ubulk" 1068
"C:/Users/2101501/Documents/GitHub/PenGwyn-Honours-Project/PenGwyn/Content/Abandoned_Cathedral/Assets/door_1/Texture/T_door_1_Material_7_ORM.uasset" 1069
"C:/Users/2101501/Documents/GitHub/PenGwyn-Honours-Project/PenGwyn/Content/Abandoned_Cathedral/Assets/door_1/Texture/T_door_1_Material_7_ORM.uexp" 1070
"C:/Users/2101501/Documents/GitHub/PenGwyn-Honours-Project/PenGwyn/Content/Abandoned_Cathedral/Assets/door_1/Texture/T_door_1_Material_7_N.ubulk" 1071
"C:/Users/2101501/Documents/GitHub/PenGwyn-Honours-Project/PenGwyn/Content/Abandoned_Cathedral/Assets/door_1/Texture/T_door_1_Material_7_N.uasset" 1072
"C:/Users/2101501/Documents/GitHub/PenGwyn-Honours-Project/PenGwyn/Content/Abandoned_Cathedral/Assets/door_1/Texture/T_door_1_Material_7_N.uexp" 1073
"C:/Users/2101501/Documents/GitHub/PenGwyn-Honours-Project/PenGwyn/Content/Abandoned_Cathedral/Assets/door_1/Texture/T_door_1_Material_7_BC.ubulk" 1074
"C:/Users/2101501/Documents/GitHub/PenGwyn-Honours-Project/PenGwyn/Content/Abandoned_Cathedral/Assets/door_1/Texture/T_door_1_Material_7_BC.uasset" 1075
"C:/Users/2101501/Documents/GitHub/PenGwyn-Honours-Project/PenGwyn/Content/Abandoned_Cathedral/Assets/door_1/Texture/T_door_1_Material_7_BC.uexp" 1076
"C:/Users/2101501/Documents/GitHub/PenGwyn-Honours-Project/PenGwyn/Content/Abandoned_Cathedral/Assets/door_1/Material_Instance/MI_door_1_A.uasset" 1077
"C:/Users/2101501/Documents/GitHub/PenGwyn-Honours-Project/PenGwyn/Content/Abandoned_Cathedral/Assets/door_1/Material_Instance/MI_door_1_A.uexp" 1078
"C:/Users/2101501/Documents/GitHub/PenGwyn-Honours-Project/PenGwyn/Content/Abandoned_Cathedral/Assets/door_1/Static_Mesh/SM_door_1_A.ubulk" 1079
"C:/Users/2101501/Documents/GitHub/PenGwyn-Honours-Project/PenGwyn/Content/Abandoned_Cathedral/Assets/door_1/Static_Mesh/SM_door_1_A.uasset" 1080
"C:/Users/2101501/Documents/GitHub/PenGwyn-Honours-Project/PenGwyn/Content/Abandoned_Cathedral/Assets/door_1/Static_Mesh/SM_door_1_A.uexp" 1081
"C:/Users/2101501/Documents/GitHub/PenGwyn-Honours-Project/PenGwyn/Content/Abandoned_Cathedral/Assets/decors_1-7/Static_Mesh/SM_decors_8.ubulk" 1082
"C:/Users/2101501/Documents/GitHub/PenGwyn-Honours-Project/PenGwyn/Content/Abandoned_Cathedral/Assets/decors_1-7/Static_Mesh/SM_decors_8.uasset" 1083
"C:/Users/2101501/Documents/GitHub/PenGwyn-Honours-Project/PenGwyn/Content/Abandoned_Cathedral/Assets/decors_1-7/Static_Mesh/SM_decors_8.uexp" 1084
"C:/Users/2101501/Documents/GitHub/PenGwyn-Honours-Project/PenGwyn/Content/Abandoned_Cathedral/Assets/debris/Texture/T_debris__Material_008_ORM.ubulk" 1085
"C:/Users/2101501/Documents/GitHub/PenGwyn-Honours-Project/PenGwyn/Content/Abandoned_Cathedral/Assets/debris/Texture/T_debris__Material_008_ORM.uasset" 1086
"C:/Users/2101501/Documents/GitHub/PenGwyn-Honours-Project/PenGwyn/Content/Abandoned_Cathedral/Assets/debris/Texture/T_debris__Material_008_ORM.uexp" 1087
"C:/Users/2101501/Documents/GitHub/PenGwyn-Honours-Project/PenGwyn/Content/Abandoned_Cathedral/Assets/debris/Texture/T_debris__Material_008_N.ubulk" 1088
"C:/Users/2101501/Documents/GitHub/PenGwyn-Honours-Project/PenGwyn/Content/Abandoned_Cathedral/Assets/debris/Texture/T_debris__Material_008_N.uasset" 1089
"C:/Users/2101501/Documents/GitHub/PenGwyn-Honours-Project/PenGwyn/Content/Abandoned_Cathedral/Assets/debris/Texture/T_debris__Material_008_N.uexp" 1090
"C:/Users/2101501/Documents/GitHub/PenGwyn-Honours-Project/PenGwyn/Content/Abandoned_Cathedral/Assets/debris/Texture/T_debris__Material_008_BC.ubulk" 1091
"C:/Users/2101501/Documents/GitHub/PenGwyn-Honours-Project/PenGwyn/Content/Abandoned_Cathedral/Assets/debris/Texture/T_debris__Material_008_BC.uasset" 1092
"C:/Users/2101501/Documents/GitHub/PenGwyn-Honours-Project/PenGwyn/Content/Abandoned_Cathedral/Assets/debris/Texture/T_debris__Material_008_BC.uexp" 1093
"C:/Users/2101501/Documents/GitHub/PenGwyn-Honours-Project/PenGwyn/Content/Abandoned_Cathedral/Assets/debris/Material_Instance/MI_debris.uasset" 1094
"C:/Users/2101501/Documents/GitHub/PenGwyn-Honours-Project/PenGwyn/Content/Abandoned_Cathedral/Assets/debris/Material_Instance/MI_debris.uexp" 1095
"C:/Users/2101501/Documents/GitHub/PenGwyn-Honours-Project/PenGwyn/Content/Abandoned_Cathedral/Assets/debris/Static_Mesh/SM_debris_3.ubulk" 1096
"C:/Users/2101501/Documents/GitHub/PenGwyn-Honours-Project/PenGwyn/Content/Abandoned_Cathedral/Assets/debris/Static_Mesh/SM_debris_3.uasset" 1097
"C:/Users/2101501/Documents/GitHub/PenGwyn-Honours-Project/PenGwyn/Content/Abandoned_Cathedral/Assets/debris/Static_Mesh/SM_debris_3.uexp" 1098
"C:/Users/2101501/Documents/GitHub/PenGwyn-Honours-Project/PenGwyn/Content/Abandoned_Cathedral/Assets/debris/Static_Mesh/SM_debris_2.ubulk" 1099
"C:/Users/2101501/Documents/GitHub/PenGwyn-Honours-Project/PenGwyn/Content/Abandoned_Cathedral/Assets/debris/Static_Mesh/SM_debris_2.uasset" 1100
"C:/Users/2101501/Documents/GitHub/PenGwyn-Honours-Project/PenGwyn/Content/Abandoned_Cathedral/Assets/debris/Static_Mesh/SM_debris_2.uexp" 1101
"C:/Users/2101501/Documents/GitHub/PenGwyn-Honours-Project/PenGwyn/Content/Abandoned_Cathedral/Assets/debris/Static_Mesh/SM_debris_1.ubulk" 1102
"C:/Users/2101501/Documents/GitHub/PenGwyn-Honours-Project/PenGwyn/Content/Abandoned_Cathedral/Assets/debris/Static_Mesh/SM_debris_1.uasset" 1103
"C:/Users/2101501/Documents/GitHub/PenGwyn-Honours-Project/PenGwyn/Content/Abandoned_Cathedral/Assets/debris/Static_Mesh/SM_debris_1.uexp" 1104
"C:/Users/2101501/Documents/GitHub/PenGwyn-Honours-Project/PenGwyn/Content/Abandoned_Cathedral/Assets/debris/Static_Mesh/SM_brick_1.ubulk" 1105
"C:/Users/2101501/Documents/GitHub/PenGwyn-Honours-Project/PenGwyn/Content/Abandoned_Cathedral/Assets/debris/Static_Mesh/SM_brick_1.uasset" 1106
"C:/Users/2101501/Documents/GitHub/PenGwyn-Honours-Project/PenGwyn/Content/Abandoned_Cathedral/Assets/debris/Static_Mesh/SM_brick_1.uexp" 1107
"../../../Engine/Content/Functions/Engine_MaterialFunctions02/Utility/VectorToRadialValue.uasset" 1108
"../../../Engine/Content/Functions/Engine_MaterialFunctions02/Utility/VectorToRadialValue.uexp" 1109
"../../../Engine/Content/ArtTools/RenderToTexture/MaterialFunctions/FoliageZRotation.uasset" 1110
"../../../Engine/Content/ArtTools/RenderToTexture/MaterialFunctions/FoliageZRotation.uexp" 1111
"../../../Engine/Content/Functions/Engine_MaterialFunctions03/Particles/Distance_Blend.uasset" 1112
"../../../Engine/Content/Functions/Engine_MaterialFunctions03/Particles/Distance_Blend.uexp" 1113
"C:/Users/2101501/Documents/GitHub/PenGwyn-Honours-Project/PenGwyn/Content/Abandoned_Cathedral/Master_Material/texture/T_CandleFlame.ubulk" 1114
"C:/Users/2101501/Documents/GitHub/PenGwyn-Honours-Project/PenGwyn/Content/Abandoned_Cathedral/Master_Material/texture/T_CandleFlame.uasset" 1115
"C:/Users/2101501/Documents/GitHub/PenGwyn-Honours-Project/PenGwyn/Content/Abandoned_Cathedral/Master_Material/texture/T_CandleFlame.uexp" 1116
"C:/Users/2101501/Documents/GitHub/PenGwyn-Honours-Project/PenGwyn/Content/Abandoned_Cathedral/Master_Material/texture/T_WaveNoise.ubulk" 1117
"C:/Users/2101501/Documents/GitHub/PenGwyn-Honours-Project/PenGwyn/Content/Abandoned_Cathedral/Master_Material/texture/T_WaveNoise.uasset" 1118
"C:/Users/2101501/Documents/GitHub/PenGwyn-Honours-Project/PenGwyn/Content/Abandoned_Cathedral/Master_Material/texture/T_WaveNoise.uexp" 1119
"C:/Users/2101501/Documents/GitHub/PenGwyn-Honours-Project/PenGwyn/Content/Abandoned_Cathedral/Master_Material/M_Candle_Fire.uasset" 1120
"C:/Users/2101501/Documents/GitHub/PenGwyn-Honours-Project/PenGwyn/Content/Abandoned_Cathedral/Master_Material/M_Candle_Fire.uexp" 1121
"C:/Users/2101501/Documents/GitHub/PenGwyn-Honours-Project/PenGwyn/Content/Abandoned_Cathedral/Assets/Candle/Material_Instance/MI_candle_Fire.uasset" 1122
"C:/Users/2101501/Documents/GitHub/PenGwyn-Honours-Project/PenGwyn/Content/Abandoned_Cathedral/Assets/Candle/Material_Instance/MI_candle_Fire.uexp" 1123
"C:/Users/2101501/Documents/GitHub/PenGwyn-Honours-Project/PenGwyn/Content/Abandoned_Cathedral/Assets/Candle/Texture/T_Candle_1-9_DefaultMaterial_ORM.ubulk" 1124
"C:/Users/2101501/Documents/GitHub/PenGwyn-Honours-Project/PenGwyn/Content/Abandoned_Cathedral/Assets/Candle/Texture/T_Candle_1-9_DefaultMaterial_ORM.uasset" 1125
"C:/Users/2101501/Documents/GitHub/PenGwyn-Honours-Project/PenGwyn/Content/Abandoned_Cathedral/Assets/Candle/Texture/T_Candle_1-9_DefaultMaterial_ORM.uexp" 1126
"C:/Users/2101501/Documents/GitHub/PenGwyn-Honours-Project/PenGwyn/Content/Abandoned_Cathedral/Assets/Candle/Texture/T_Candle_1-9_DefaultMaterial_N.ubulk" 1127
"C:/Users/2101501/Documents/GitHub/PenGwyn-Honours-Project/PenGwyn/Content/Abandoned_Cathedral/Assets/Candle/Texture/T_Candle_1-9_DefaultMaterial_N.uasset" 1128
"C:/Users/2101501/Documents/GitHub/PenGwyn-Honours-Project/PenGwyn/Content/Abandoned_Cathedral/Assets/Candle/Texture/T_Candle_1-9_DefaultMaterial_N.uexp" 1129
"C:/Users/2101501/Documents/GitHub/PenGwyn-Honours-Project/PenGwyn/Content/Abandoned_Cathedral/Assets/Candle/Texture/T_Candle_1-9_DefaultMaterial_BC.ubulk" 1130
"C:/Users/2101501/Documents/GitHub/PenGwyn-Honours-Project/PenGwyn/Content/Abandoned_Cathedral/Assets/Candle/Texture/T_Candle_1-9_DefaultMaterial_BC.uasset" 1131
"C:/Users/2101501/Documents/GitHub/PenGwyn-Honours-Project/PenGwyn/Content/Abandoned_Cathedral/Assets/Candle/Texture/T_Candle_1-9_DefaultMaterial_BC.uexp" 1132
"C:/Users/2101501/Documents/GitHub/PenGwyn-Honours-Project/PenGwyn/Content/Abandoned_Cathedral/Assets/Candle/Material_Instance/MI_Candle.uasset" 1133
"C:/Users/2101501/Documents/GitHub/PenGwyn-Honours-Project/PenGwyn/Content/Abandoned_Cathedral/Assets/Candle/Material_Instance/MI_Candle.uexp" 1134
"C:/Users/2101501/Documents/GitHub/PenGwyn-Honours-Project/PenGwyn/Content/Abandoned_Cathedral/Assets/Candle/Static_Mesh/SM_Candle_7.ubulk" 1135
"C:/Users/2101501/Documents/GitHub/PenGwyn-Honours-Project/PenGwyn/Content/Abandoned_Cathedral/Assets/Candle/Static_Mesh/SM_Candle_7.uasset" 1136
"C:/Users/2101501/Documents/GitHub/PenGwyn-Honours-Project/PenGwyn/Content/Abandoned_Cathedral/Assets/Candle/Static_Mesh/SM_Candle_7.uexp" 1137
"C:/Users/2101501/Documents/GitHub/PenGwyn-Honours-Project/PenGwyn/Content/Abandoned_Cathedral/Assets/Candle/Static_Mesh/SM_Candle_6.ubulk" 1138
"C:/Users/2101501/Documents/GitHub/PenGwyn-Honours-Project/PenGwyn/Content/Abandoned_Cathedral/Assets/Candle/Static_Mesh/SM_Candle_6.uasset" 1139
"C:/Users/2101501/Documents/GitHub/PenGwyn-Honours-Project/PenGwyn/Content/Abandoned_Cathedral/Assets/Candle/Static_Mesh/SM_Candle_6.uexp" 1140
"C:/Users/2101501/Documents/GitHub/PenGwyn-Honours-Project/PenGwyn/Content/Abandoned_Cathedral/Assets/Candle/Static_Mesh/SM_Candle_5.ubulk" 1141
"C:/Users/2101501/Documents/GitHub/PenGwyn-Honours-Project/PenGwyn/Content/Abandoned_Cathedral/Assets/Candle/Static_Mesh/SM_Candle_5.uasset" 1142
"C:/Users/2101501/Documents/GitHub/PenGwyn-Honours-Project/PenGwyn/Content/Abandoned_Cathedral/Assets/Candle/Static_Mesh/SM_Candle_5.uexp" 1143
"C:/Users/2101501/Documents/GitHub/PenGwyn-Honours-Project/PenGwyn/Content/Abandoned_Cathedral/Assets/Candle/Static_Mesh/SM_Candle_4.ubulk" 1144
"C:/Users/2101501/Documents/GitHub/PenGwyn-Honours-Project/PenGwyn/Content/Abandoned_Cathedral/Assets/Candle/Static_Mesh/SM_Candle_4.uasset" 1145
"C:/Users/2101501/Documents/GitHub/PenGwyn-Honours-Project/PenGwyn/Content/Abandoned_Cathedral/Assets/Candle/Static_Mesh/SM_Candle_4.uexp" 1146
"C:/Users/2101501/Documents/GitHub/PenGwyn-Honours-Project/PenGwyn/Content/Abandoned_Cathedral/Assets/Candle/Static_Mesh/SM_Candle_2.ubulk" 1147
"C:/Users/2101501/Documents/GitHub/PenGwyn-Honours-Project/PenGwyn/Content/Abandoned_Cathedral/Assets/Candle/Static_Mesh/SM_Candle_2.uasset" 1148
"C:/Users/2101501/Documents/GitHub/PenGwyn-Honours-Project/PenGwyn/Content/Abandoned_Cathedral/Assets/Candle/Static_Mesh/SM_Candle_2.uexp" 1149
"C:/Users/2101501/Documents/GitHub/PenGwyn-Honours-Project/PenGwyn/Content/Abandoned_Cathedral/Assets/arch_1-2/Static_Mesh/SM_arch_pillar_4.ubulk" 1150
"C:/Users/2101501/Documents/GitHub/PenGwyn-Honours-Project/PenGwyn/Content/Abandoned_Cathedral/Assets/arch_1-2/Static_Mesh/SM_arch_pillar_4.uasset" 1151
"C:/Users/2101501/Documents/GitHub/PenGwyn-Honours-Project/PenGwyn/Content/Abandoned_Cathedral/Assets/arch_1-2/Static_Mesh/SM_arch_pillar_4.uexp" 1152
"../../../Engine/Content/EngineMeshes/Sphere.ubulk" 1153
"../../../Engine/Content/EngineMeshes/Sphere.uasset" 1154
"../../../Engine/Content/EngineMeshes/Sphere.uexp" 1155
"C:/Users/2101501/Documents/GitHub/PenGwyn-Honours-Project/PenGwyn/Content/ParagonTerra/Characters/Global/Hair/T_TerraHair_Flow.uasset" 1156
"C:/Users/2101501/Documents/GitHub/PenGwyn-Honours-Project/PenGwyn/Content/ParagonTerra/Characters/Global/Hair/T_TerraHair_Flow.uexp" 1157
"C:/Users/2101501/Documents/GitHub/PenGwyn-Honours-Project/PenGwyn/Content/Experience/Blueprints/AI/EQS/EQS_TestingPawn.uasset" 1158
"C:/Users/2101501/Documents/GitHub/PenGwyn-Honours-Project/PenGwyn/Content/Experience/Blueprints/AI/EQS/EQS_TestingPawn.uexp" 1159
"C:/Users/2101501/Documents/GitHub/PenGwyn-Honours-Project/PenGwyn/Content/Abandoned_Cathedral/Foliage/Nanite_Foliage/Ivy_01/Material_Instance/MI_Bark_05.uasset" 1160
"C:/Users/2101501/Documents/GitHub/PenGwyn-Honours-Project/PenGwyn/Content/Abandoned_Cathedral/Foliage/Nanite_Foliage/Ivy_01/Material_Instance/MI_Bark_05.uexp" 1161
"C:/Users/2101501/Documents/GitHub/PenGwyn-Honours-Project/PenGwyn/Content/Abandoned_Cathedral/Foliage/Nanite_Foliage/Dead_Bush/Static_Mesh/SM_Dry_Bush_02.ubulk" 1162
"C:/Users/2101501/Documents/GitHub/PenGwyn-Honours-Project/PenGwyn/Content/Abandoned_Cathedral/Foliage/Nanite_Foliage/Dead_Bush/Static_Mesh/SM_Dry_Bush_02.uasset" 1163
"C:/Users/2101501/Documents/GitHub/PenGwyn-Honours-Project/PenGwyn/Content/Abandoned_Cathedral/Foliage/Nanite_Foliage/Dead_Bush/Static_Mesh/SM_Dry_Bush_02.uexp" 1164
"C:/Users/2101501/Documents/GitHub/PenGwyn-Honours-Project/PenGwyn/Content/Abandoned_Cathedral/Foliage/Nanite_Foliage/Dead_Bush/Static_Mesh/SM_Dry_Bush_01.ubulk" 1165
"C:/Users/2101501/Documents/GitHub/PenGwyn-Honours-Project/PenGwyn/Content/Abandoned_Cathedral/Foliage/Nanite_Foliage/Dead_Bush/Static_Mesh/SM_Dry_Bush_01.uasset" 1166
"C:/Users/2101501/Documents/GitHub/PenGwyn-Honours-Project/PenGwyn/Content/Abandoned_Cathedral/Foliage/Nanite_Foliage/Dead_Bush/Static_Mesh/SM_Dry_Bush_01.uexp" 1167
"../../../Engine/Content/EngineResources/DefaultTextureCube.uasset" 1168
"../../../Engine/Content/EngineResources/DefaultTextureCube.uexp" 1169
"../../../Engine/Content/EngineMaterials/Substrate/GLints/AGlintTex2dArray.uasset" 1170
"../../../Engine/Content/EngineMaterials/Substrate/GLints/AGlintTex2dArray.uexp" 1171
"../../../Engine/Content/EngineMaterials/Substrate/Glints2/AGlintTex2dArray2.uasset" 1172
"../../../Engine/Content/EngineMaterials/Substrate/Glints2/AGlintTex2dArray2.uexp" 1173
"../../../Engine/Content/EngineMaterials/Substrate/Volume/SubstrateSimpleVolumeEnvLUT3D.uasset" 1174
"../../../Engine/Content/EngineMaterials/Substrate/Volume/SubstrateSimpleVolumeEnvLUT3D.uexp" 1175
"../../../Engine/Content/EngineMaterials/Substrate/Volume/SubstrateSimpleVolumeLUT3D.uasset" 1176
"../../../Engine/Content/EngineMaterials/Substrate/Volume/SubstrateSimpleVolumeLUT3D.uexp" 1177
"../../../Engine/Content/EngineSky/VolumetricClouds/VT_PerlinWorley_Balanced.uasset" 1178
"../../../Engine/Content/EngineSky/VolumetricClouds/VT_PerlinWorley_Balanced.uexp" 1179
"../../../Engine/Content/EngineSky/VolumetricClouds/T_Profile_08.ubulk" 1180
"../../../Engine/Content/EngineSky/VolumetricClouds/T_Profile_08.uasset" 1181
"../../../Engine/Content/EngineSky/VolumetricClouds/T_Profile_08.uexp" 1182
"../../../Engine/Content/EngineSky/VolumetricClouds/T_CloudPattern.ubulk" 1183
"../../../Engine/Content/EngineSky/VolumetricClouds/T_CloudPattern.uasset" 1184
"../../../Engine/Content/EngineSky/VolumetricClouds/T_CloudPattern.uexp" 1185
"../../../Engine/Content/EngineSky/VolumetricClouds/T_CloudMask.ubulk" 1186
"../../../Engine/Content/EngineSky/VolumetricClouds/T_CloudMask.uasset" 1187
"../../../Engine/Content/EngineSky/VolumetricClouds/T_CloudMask.uexp" 1188
"../../../Engine/Content/Functions/Engine_MaterialFunctions02/Utility/BreakOutFloat4Components.uasset" 1189
"../../../Engine/Content/Functions/Engine_MaterialFunctions02/Utility/BreakOutFloat4Components.uexp" 1190
"../../../Engine/Content/EngineResources/DefaultVolumeTexture2D.uasset" 1191
"../../../Engine/Content/EngineResources/DefaultVolumeTexture2D.uexp" 1192
"../../../Engine/Content/EngineResources/DefaultVolumeTexture.uasset" 1193
"../../../Engine/Content/EngineResources/DefaultVolumeTexture.uexp" 1194
"../../../Engine/Content/Functions/Engine_MaterialFunctions02/Utility/MakeFloat4.uasset" 1195
"../../../Engine/Content/Functions/Engine_MaterialFunctions02/Utility/MakeFloat4.uexp" 1196
"../../../Engine/Content/Functions/Engine_MaterialFunctions01/Units/Km-to-Cm.uasset" 1197
"../../../Engine/Content/Functions/Engine_MaterialFunctions01/Units/Km-to-Cm.uexp" 1198
"../../../Engine/Content/EngineSky/VolumetricClouds/VT_Lightning.uasset" 1199
"../../../Engine/Content/EngineSky/VolumetricClouds/VT_Lightning.uexp" 1200
"../../../Engine/Content/EngineSky/VolumetricClouds/m_SimpleVolumetricCloud.uasset" 1201
"../../../Engine/Content/EngineSky/VolumetricClouds/m_SimpleVolumetricCloud.uexp" 1202
"../../../Engine/Content/EngineSky/VolumetricClouds/m_SimpleVolumetricCloud_Inst.uasset" 1203
"../../../Engine/Content/EngineSky/VolumetricClouds/m_SimpleVolumetricCloud_Inst.uexp" 1204
"../../../Engine/Content/Functions/Engine_MaterialFunctions02/Math/Transform3x3Matrix.uasset" 1205
"../../../Engine/Content/Functions/Engine_MaterialFunctions02/Math/Transform3x3Matrix.uexp" 1206
"../../../Engine/Content/Functions/Engine_MaterialFunctions01/Texturing/FlattenNormal.uasset" 1207
"../../../Engine/Content/Functions/Engine_MaterialFunctions01/Texturing/FlattenNormal.uexp" 1208
"../../../Engine/Plugins/Interchange/Assets/Content/Utilities/New_LUT.uasset" 1209
"../../../Engine/Plugins/Interchange/Assets/Content/Utilities/New_LUT.uexp" 1210
"../../../Engine/Content/Functions/Engine_MaterialFunctions03/Math/RemapValueRange.uasset" 1211
"../../../Engine/Content/Functions/Engine_MaterialFunctions03/Math/RemapValueRange.uexp" 1212
"../../../Engine/Plugins/Interchange/Assets/Content/Functions/MF_Iridescence.uasset" 1213
"../../../Engine/Plugins/Interchange/Assets/Content/Functions/MF_Iridescence.uexp" 1214
"../../../Engine/Plugins/Interchange/Assets/Content/gltf/Textures/T_White_srgb.uasset" 1215
"../../../Engine/Plugins/Interchange/Assets/Content/gltf/Textures/T_White_srgb.uexp" 1216
"../../../Engine/Plugins/Interchange/Assets/Content/gltf/MaterialFunctions/MF_BaseColor.uasset" 1217
"../../../Engine/Plugins/Interchange/Assets/Content/gltf/MaterialFunctions/MF_BaseColor.uexp" 1218
"../../../Engine/Plugins/Interchange/Assets/Content/gltf/MaterialFunctions/MF_RotateV2.uasset" 1219
"../../../Engine/Plugins/Interchange/Assets/Content/gltf/MaterialFunctions/MF_RotateV2.uexp" 1220
"../../../Engine/Plugins/Interchange/Assets/Content/gltf/MaterialFunctions/MF_TransformUVs.uasset" 1221
"../../../Engine/Plugins/Interchange/Assets/Content/gltf/MaterialFunctions/MF_TransformUVs.uexp" 1222
"../../../Engine/Plugins/Interchange/Assets/Content/gltf/MaterialFunctions/MF_IOR.uasset" 1223
"../../../Engine/Plugins/Interchange/Assets/Content/gltf/MaterialFunctions/MF_IOR.uexp" 1224
"../../../Engine/Plugins/Interchange/Assets/Content/gltf/MaterialFunctions/MF_Iridescence.uasset" 1225
"../../../Engine/Plugins/Interchange/Assets/Content/gltf/MaterialFunctions/MF_Iridescence.uexp" 1226
"../../../Engine/Plugins/Interchange/Assets/Content/gltf/Textures/T_White_Linear.uasset" 1227
"../../../Engine/Plugins/Interchange/Assets/Content/gltf/Textures/T_White_Linear.uexp" 1228
"../../../Engine/Plugins/Interchange/Assets/Content/gltf/MaterialFunctions/MF_MetallicRoughness.uasset" 1229
"../../../Engine/Plugins/Interchange/Assets/Content/gltf/MaterialFunctions/MF_MetallicRoughness.uexp" 1230
"../../../Engine/Plugins/Interchange/Assets/Content/gltf/MaterialFunctions/MF_RotateNormals_TS.uasset" 1231
"../../../Engine/Plugins/Interchange/Assets/Content/gltf/MaterialFunctions/MF_RotateNormals_TS.uexp" 1232
"../../../Engine/Plugins/Interchange/Assets/Content/gltf/MaterialFunctions/MF_ScaleNormal.uasset" 1233
"../../../Engine/Plugins/Interchange/Assets/Content/gltf/MaterialFunctions/MF_ScaleNormal.uexp" 1234
"../../../Engine/Plugins/Interchange/Assets/Content/gltf/Textures/T_Generic_N.uasset" 1235
"../../../Engine/Plugins/Interchange/Assets/Content/gltf/Textures/T_Generic_N.uexp" 1236
"../../../Engine/Plugins/Interchange/Assets/Content/gltf/MaterialFunctions/MF_Normals.uasset" 1237
"../../../Engine/Plugins/Interchange/Assets/Content/gltf/MaterialFunctions/MF_Normals.uexp" 1238
"../../../Engine/Plugins/Interchange/Assets/Content/gltf/MaterialFunctions/MF_Occlusion.uasset" 1239
"../../../Engine/Plugins/Interchange/Assets/Content/gltf/MaterialFunctions/MF_Occlusion.uexp" 1240
"../../../Engine/Plugins/Interchange/Assets/Content/gltf/MaterialFunctions/MF_Specular.uasset" 1241
"../../../Engine/Plugins/Interchange/Assets/Content/gltf/MaterialFunctions/MF_Specular.uexp" 1242
"../../../Engine/Plugins/Interchange/Assets/Content/gltf/Textures/T_Anisotropy_Direction_Linear.uasset" 1243
"../../../Engine/Plugins/Interchange/Assets/Content/gltf/Textures/T_Anisotropy_Direction_Linear.uexp" 1244
"../../../Engine/Plugins/Interchange/Assets/Content/gltf/MaterialFunctions/MF_SpecularAnisotropy.uasset" 1245
"../../../Engine/Plugins/Interchange/Assets/Content/gltf/MaterialFunctions/MF_SpecularAnisotropy.uexp" 1246
"../../../Engine/Plugins/Interchange/Assets/Content/gltf/MaterialFunctions/MF_Emissive.uasset" 1247
"../../../Engine/Plugins/Interchange/Assets/Content/gltf/MaterialFunctions/MF_Emissive.uexp" 1248
"../../../Engine/Plugins/Interchange/Assets/Content/gltf/MaterialFunctions/MF_Clearcoat.uasset" 1249
"../../../Engine/Plugins/Interchange/Assets/Content/gltf/MaterialFunctions/MF_Clearcoat.uexp" 1250
"../../../Engine/Plugins/Interchange/Assets/Content/gltf/MaterialBodies/MF_ClearCoat_Body.uasset" 1251
"../../../Engine/Plugins/Interchange/Assets/Content/gltf/MaterialBodies/MF_ClearCoat_Body.uexp" 1252
"../../../Engine/Plugins/Interchange/Assets/Content/gltf/M_ClearCoat.uasset" 1253
"../../../Engine/Plugins/Interchange/Assets/Content/gltf/M_ClearCoat.uexp" 1254
"../../../Engine/Plugins/Interchange/Assets/Content/gltf/MaterialInstances/MI_ClearCoat_Blend.uasset" 1255
"../../../Engine/Plugins/Interchange/Assets/Content/gltf/MaterialInstances/MI_ClearCoat_Blend.uexp" 1256
"../../../Engine/Plugins/Interchange/Assets/Content/gltf/MaterialInstances/MI_ClearCoat_Blend_DS.uasset" 1257
"../../../Engine/Plugins/Interchange/Assets/Content/gltf/MaterialInstances/MI_ClearCoat_Blend_DS.uexp" 1258
"../../../Engine/Plugins/Interchange/Assets/Content/gltf/MaterialInstances/MI_ClearCoat_Mask.uasset" 1259
"../../../Engine/Plugins/Interchange/Assets/Content/gltf/MaterialInstances/MI_ClearCoat_Mask.uexp" 1260
"../../../Engine/Plugins/Interchange/Assets/Content/gltf/MaterialInstances/MI_ClearCoat_Mask_DS.uasset" 1261
"../../../Engine/Plugins/Interchange/Assets/Content/gltf/MaterialInstances/MI_ClearCoat_Mask_DS.uexp" 1262
"../../../Engine/Plugins/Interchange/Assets/Content/gltf/MaterialInstances/MI_ClearCoat_Opaque.uasset" 1263
"../../../Engine/Plugins/Interchange/Assets/Content/gltf/MaterialInstances/MI_ClearCoat_Opaque.uexp" 1264
"../../../Engine/Plugins/Interchange/Assets/Content/gltf/MaterialInstances/MI_ClearCoat_Opaque_DS.uasset" 1265
"../../../Engine/Plugins/Interchange/Assets/Content/gltf/MaterialInstances/MI_ClearCoat_Opaque_DS.uexp" 1266
"../../../Engine/Plugins/Interchange/Assets/Content/gltf/MaterialBodies/MF_Default_Body.uasset" 1267
"../../../Engine/Plugins/Interchange/Assets/Content/gltf/MaterialBodies/MF_Default_Body.uexp" 1268
"../../../Engine/Plugins/Interchange/Assets/Content/gltf/M_Default.uasset" 1269
"../../../Engine/Plugins/Interchange/Assets/Content/gltf/M_Default.uexp" 1270
"../../../Engine/Plugins/Interchange/Assets/Content/gltf/MaterialInstances/MI_Default_Blend.uasset" 1271
"../../../Engine/Plugins/Interchange/Assets/Content/gltf/MaterialInstances/MI_Default_Blend.uexp" 1272
"../../../Engine/Plugins/Interchange/Assets/Content/gltf/MaterialInstances/MI_Default_Blend_DS.uasset" 1273
"../../../Engine/Plugins/Interchange/Assets/Content/gltf/MaterialInstances/MI_Default_Blend_DS.uexp" 1274
"../../../Engine/Plugins/Interchange/Assets/Content/gltf/MaterialInstances/MI_Default_Mask.uasset" 1275
"../../../Engine/Plugins/Interchange/Assets/Content/gltf/MaterialInstances/MI_Default_Mask.uexp" 1276
"../../../Engine/Plugins/Interchange/Assets/Content/gltf/MaterialInstances/MI_Default_Mask_DS.uasset" 1277
"../../../Engine/Plugins/Interchange/Assets/Content/gltf/MaterialInstances/MI_Default_Mask_DS.uexp" 1278
"../../../Engine/Plugins/Interchange/Assets/Content/gltf/MaterialInstances/MI_Default_Opaque.uasset" 1279
"../../../Engine/Plugins/Interchange/Assets/Content/gltf/MaterialInstances/MI_Default_Opaque.uexp" 1280
"../../../Engine/Plugins/Interchange/Assets/Content/gltf/MaterialInstances/MI_Default_Opaque_DS.uasset" 1281
"../../../Engine/Plugins/Interchange/Assets/Content/gltf/MaterialInstances/MI_Default_Opaque_DS.uexp" 1282
"../../../Engine/Plugins/Interchange/Assets/Content/gltf/MaterialFunctions/MF_Sheen.uasset" 1283
"../../../Engine/Plugins/Interchange/Assets/Content/gltf/MaterialFunctions/MF_Sheen.uexp" 1284
"../../../Engine/Plugins/Interchange/Assets/Content/gltf/MaterialBodies/MF_Sheen_Body.uasset" 1285
"../../../Engine/Plugins/Interchange/Assets/Content/gltf/MaterialBodies/MF_Sheen_Body.uexp" 1286
"../../../Engine/Plugins/Interchange/Assets/Content/gltf/M_Sheen.uasset" 1287
"../../../Engine/Plugins/Interchange/Assets/Content/gltf/M_Sheen.uexp" 1288
"../../../Engine/Plugins/Interchange/Assets/Content/gltf/MaterialInstances/MI_Sheen_Blend.uasset" 1289
"../../../Engine/Plugins/Interchange/Assets/Content/gltf/MaterialInstances/MI_Sheen_Blend.uexp" 1290
"../../../Engine/Plugins/Interchange/Assets/Content/gltf/MaterialInstances/MI_Sheen_Blend_DS.uasset" 1291
"../../../Engine/Plugins/Interchange/Assets/Content/gltf/MaterialInstances/MI_Sheen_Blend_DS.uexp" 1292
"../../../Engine/Plugins/Interchange/Assets/Content/gltf/MaterialInstances/MI_Sheen_Mask.uasset" 1293
"../../../Engine/Plugins/Interchange/Assets/Content/gltf/MaterialInstances/MI_Sheen_Mask.uexp" 1294
"../../../Engine/Plugins/Interchange/Assets/Content/gltf/MaterialInstances/MI_Sheen_Mask_DS.uasset" 1295
"../../../Engine/Plugins/Interchange/Assets/Content/gltf/MaterialInstances/MI_Sheen_Mask_DS.uexp" 1296
"../../../Engine/Plugins/Interchange/Assets/Content/gltf/MaterialInstances/MI_Sheen_Opaque.uasset" 1297
"../../../Engine/Plugins/Interchange/Assets/Content/gltf/MaterialInstances/MI_Sheen_Opaque.uexp" 1298
"../../../Engine/Plugins/Interchange/Assets/Content/gltf/MaterialInstances/MI_Sheen_Opaque_DS.uasset" 1299
"../../../Engine/Plugins/Interchange/Assets/Content/gltf/MaterialInstances/MI_Sheen_Opaque_DS.uexp" 1300
"../../../Engine/Content/Functions/Engine_MaterialFunctions02/Math/AddComponents.uasset" 1301
"../../../Engine/Content/Functions/Engine_MaterialFunctions02/Math/AddComponents.uexp" 1302
"../../../Engine/Plugins/Interchange/Assets/Content/gltf/MaterialFunctions/MF_DiffuseSpecGloss.uasset" 1303
"../../../Engine/Plugins/Interchange/Assets/Content/gltf/MaterialFunctions/MF_DiffuseSpecGloss.uexp" 1304
"../../../Engine/Plugins/Interchange/Assets/Content/gltf/MaterialFunctions/MF_MaxComponentValue.uasset" 1305
"../../../Engine/Plugins/Interchange/Assets/Content/gltf/MaterialFunctions/MF_MaxComponentValue.uexp" 1306
"../../../Engine/Plugins/Interchange/Assets/Content/gltf/MaterialFunctions/MF_PerceivedBrightness.uasset" 1307
"../../../Engine/Plugins/Interchange/Assets/Content/gltf/MaterialFunctions/MF_PerceivedBrightness.uexp" 1308
"../../../Engine/Plugins/Interchange/Assets/Content/gltf/MaterialFunctions/MF_SpecGlossToMetalRoughness.uasset" 1309
"../../../Engine/Plugins/Interchange/Assets/Content/gltf/MaterialFunctions/MF_SpecGlossToMetalRoughness.uexp" 1310
"../../../Engine/Plugins/Interchange/Assets/Content/gltf/MaterialBodies/MF_SpecularGlossiness_Body.uasset" 1311
"../../../Engine/Plugins/Interchange/Assets/Content/gltf/MaterialBodies/MF_SpecularGlossiness_Body.uexp" 1312
"../../../Engine/Plugins/Interchange/Assets/Content/gltf/M_SpecularGlossiness.uasset" 1313
"../../../Engine/Plugins/Interchange/Assets/Content/gltf/M_SpecularGlossiness.uexp" 1314
"../../../Engine/Plugins/Interchange/Assets/Content/gltf/MaterialInstances/MI_SpecularGlossiness_Blend.uasset" 1315
"../../../Engine/Plugins/Interchange/Assets/Content/gltf/MaterialInstances/MI_SpecularGlossiness_Blend.uexp" 1316
"../../../Engine/Plugins/Interchange/Assets/Content/gltf/MaterialInstances/MI_SpecularGlossiness_Blend_DS.uasset" 1317
"../../../Engine/Plugins/Interchange/Assets/Content/gltf/MaterialInstances/MI_SpecularGlossiness_Blend_DS.uexp" 1318
"../../../Engine/Plugins/Interchange/Assets/Content/gltf/MaterialInstances/MI_SpecularGlossiness_Mask.uasset" 1319
"../../../Engine/Plugins/Interchange/Assets/Content/gltf/MaterialInstances/MI_SpecularGlossiness_Mask.uexp" 1320
"../../../Engine/Plugins/Interchange/Assets/Content/gltf/MaterialInstances/MI_SpecularGlossiness_Mask_DS.uasset" 1321
"../../../Engine/Plugins/Interchange/Assets/Content/gltf/MaterialInstances/MI_SpecularGlossiness_Mask_DS.uexp" 1322
"../../../Engine/Plugins/Interchange/Assets/Content/gltf/MaterialInstances/MI_SpecularGlossiness_Opaque.uasset" 1323
"../../../Engine/Plugins/Interchange/Assets/Content/gltf/MaterialInstances/MI_SpecularGlossiness_Opaque.uexp" 1324
"../../../Engine/Plugins/Interchange/Assets/Content/gltf/MaterialInstances/MI_SpecularGlossiness_Opaque_DS.uasset" 1325
"../../../Engine/Plugins/Interchange/Assets/Content/gltf/MaterialInstances/MI_SpecularGlossiness_Opaque_DS.uexp" 1326
"../../../Engine/Plugins/Interchange/Assets/Content/gltf/MaterialFunctions/MF_Fresnel_DS.uasset" 1327
"../../../Engine/Plugins/Interchange/Assets/Content/gltf/MaterialFunctions/MF_Fresnel_DS.uexp" 1328
"../../../Engine/Plugins/Interchange/Assets/Content/gltf/MaterialFunctions/MF_Temporal_Blur.uasset" 1329
"../../../Engine/Plugins/Interchange/Assets/Content/gltf/MaterialFunctions/MF_Temporal_Blur.uexp" 1330
"../../../Engine/Plugins/Interchange/Assets/Content/gltf/MaterialFunctions/MF_Transmission.uasset" 1331
"../../../Engine/Plugins/Interchange/Assets/Content/gltf/MaterialFunctions/MF_Transmission.uexp" 1332
"../../../Engine/Plugins/Interchange/Assets/Content/gltf/MaterialBodies/MF_Transmission_Body.uasset" 1333
"../../../Engine/Plugins/Interchange/Assets/Content/gltf/MaterialBodies/MF_Transmission_Body.uexp" 1334
"../../../Engine/Plugins/Interchange/Assets/Content/gltf/M_Transmission.uasset" 1335
"../../../Engine/Plugins/Interchange/Assets/Content/gltf/M_Transmission.uexp" 1336
"../../../Engine/Plugins/Interchange/Assets/Content/gltf/MaterialInstances/MI_Transmission.uasset" 1337
"../../../Engine/Plugins/Interchange/Assets/Content/gltf/MaterialInstances/MI_Transmission.uexp" 1338
"../../../Engine/Plugins/Interchange/Assets/Content/gltf/MaterialInstances/MI_Transmission_DS.uasset" 1339
"../../../Engine/Plugins/Interchange/Assets/Content/gltf/MaterialInstances/MI_Transmission_DS.uexp" 1340
"../../../Engine/Plugins/Interchange/Assets/Content/gltf/MaterialBodies/MF_Unlit_Body.uasset" 1341
"../../../Engine/Plugins/Interchange/Assets/Content/gltf/MaterialBodies/MF_Unlit_Body.uexp" 1342
"../../../Engine/Plugins/Interchange/Assets/Content/gltf/M_Unlit.uasset" 1343
"../../../Engine/Plugins/Interchange/Assets/Content/gltf/M_Unlit.uexp" 1344
"../../../Engine/Plugins/Interchange/Assets/Content/gltf/MaterialInstances/MI_Unlit_Blend.uasset" 1345
"../../../Engine/Plugins/Interchange/Assets/Content/gltf/MaterialInstances/MI_Unlit_Blend.uexp" 1346
"../../../Engine/Plugins/Interchange/Assets/Content/gltf/MaterialInstances/MI_Unlit_Blend_DS.uasset" 1347
"../../../Engine/Plugins/Interchange/Assets/Content/gltf/MaterialInstances/MI_Unlit_Blend_DS.uexp" 1348
"../../../Engine/Plugins/Interchange/Assets/Content/gltf/MaterialInstances/MI_Unlit_Mask.uasset" 1349
"../../../Engine/Plugins/Interchange/Assets/Content/gltf/MaterialInstances/MI_Unlit_Mask.uexp" 1350
"../../../Engine/Plugins/Interchange/Assets/Content/gltf/MaterialInstances/MI_Unlit_Mask_DS.uasset" 1351
"../../../Engine/Plugins/Interchange/Assets/Content/gltf/MaterialInstances/MI_Unlit_Mask_DS.uexp" 1352
"../../../Engine/Plugins/Interchange/Assets/Content/gltf/MaterialInstances/MI_Unlit_Opaque.uasset" 1353
"../../../Engine/Plugins/Interchange/Assets/Content/gltf/MaterialInstances/MI_Unlit_Opaque.uexp" 1354
"../../../Engine/Plugins/Interchange/Assets/Content/gltf/MaterialInstances/MI_Unlit_Opaque_DS.uasset" 1355
"../../../Engine/Plugins/Interchange/Assets/Content/gltf/MaterialInstances/MI_Unlit_Opaque_DS.uexp" 1356
"../../../Engine/Content/EngineMaterials/WeightMapArrayPlaceholderTexture.uasset" 1357
"../../../Engine/Content/EngineMaterials/WeightMapArrayPlaceholderTexture.uexp" 1358
"../../../Engine/Content/EngineResources/WhiteSquareTexture.uasset" 1359
"../../../Engine/Content/EngineResources/WhiteSquareTexture.uexp" 1360
"../../../Engine/Content/EngineMaterials/Widget3DPassThrough.uasset" 1361
"../../../Engine/Content/EngineMaterials/Widget3DPassThrough.uexp" 1362
"../../../Engine/Content/EngineMaterials/Widget3DPassThrough_Masked.uasset" 1363
"../../../Engine/Content/EngineMaterials/Widget3DPassThrough_Masked.uexp" 1364
"../../../Engine/Content/EngineMaterials/Widget3DPassThrough_Opaque.uasset" 1365
"../../../Engine/Content/EngineMaterials/Widget3DPassThrough_Opaque.uexp" 1366
"../../../Engine/Content/EngineMaterials/Widget3DPassThrough_Masked_OneSided.uasset" 1367
"../../../Engine/Content/EngineMaterials/Widget3DPassThrough_Masked_OneSided.uexp" 1368
"../../../Engine/Content/EngineMaterials/Widget3DPassThrough_Opaque_OneSided.uasset" 1369
"../../../Engine/Content/EngineMaterials/Widget3DPassThrough_Opaque_OneSided.uexp" 1370
"../../../Engine/Content/EngineMaterials/Widget3DPassThrough_Translucent.uasset" 1371
"../../../Engine/Content/EngineMaterials/Widget3DPassThrough_Translucent.uexp" 1372
"../../../Engine/Content/EngineMaterials/Widget3DPassThrough_Translucent_OneSided.uasset" 1373
"../../../Engine/Content/EngineMaterials/Widget3DPassThrough_Translucent_OneSided.uexp" 1374
"../../../Engine/Plugins/Animation/ControlRig/Content/Controls/ControlRig_Arrow2_1mm.ubulk" 1375
"../../../Engine/Plugins/Animation/ControlRig/Content/Controls/ControlRig_Arrow2_1mm.uasset" 1376
"../../../Engine/Plugins/Animation/ControlRig/Content/Controls/ControlRig_Arrow2_1mm.uexp" 1377
"../../../Engine/Plugins/Animation/ControlRig/Content/Controls/ControlRig_Arrow2_3mm.ubulk" 1378
"../../../Engine/Plugins/Animation/ControlRig/Content/Controls/ControlRig_Arrow2_3mm.uasset" 1379
"../../../Engine/Plugins/Animation/ControlRig/Content/Controls/ControlRig_Arrow2_3mm.uexp" 1380
"../../../Engine/Plugins/Animation/ControlRig/Content/Controls/ControlRig_Arrow2_solid.ubulk" 1381
"../../../Engine/Plugins/Animation/ControlRig/Content/Controls/ControlRig_Arrow2_solid.uasset" 1382
"../../../Engine/Plugins/Animation/ControlRig/Content/Controls/ControlRig_Arrow2_solid.uexp" 1383
"../../../Engine/Plugins/Animation/ControlRig/Content/Controls/ControlRig_Arrow4_1mm.ubulk" 1384
"../../../Engine/Plugins/Animation/ControlRig/Content/Controls/ControlRig_Arrow4_1mm.uasset" 1385
"../../../Engine/Plugins/Animation/ControlRig/Content/Controls/ControlRig_Arrow4_1mm.uexp" 1386
"../../../Engine/Plugins/Animation/ControlRig/Content/Controls/ControlRig_Arrow4_3mm.ubulk" 1387
"../../../Engine/Plugins/Animation/ControlRig/Content/Controls/ControlRig_Arrow4_3mm.uasset" 1388
"../../../Engine/Plugins/Animation/ControlRig/Content/Controls/ControlRig_Arrow4_3mm.uexp" 1389
"../../../Engine/Plugins/Animation/ControlRig/Content/Controls/ControlRig_Arrow4_solid.ubulk" 1390
"../../../Engine/Plugins/Animation/ControlRig/Content/Controls/ControlRig_Arrow4_solid.uasset" 1391
"../../../Engine/Plugins/Animation/ControlRig/Content/Controls/ControlRig_Arrow4_solid.uexp" 1392
"../../../Engine/Plugins/Animation/ControlRig/Content/Controls/ControlRig_Arrow_1mm.ubulk" 1393
"../../../Engine/Plugins/Animation/ControlRig/Content/Controls/ControlRig_Arrow_1mm.uasset" 1394
"../../../Engine/Plugins/Animation/ControlRig/Content/Controls/ControlRig_Arrow_1mm.uexp" 1395
"../../../Engine/Plugins/Animation/ControlRig/Content/Controls/ControlRig_Arrow_3mm.ubulk" 1396
"../../../Engine/Plugins/Animation/ControlRig/Content/Controls/ControlRig_Arrow_3mm.uasset" 1397
"../../../Engine/Plugins/Animation/ControlRig/Content/Controls/ControlRig_Arrow_3mm.uexp" 1398
"../../../Engine/Plugins/Animation/ControlRig/Content/Controls/ControlRig_Arrow_solid.ubulk" 1399
"../../../Engine/Plugins/Animation/ControlRig/Content/Controls/ControlRig_Arrow_solid.uasset" 1400
"../../../Engine/Plugins/Animation/ControlRig/Content/Controls/ControlRig_Arrow_solid.uexp" 1401
"../../../Engine/Plugins/Animation/ControlRig/Content/Controls/ControlRig_Box_1mm.ubulk" 1402
"../../../Engine/Plugins/Animation/ControlRig/Content/Controls/ControlRig_Box_1mm.uasset" 1403
"../../../Engine/Plugins/Animation/ControlRig/Content/Controls/ControlRig_Box_1mm.uexp" 1404
"../../../Engine/Plugins/Animation/ControlRig/Content/Controls/ControlRig_Box_3mm.ubulk" 1405
"../../../Engine/Plugins/Animation/ControlRig/Content/Controls/ControlRig_Box_3mm.uasset" 1406
"../../../Engine/Plugins/Animation/ControlRig/Content/Controls/ControlRig_Box_3mm.uexp" 1407
"../../../Engine/Plugins/Animation/ControlRig/Content/Controls/ControlRig_Box_solid.ubulk" 1408
"../../../Engine/Plugins/Animation/ControlRig/Content/Controls/ControlRig_Box_solid.uasset" 1409
"../../../Engine/Plugins/Animation/ControlRig/Content/Controls/ControlRig_Box_solid.uexp" 1410
"../../../Engine/Plugins/Animation/ControlRig/Content/Controls/ControlRig_Circle_1mm.ubulk" 1411
"../../../Engine/Plugins/Animation/ControlRig/Content/Controls/ControlRig_Circle_1mm.uasset" 1412
"../../../Engine/Plugins/Animation/ControlRig/Content/Controls/ControlRig_Circle_1mm.uexp" 1413
"../../../Engine/Plugins/Animation/ControlRig/Content/Controls/ControlRig_Circle_3mm.ubulk" 1414
"../../../Engine/Plugins/Animation/ControlRig/Content/Controls/ControlRig_Circle_3mm.uasset" 1415
"../../../Engine/Plugins/Animation/ControlRig/Content/Controls/ControlRig_Circle_3mm.uexp" 1416
"../../../Engine/Plugins/Animation/ControlRig/Content/Controls/ControlRig_Circle_solid.ubulk" 1417
"../../../Engine/Plugins/Animation/ControlRig/Content/Controls/ControlRig_Circle_solid.uasset" 1418
"../../../Engine/Plugins/Animation/ControlRig/Content/Controls/ControlRig_Circle_solid.uexp" 1419
"../../../Engine/Plugins/Animation/ControlRig/Content/Controls/ControlRig_Diamond_1mm.ubulk" 1420
"../../../Engine/Plugins/Animation/ControlRig/Content/Controls/ControlRig_Diamond_1mm.uasset" 1421
"../../../Engine/Plugins/Animation/ControlRig/Content/Controls/ControlRig_Diamond_1mm.uexp" 1422
"../../../Engine/Plugins/Animation/ControlRig/Content/Controls/ControlRig_Diamond_3mm.ubulk" 1423
"../../../Engine/Plugins/Animation/ControlRig/Content/Controls/ControlRig_Diamond_3mm.uasset" 1424
"../../../Engine/Plugins/Animation/ControlRig/Content/Controls/ControlRig_Diamond_3mm.uexp" 1425
"../../../Engine/Plugins/Animation/ControlRig/Content/Controls/ControlRig_Diamond_solid.ubulk" 1426
"../../../Engine/Plugins/Animation/ControlRig/Content/Controls/ControlRig_Diamond_solid.uasset" 1427
"../../../Engine/Plugins/Animation/ControlRig/Content/Controls/ControlRig_Diamond_solid.uexp" 1428
"../../../Engine/Plugins/Animation/ControlRig/Content/Controls/ControlRig_HalfCircle_1mm.ubulk" 1429
"../../../Engine/Plugins/Animation/ControlRig/Content/Controls/ControlRig_HalfCircle_1mm.uasset" 1430
"../../../Engine/Plugins/Animation/ControlRig/Content/Controls/ControlRig_HalfCircle_1mm.uexp" 1431
"../../../Engine/Plugins/Animation/ControlRig/Content/Controls/ControlRig_HalfCircle_3mm.ubulk" 1432
"../../../Engine/Plugins/Animation/ControlRig/Content/Controls/ControlRig_HalfCircle_3mm.uasset" 1433
"../../../Engine/Plugins/Animation/ControlRig/Content/Controls/ControlRig_HalfCircle_3mm.uexp" 1434
"../../../Engine/Plugins/Animation/ControlRig/Content/Controls/ControlRig_HalfCircle_solid.ubulk" 1435
"../../../Engine/Plugins/Animation/ControlRig/Content/Controls/ControlRig_HalfCircle_solid.uasset" 1436
"../../../Engine/Plugins/Animation/ControlRig/Content/Controls/ControlRig_HalfCircle_solid.uexp" 1437
"../../../Engine/Plugins/Animation/ControlRig/Content/Controls/ControlRig_Hexagon_1mm.ubulk" 1438
"../../../Engine/Plugins/Animation/ControlRig/Content/Controls/ControlRig_Hexagon_1mm.uasset" 1439
"../../../Engine/Plugins/Animation/ControlRig/Content/Controls/ControlRig_Hexagon_1mm.uexp" 1440
"../../../Engine/Plugins/Animation/ControlRig/Content/Controls/ControlRig_Hexagon_3mm.ubulk" 1441
"../../../Engine/Plugins/Animation/ControlRig/Content/Controls/ControlRig_Hexagon_3mm.uasset" 1442
"../../../Engine/Plugins/Animation/ControlRig/Content/Controls/ControlRig_Hexagon_3mm.uexp" 1443
"../../../Engine/Plugins/Animation/ControlRig/Content/Controls/ControlRig_Hexagon_solid.ubulk" 1444
"../../../Engine/Plugins/Animation/ControlRig/Content/Controls/ControlRig_Hexagon_solid.uasset" 1445
"../../../Engine/Plugins/Animation/ControlRig/Content/Controls/ControlRig_Hexagon_solid.uexp" 1446
"../../../Engine/Plugins/Animation/ControlRig/Content/Controls/ControlRig_Octagon_1mm.ubulk" 1447
"../../../Engine/Plugins/Animation/ControlRig/Content/Controls/ControlRig_Octagon_1mm.uasset" 1448
"../../../Engine/Plugins/Animation/ControlRig/Content/Controls/ControlRig_Octagon_1mm.uexp" 1449
"../../../Engine/Plugins/Animation/ControlRig/Content/Controls/ControlRig_Octagon_3mm.ubulk" 1450
"../../../Engine/Plugins/Animation/ControlRig/Content/Controls/ControlRig_Octagon_3mm.uasset" 1451
"../../../Engine/Plugins/Animation/ControlRig/Content/Controls/ControlRig_Octagon_3mm.uexp" 1452
"../../../Engine/Plugins/Animation/ControlRig/Content/Controls/ControlRig_Octagon_solid.ubulk" 1453
"../../../Engine/Plugins/Animation/ControlRig/Content/Controls/ControlRig_Octagon_solid.uasset" 1454
"../../../Engine/Plugins/Animation/ControlRig/Content/Controls/ControlRig_Octagon_solid.uexp" 1455
"../../../Engine/Plugins/Animation/ControlRig/Content/Controls/ControlRig_Pyramid_1mm.ubulk" 1456
"../../../Engine/Plugins/Animation/ControlRig/Content/Controls/ControlRig_Pyramid_1mm.uasset" 1457
"../../../Engine/Plugins/Animation/ControlRig/Content/Controls/ControlRig_Pyramid_1mm.uexp" 1458
"../../../Engine/Plugins/Animation/ControlRig/Content/Controls/ControlRig_Pyramid_3mm.ubulk" 1459
"../../../Engine/Plugins/Animation/ControlRig/Content/Controls/ControlRig_Pyramid_3mm.uasset" 1460
"../../../Engine/Plugins/Animation/ControlRig/Content/Controls/ControlRig_Pyramid_3mm.uexp" 1461
"../../../Engine/Plugins/Animation/ControlRig/Content/Controls/ControlRig_Pyramid_solid.ubulk" 1462
"../../../Engine/Plugins/Animation/ControlRig/Content/Controls/ControlRig_Pyramid_solid.uasset" 1463
"../../../Engine/Plugins/Animation/ControlRig/Content/Controls/ControlRig_Pyramid_solid.uexp" 1464
"../../../Engine/Plugins/Animation/ControlRig/Content/Controls/ControlRig_QuarterCircle_1mm.ubulk" 1465
"../../../Engine/Plugins/Animation/ControlRig/Content/Controls/ControlRig_QuarterCircle_1mm.uasset" 1466
"../../../Engine/Plugins/Animation/ControlRig/Content/Controls/ControlRig_QuarterCircle_1mm.uexp" 1467
"../../../Engine/Plugins/Animation/ControlRig/Content/Controls/ControlRig_QuarterCircle_3mm.ubulk" 1468
"../../../Engine/Plugins/Animation/ControlRig/Content/Controls/ControlRig_QuarterCircle_3mm.uasset" 1469
"../../../Engine/Plugins/Animation/ControlRig/Content/Controls/ControlRig_QuarterCircle_3mm.uexp" 1470
"../../../Engine/Plugins/Animation/ControlRig/Content/Controls/ControlRig_QuarterCircle_solid.ubulk" 1471
"../../../Engine/Plugins/Animation/ControlRig/Content/Controls/ControlRig_QuarterCircle_solid.uasset" 1472
"../../../Engine/Plugins/Animation/ControlRig/Content/Controls/ControlRig_QuarterCircle_solid.uexp" 1473
"../../../Engine/Plugins/Animation/ControlRig/Content/Controls/ControlRig_RoundedSquare_1mm.ubulk" 1474
"../../../Engine/Plugins/Animation/ControlRig/Content/Controls/ControlRig_RoundedSquare_1mm.uasset" 1475
"../../../Engine/Plugins/Animation/ControlRig/Content/Controls/ControlRig_RoundedSquare_1mm.uexp" 1476
"../../../Engine/Plugins/Animation/ControlRig/Content/Controls/ControlRig_RoundedSquare_3mm.ubulk" 1477
"../../../Engine/Plugins/Animation/ControlRig/Content/Controls/ControlRig_RoundedSquare_3mm.uasset" 1478
"../../../Engine/Plugins/Animation/ControlRig/Content/Controls/ControlRig_RoundedSquare_3mm.uexp" 1479
"../../../Engine/Plugins/Animation/ControlRig/Content/Controls/ControlRig_RoundedSquare_solid.ubulk" 1480
"../../../Engine/Plugins/Animation/ControlRig/Content/Controls/ControlRig_RoundedSquare_solid.uasset" 1481
"../../../Engine/Plugins/Animation/ControlRig/Content/Controls/ControlRig_RoundedSquare_solid.uexp" 1482
"../../../Engine/Plugins/Animation/ControlRig/Content/Controls/ControlRig_RoundedTriangle_1mm.ubulk" 1483
"../../../Engine/Plugins/Animation/ControlRig/Content/Controls/ControlRig_RoundedTriangle_1mm.uasset" 1484
"../../../Engine/Plugins/Animation/ControlRig/Content/Controls/ControlRig_RoundedTriangle_1mm.uexp" 1485
"../../../Engine/Plugins/Animation/ControlRig/Content/Controls/ControlRig_RoundedTriangle_3mm.ubulk" 1486
"../../../Engine/Plugins/Animation/ControlRig/Content/Controls/ControlRig_RoundedTriangle_3mm.uasset" 1487
"../../../Engine/Plugins/Animation/ControlRig/Content/Controls/ControlRig_RoundedTriangle_3mm.uexp" 1488
"../../../Engine/Plugins/Animation/ControlRig/Content/Controls/ControlRig_RoundedTriangle_solid.ubulk" 1489
"../../../Engine/Plugins/Animation/ControlRig/Content/Controls/ControlRig_RoundedTriangle_solid.uasset" 1490
"../../../Engine/Plugins/Animation/ControlRig/Content/Controls/ControlRig_RoundedTriangle_solid.uexp" 1491
"../../../Engine/Plugins/Animation/ControlRig/Content/Controls/ControlRig_Sphere_1mm.ubulk" 1492
"../../../Engine/Plugins/Animation/ControlRig/Content/Controls/ControlRig_Sphere_1mm.uasset" 1493
"../../../Engine/Plugins/Animation/ControlRig/Content/Controls/ControlRig_Sphere_1mm.uexp" 1494
"../../../Engine/Plugins/Animation/ControlRig/Content/Controls/ControlRig_Sphere_3mm.ubulk" 1495
"../../../Engine/Plugins/Animation/ControlRig/Content/Controls/ControlRig_Sphere_3mm.uasset" 1496
"../../../Engine/Plugins/Animation/ControlRig/Content/Controls/ControlRig_Sphere_3mm.uexp" 1497
"../../../Engine/Plugins/Animation/ControlRig/Content/Controls/ControlRig_Sphere_solid.ubulk" 1498
"../../../Engine/Plugins/Animation/ControlRig/Content/Controls/ControlRig_Sphere_solid.uasset" 1499
"../../../Engine/Plugins/Animation/ControlRig/Content/Controls/ControlRig_Sphere_solid.uexp" 1500
"../../../Engine/Plugins/Animation/ControlRig/Content/Controls/ControlRig_Square_1mm.ubulk" 1501
"../../../Engine/Plugins/Animation/ControlRig/Content/Controls/ControlRig_Square_1mm.uasset" 1502
"../../../Engine/Plugins/Animation/ControlRig/Content/Controls/ControlRig_Square_1mm.uexp" 1503
"../../../Engine/Plugins/Animation/ControlRig/Content/Controls/ControlRig_Square_3mm.ubulk" 1504
"../../../Engine/Plugins/Animation/ControlRig/Content/Controls/ControlRig_Square_3mm.uasset" 1505
"../../../Engine/Plugins/Animation/ControlRig/Content/Controls/ControlRig_Square_3mm.uexp" 1506
"../../../Engine/Plugins/Animation/ControlRig/Content/Controls/ControlRig_Square_solid.ubulk" 1507
"../../../Engine/Plugins/Animation/ControlRig/Content/Controls/ControlRig_Square_solid.uasset" 1508
"../../../Engine/Plugins/Animation/ControlRig/Content/Controls/ControlRig_Square_solid.uexp" 1509
"../../../Engine/Plugins/Animation/ControlRig/Content/Controls/ControlRig_Star4_1mm.ubulk" 1510
"../../../Engine/Plugins/Animation/ControlRig/Content/Controls/ControlRig_Star4_1mm.uasset" 1511
"../../../Engine/Plugins/Animation/ControlRig/Content/Controls/ControlRig_Star4_1mm.uexp" 1512
"../../../Engine/Plugins/Animation/ControlRig/Content/Controls/ControlRig_Star4_3mm.ubulk" 1513
"../../../Engine/Plugins/Animation/ControlRig/Content/Controls/ControlRig_Star4_3mm.uasset" 1514
"../../../Engine/Plugins/Animation/ControlRig/Content/Controls/ControlRig_Star4_3mm.uexp" 1515
"../../../Engine/Plugins/Animation/ControlRig/Content/Controls/ControlRig_Star4_solid.ubulk" 1516
"../../../Engine/Plugins/Animation/ControlRig/Content/Controls/ControlRig_Star4_solid.uasset" 1517
"../../../Engine/Plugins/Animation/ControlRig/Content/Controls/ControlRig_Star4_solid.uexp" 1518
"../../../Engine/Plugins/Animation/ControlRig/Content/Controls/ControlRig_Triangle_1mm.ubulk" 1519
"../../../Engine/Plugins/Animation/ControlRig/Content/Controls/ControlRig_Triangle_1mm.uasset" 1520
"../../../Engine/Plugins/Animation/ControlRig/Content/Controls/ControlRig_Triangle_1mm.uexp" 1521
"../../../Engine/Plugins/Animation/ControlRig/Content/Controls/ControlRig_Triangle_3mm.ubulk" 1522
"../../../Engine/Plugins/Animation/ControlRig/Content/Controls/ControlRig_Triangle_3mm.uasset" 1523
"../../../Engine/Plugins/Animation/ControlRig/Content/Controls/ControlRig_Triangle_3mm.uexp" 1524
"../../../Engine/Plugins/Animation/ControlRig/Content/Controls/ControlRig_Triangle_solid.ubulk" 1525
"../../../Engine/Plugins/Animation/ControlRig/Content/Controls/ControlRig_Triangle_solid.uasset" 1526
"../../../Engine/Plugins/Animation/ControlRig/Content/Controls/ControlRig_Triangle_solid.uexp" 1527
"../../../Engine/Plugins/Animation/ControlRig/Content/Controls/ControlRig_Wedge_1mm.ubulk" 1528
"../../../Engine/Plugins/Animation/ControlRig/Content/Controls/ControlRig_Wedge_1mm.uasset" 1529
"../../../Engine/Plugins/Animation/ControlRig/Content/Controls/ControlRig_Wedge_1mm.uexp" 1530
"../../../Engine/Plugins/Animation/ControlRig/Content/Controls/ControlRig_Wedge_3mm.ubulk" 1531
"../../../Engine/Plugins/Animation/ControlRig/Content/Controls/ControlRig_Wedge_3mm.uasset" 1532
"../../../Engine/Plugins/Animation/ControlRig/Content/Controls/ControlRig_Wedge_3mm.uexp" 1533
"../../../Engine/Plugins/Animation/ControlRig/Content/Controls/ControlRig_Wedge_solid.ubulk" 1534
"../../../Engine/Plugins/Animation/ControlRig/Content/Controls/ControlRig_Wedge_solid.uasset" 1535
"../../../Engine/Plugins/Animation/ControlRig/Content/Controls/ControlRig_Wedge_solid.uexp" 1536
"../../../Engine/Content/EditorLandscapeResources/ColorMaskBrushMaterial.uasset" 1537
"../../../Engine/Content/EditorLandscapeResources/ColorMaskBrushMaterial.uexp" 1538
"../../../Engine/Content/EditorLandscapeResources/ColorMaskBrushMaterial_MaskedRegion.uasset" 1539
"../../../Engine/Content/EditorLandscapeResources/ColorMaskBrushMaterial_MaskedRegion.uexp" 1540
"../../../Engine/Content/Functions/Engine_MaterialFunctions03/Math/WithinRangeFloat2.uasset" 1541
"../../../Engine/Content/Functions/Engine_MaterialFunctions03/Math/WithinRangeFloat2.uexp" 1542
"../../../Engine/Content/EditorLandscapeResources/MaskBrushMaterial.uasset" 1543
"../../../Engine/Content/EditorLandscapeResources/MaskBrushMaterial.uexp" 1544
"../../../Engine/Content/EditorLandscapeResources/MaskBrushMaterial_MaskedRegion.uasset" 1545
"../../../Engine/Content/EditorLandscapeResources/MaskBrushMaterial_MaskedRegion.uexp" 1546
"../../../Engine/Content/EditorLandscapeResources/SelectBrushMaterial.uasset" 1547
"../../../Engine/Content/EditorLandscapeResources/SelectBrushMaterial.uexp" 1548
"../../../Engine/Content/EditorLandscapeResources/SelectBrushMaterial_Selected.uasset" 1549
"../../../Engine/Content/EditorLandscapeResources/SelectBrushMaterial_Selected.uexp" 1550
"../../../Engine/Content/EditorLandscapeResources/SelectBrushMaterial_SelectedRegion.uasset" 1551
"../../../Engine/Content/EditorLandscapeResources/SelectBrushMaterial_SelectedRegion.uexp" 1552
"../../../Engine/Content/EditorLandscapeResources/SplineEditorMeshMat.uasset" 1553
"../../../Engine/Content/EditorLandscapeResources/SplineEditorMeshMat.uexp" 1554
"../../../Engine/Content/EditorLandscapeResources/SplineEditorMesh.ubulk" 1555
"../../../Engine/Content/EditorLandscapeResources/SplineEditorMesh.uasset" 1556
"../../../Engine/Content/EditorLandscapeResources/SplineEditorMesh.uexp" 1557
"../../../Engine/Content/EngineMaterials/DefaultMaterial.uasset" 1558
"../../../Engine/Content/EngineMaterials/DefaultMaterial.uexp" 1559
"../../../Engine/Content/BasicShapes/Cone.ubulk" 1560
"../../../Engine/Content/BasicShapes/Cone.uasset" 1561
"../../../Engine/Content/BasicShapes/Cone.uexp" 1562
"../../../Engine/Content/BasicShapes/Cube.ubulk" 1563
"../../../Engine/Content/BasicShapes/Cube.uasset" 1564
"../../../Engine/Content/BasicShapes/Cube.uexp" 1565
"../../../Engine/Content/BasicShapes/Cylinder.ubulk" 1566
"../../../Engine/Content/BasicShapes/Cylinder.uasset" 1567
"../../../Engine/Content/BasicShapes/Cylinder.uexp" 1568
"../../../Engine/Content/BasicShapes/Plane.ubulk" 1569
"../../../Engine/Content/BasicShapes/Plane.uasset" 1570
"../../../Engine/Content/BasicShapes/Plane.uexp" 1571
"../../../Engine/Content/BasicShapes/Sphere.ubulk" 1572
"../../../Engine/Content/BasicShapes/Sphere.uasset" 1573
"../../../Engine/Content/BasicShapes/Sphere.uexp" 1574
"../../../Engine/Plugins/Media/MediaPlate/Content/SM_MediaPlateScreen.ubulk" 1575
"../../../Engine/Plugins/Media/MediaPlate/Content/SM_MediaPlateScreen.uasset" 1576
"../../../Engine/Plugins/Media/MediaPlate/Content/SM_MediaPlateScreen.uexp" 1577
"../../../Engine/Plugins/NNE/NNEDenoiser/Content/NNE_oidn2-3-0_rt_hdr_alb_nrm_small__dyn__fp16_opset11_DenoiseAlpha.uasset" 1578
"../../../Engine/Plugins/NNE/NNEDenoiser/Content/NNE_oidn2-3-0_rt_hdr_alb_nrm_small__dyn__fp16_opset11_DenoiseAlpha.uexp" 1579
"../../../Engine/Plugins/NNE/NNEDenoiser/Content/NNE_oidn2-3-0_rt_hdr_alb_nrm_small__dyn__fp16_opset11_ForwardAlpha.uasset" 1580
"../../../Engine/Plugins/NNE/NNEDenoiser/Content/NNE_oidn2-3-0_rt_hdr_alb_nrm_small__dyn__fp16_opset11_ForwardAlpha.uexp" 1581
"../../../Engine/Plugins/NNE/NNEDenoiser/Content/NNE_oidn2-3-0_rt_hdr_alb_nrm__dyn__fp16_opset11_DenoiseAlpha.uasset" 1582
"../../../Engine/Plugins/NNE/NNEDenoiser/Content/NNE_oidn2-3-0_rt_hdr_alb_nrm__dyn__fp16_opset11_DenoiseAlpha.uexp" 1583
"../../../Engine/Plugins/NNE/NNEDenoiser/Content/NNE_oidn2-3-0_rt_hdr_alb_nrm__dyn__fp16_opset11_ForwardAlpha.uasset" 1584
"../../../Engine/Plugins/NNE/NNEDenoiser/Content/NNE_oidn2-3-0_rt_hdr_alb_nrm__dyn__fp16_opset11_ForwardAlpha.uexp" 1585
"../../../Engine/Plugins/NNE/NNEDenoiser/Content/NNE_oidn2-3-0_rt_hdr_calb_cnrm_large__dyn__fp16_opset11_DenoiseAlpha.uasset" 1586
"../../../Engine/Plugins/NNE/NNEDenoiser/Content/NNE_oidn2-3-0_rt_hdr_calb_cnrm_large__dyn__fp16_opset11_DenoiseAlpha.uexp" 1587
"../../../Engine/Plugins/NNE/NNEDenoiser/Content/NNE_oidn2-3-0_rt_hdr_calb_cnrm_large__dyn__fp16_opset11_ForwardAlpha.uasset" 1588
"../../../Engine/Plugins/NNE/NNEDenoiser/Content/NNE_oidn2-3-0_rt_hdr_calb_cnrm_large__dyn__fp16_opset11_ForwardAlpha.uexp" 1589
"../../../Engine/Plugins/2D/Paper2D/Content/DefaultSpriteMaterial.uasset" 1590
"../../../Engine/Plugins/2D/Paper2D/Content/DefaultSpriteMaterial.uexp" 1591
"../../../Engine/Plugins/2D/Paper2D/Content/MaskedUnlitSpriteMaterial.uasset" 1592
"../../../Engine/Plugins/2D/Paper2D/Content/MaskedUnlitSpriteMaterial.uexp" 1593
"../../../Engine/Plugins/2D/Paper2D/Content/OpaqueUnlitSpriteMaterial.uasset" 1594
"../../../Engine/Plugins/2D/Paper2D/Content/OpaqueUnlitSpriteMaterial.uexp" 1595
"C:/Users/2101501/Documents/GitHub/PenGwyn-Honours-Project/PenGwyn/Content/ThirdPerson/IntoSequence.uasset" 1596
"C:/Users/2101501/Documents/GitHub/PenGwyn-Honours-Project/PenGwyn/Content/ThirdPerson/IntoSequence.uexp" 1597
"../../../Engine/Content/EngineResources/LandscapeVisibilityLayerInfo.uasset" 1598
"../../../Engine/Content/EngineResources/LandscapeVisibilityLayerInfo.uexp" 1599
"../../../Engine/Content/VREditor/Sounds/UI/Drop_Item_From_ContentBrowser.ubulk" 1600
"../../../Engine/Content/VREditor/Sounds/UI/Drop_Item_From_ContentBrowser.uasset" 1601
"../../../Engine/Content/VREditor/Sounds/UI/Drop_Item_From_ContentBrowser.uexp" 1602
"../../../Engine/Content/VREditor/Sounds/UI/Gizmo_Handle_Clicked.ubulk" 1603
"../../../Engine/Content/VREditor/Sounds/UI/Gizmo_Handle_Clicked.uasset" 1604
"../../../Engine/Content/VREditor/Sounds/UI/Gizmo_Handle_Clicked.uexp" 1605
"../../../Engine/Content/VREditor/Sounds/UI/Object_PickUp.ubulk" 1606
"../../../Engine/Content/VREditor/Sounds/UI/Object_PickUp.uasset" 1607
"../../../Engine/Content/VREditor/Sounds/UI/Object_PickUp.uexp" 1608
"../../../Engine/Content/VREditor/Sounds/UI/Object_Snaps_To_Another_Actor.ubulk" 1609
"../../../Engine/Content/VREditor/Sounds/UI/Object_Snaps_To_Another_Actor.uasset" 1610
"../../../Engine/Content/VREditor/Sounds/UI/Object_Snaps_To_Another_Actor.uexp" 1611
"../../../Engine/Content/VREditor/Sounds/UI/Object_Snaps_To_Grid.ubulk" 1612
"../../../Engine/Content/VREditor/Sounds/UI/Object_Snaps_To_Grid.uasset" 1613
"../../../Engine/Content/VREditor/Sounds/UI/Object_Snaps_To_Grid.uexp" 1614
"../../../Engine/Content/VREditor/Sounds/UI/Scaling_Down.ubulk" 1615
"../../../Engine/Content/VREditor/Sounds/UI/Scaling_Down.uasset" 1616
"../../../Engine/Content/VREditor/Sounds/UI/Scaling_Down.uexp" 1617
"../../../Engine/Content/VREditor/Sounds/UI/Scaling_Up.ubulk" 1618
"../../../Engine/Content/VREditor/Sounds/UI/Scaling_Up.uasset" 1619
"../../../Engine/Content/VREditor/Sounds/UI/Scaling_Up.uexp" 1620
"../../../Engine/Content/VREditor/Sounds/UI/Selection_Changes.ubulk" 1621
"../../../Engine/Content/VREditor/Sounds/UI/Selection_Changes.uasset" 1622
"../../../Engine/Content/VREditor/Sounds/UI/Selection_Changes.uexp" 1623
"../../../Engine/Content/VREditor/SnapGrid/SnapGridMaterial.uasset" 1624
"../../../Engine/Content/VREditor/SnapGrid/SnapGridMaterial.uexp" 1625
"../../../Engine/Content/VREditor/SnapGrid/SnapGridPlaneMesh.ubulk" 1626
"../../../Engine/Content/VREditor/SnapGrid/SnapGridPlaneMesh.uasset" 1627
"../../../Engine/Content/VREditor/SnapGrid/SnapGridPlaneMesh.uexp" 1628
"../../../Engine/Content/VREditor/TransformGizmo/PlaneTranslationHandle.ubulk" 1629
"../../../Engine/Content/VREditor/TransformGizmo/PlaneTranslationHandle.uasset" 1630
"../../../Engine/Content/VREditor/TransformGizmo/PlaneTranslationHandle.uexp" 1631
"../../../Engine/Content/VREditor/TransformGizmo/RotationHandleFull.ubulk" 1632
"../../../Engine/Content/VREditor/TransformGizmo/RotationHandleFull.uasset" 1633
"../../../Engine/Content/VREditor/TransformGizmo/RotationHandleFull.uexp" 1634
"../../../Engine/Content/VREditor/TransformGizmo/RotationHandleIndicator.ubulk" 1635
"../../../Engine/Content/VREditor/TransformGizmo/RotationHandleIndicator.uasset" 1636
"../../../Engine/Content/VREditor/TransformGizmo/RotationHandleIndicator.uexp" 1637
"../../../Engine/Content/VREditor/TransformGizmo/RotationHandleQuarter.ubulk" 1638
"../../../Engine/Content/VREditor/TransformGizmo/RotationHandleQuarter.uasset" 1639
"../../../Engine/Content/VREditor/TransformGizmo/RotationHandleQuarter.uexp" 1640
"../../../Engine/Content/VREditor/TransformGizmo/StartRotationHandleIndicator.ubulk" 1641
"../../../Engine/Content/VREditor/TransformGizmo/StartRotationHandleIndicator.uasset" 1642
"../../../Engine/Content/VREditor/TransformGizmo/StartRotationHandleIndicator.uexp" 1643
"../../../Engine/Content/VREditor/TransformGizmo/TranslucentTransformGizmoMaterial_Inst.uasset" 1644
"../../../Engine/Content/VREditor/TransformGizmo/TranslucentTransformGizmoMaterial_Inst.uexp" 1645
"../../../Engine/Content/VREditor/TransformGizmo/TransformGizmoFreeRotation.ubulk" 1646
"../../../Engine/Content/VREditor/TransformGizmo/TransformGizmoFreeRotation.uasset" 1647
"../../../Engine/Content/VREditor/TransformGizmo/TransformGizmoFreeRotation.uexp" 1648
"../../../Engine/Content/VREditor/TransformGizmo/TranslateArrowHandle.ubulk" 1649
"../../../Engine/Content/VREditor/TransformGizmo/TranslateArrowHandle.uasset" 1650
"../../../Engine/Content/VREditor/TransformGizmo/TranslateArrowHandle.uexp" 1651
"../../../Engine/Content/VREditor/TransformGizmo/UniformScaleHandle.ubulk" 1652
"../../../Engine/Content/VREditor/TransformGizmo/UniformScaleHandle.uasset" 1653
"../../../Engine/Content/VREditor/TransformGizmo/UniformScaleHandle.uexp" 1654
"../../../Engine/Content/VREditor/TransformGizmo/TransformGizmoMaterial_Inst.uasset" 1655
"../../../Engine/Content/VREditor/TransformGizmo/TransformGizmoMaterial_Inst.uexp" 1656
"../../../Engine/Plugins/Animation/DeformerGraph/Content/DeformerFunctions/DG_Function_LinearBlendSkin_Morph_Cloth.uasset" 1657
"../../../Engine/Plugins/Animation/DeformerGraph/Content/DeformerFunctions/DG_Function_LinearBlendSkin_Morph_Cloth.uexp" 1658
"../../../Engine/Plugins/Animation/DeformerGraph/Content/Deformers/DG_LinearBlendSkin_Morph_Cloth.uasset" 1659
"../../../Engine/Plugins/Animation/DeformerGraph/Content/Deformers/DG_LinearBlendSkin_Morph_Cloth.uexp" 1660
"../../../Engine/Plugins/Animation/DeformerGraph/Content/DeformerFunctions/DG_Function_LinearBlendSkin_Morph_Cloth_PositionOnly.uasset" 1661
"../../../Engine/Plugins/Animation/DeformerGraph/Content/DeformerFunctions/DG_Function_LinearBlendSkin_Morph_Cloth_PositionOnly.uexp" 1662
"../../../Engine/Plugins/Animation/DeformerGraph/Content/DeformerFunctions/DG_Function_ComputeNormalsTangents.uasset" 1663
"../../../Engine/Plugins/Animation/DeformerGraph/Content/DeformerFunctions/DG_Function_ComputeNormalsTangents.uexp" 1664
"../../../Engine/Plugins/Animation/DeformerGraph/Content/Deformers/DG_LinearBlendSkin_Morph_Cloth_RecomputeNormals.uasset" 1665
"../../../Engine/Plugins/Animation/DeformerGraph/Content/Deformers/DG_LinearBlendSkin_Morph_Cloth_RecomputeNormals.uexp" 1666
"../../../Engine/Plugins/NNE/NNEDenoiser/Content/NNEDT_Oidn2-3_Balanced.uasset" 1667
"../../../Engine/Plugins/NNE/NNEDenoiser/Content/NNEDT_Oidn2-3_Balanced.uexp" 1668
"../../../Engine/Plugins/NNE/NNEDenoiser/Content/NNEDT_Oidn2-3_Balanced_Alpha.uasset" 1669
"../../../Engine/Plugins/NNE/NNEDenoiser/Content/NNEDT_Oidn2-3_Balanced_Alpha.uexp" 1670
"../../../Engine/Plugins/NNE/NNEDenoiser/Content/NNED_Oidn2-3_Balanced.uasset" 1671
"../../../Engine/Plugins/NNE/NNEDenoiser/Content/NNED_Oidn2-3_Balanced.uexp" 1672
"../../../Engine/Plugins/NNE/NNEDenoiser/Content/NNED_Oidn2-3_Balanced_Alpha.uasset" 1673
"../../../Engine/Plugins/NNE/NNEDenoiser/Content/NNED_Oidn2-3_Balanced_Alpha.uexp" 1674
"../../../Engine/Plugins/NNE/NNEDenoiser/Content/NNED_Oidn2-3_Fast.uasset" 1675
"../../../Engine/Plugins/NNE/NNEDenoiser/Content/NNED_Oidn2-3_Fast.uexp" 1676
"../../../Engine/Plugins/NNE/NNEDenoiser/Content/NNED_Oidn2-3_Fast_Alpha.uasset" 1677
"../../../Engine/Plugins/NNE/NNEDenoiser/Content/NNED_Oidn2-3_Fast_Alpha.uexp" 1678
"../../../Engine/Plugins/NNE/NNEDenoiser/Content/NNED_Oidn2-3_HighQuality.uasset" 1679
"../../../Engine/Plugins/NNE/NNEDenoiser/Content/NNED_Oidn2-3_HighQuality.uexp" 1680
"../../../Engine/Plugins/NNE/NNEDenoiser/Content/NNED_Oidn2-3_HighQuality_Alpha.uasset" 1681
"../../../Engine/Plugins/NNE/NNEDenoiser/Content/NNED_Oidn2-3_HighQuality_Alpha.uexp" 1682
"../../../Engine/Content/Maps/Entry_BuiltData.uasset" 1683
"../../../Engine/Content/Maps/Entry_BuiltData.uexp" 1684
"../../../Engine/Content/Maps/Entry.uexp" 1685
"../../../Engine/Content/Maps/Entry.umap" 1686
"../../../Engine/Content/EditorBlueprintResources/StandardMacros.uasset" 1687
"../../../Engine/Content/EditorBlueprintResources/StandardMacros.uexp" 1688
"C:/Users/2101501/Documents/GitHub/PenGwyn-Honours-Project/PenGwyn/Content/UI/Structs/S_InfoPageVaues.uasset" 1689
"C:/Users/2101501/Documents/GitHub/PenGwyn-Honours-Project/PenGwyn/Content/UI/Structs/S_InfoPageVaues.uexp" 1690
"C:/Users/2101501/Documents/GitHub/PenGwyn-Honours-Project/PenGwyn/Content/UI/Fonts/MetalMania-Regular.uexp" 1691
"C:/Users/2101501/Documents/GitHub/PenGwyn-Honours-Project/PenGwyn/Content/UI/Fonts/MetalMania-Regular.uasset" 1692
"C:/Users/2101501/Documents/GitHub/PenGwyn-Honours-Project/PenGwyn/Content/UI/Fonts/MetalMania-Regular.ufont" 1693
"C:/Users/2101501/Documents/GitHub/PenGwyn-Honours-Project/PenGwyn/Content/UI/Fonts/MetalMania-Regular_Font.uasset" 1694
"C:/Users/2101501/Documents/GitHub/PenGwyn-Honours-Project/PenGwyn/Content/UI/Fonts/MetalMania-Regular_Font.uexp" 1695
"C:/Users/2101501/Documents/GitHub/PenGwyn-Honours-Project/PenGwyn/Content/UI_SFX_Free_Pack/Wavs/Buttons/button_press_599.ubulk" 1696
"C:/Users/2101501/Documents/GitHub/PenGwyn-Honours-Project/PenGwyn/Content/UI_SFX_Free_Pack/Wavs/Buttons/button_press_599.uasset" 1697
"C:/Users/2101501/Documents/GitHub/PenGwyn-Honours-Project/PenGwyn/Content/UI_SFX_Free_Pack/Wavs/Buttons/button_press_599.uexp" 1698
"C:/Users/2101501/Documents/GitHub/PenGwyn-Honours-Project/PenGwyn/Content/UI_SFX_Free_Pack/Cues/Buttons/MainMenuButtonPressed.uasset" 1699
"C:/Users/2101501/Documents/GitHub/PenGwyn-Honours-Project/PenGwyn/Content/UI_SFX_Free_Pack/Cues/Buttons/MainMenuButtonPressed.uexp" 1700
"C:/Users/2101501/Documents/GitHub/PenGwyn-Honours-Project/PenGwyn/Content/UI/Grim_Ascent_UI/T_Backgrounds/T_Marble.uasset" 1701
"C:/Users/2101501/Documents/GitHub/PenGwyn-Honours-Project/PenGwyn/Content/UI/Grim_Ascent_UI/T_Backgrounds/T_Marble.uexp" 1702
"C:/Users/2101501/Documents/GitHub/PenGwyn-Honours-Project/PenGwyn/Content/Movies/RollVid.uasset" 1703
"C:/Users/2101501/Documents/GitHub/PenGwyn-Honours-Project/PenGwyn/Content/Movies/RollVid.uexp" 1704
"C:/Users/2101501/Documents/GitHub/PenGwyn-Honours-Project/PenGwyn/Content/Movies/MP_RollSphsh.uasset" 1705
"C:/Users/2101501/Documents/GitHub/PenGwyn-Honours-Project/PenGwyn/Content/Movies/MP_RollSphsh.uexp" 1706
"C:/Users/2101501/Documents/GitHub/PenGwyn-Honours-Project/PenGwyn/Content/UI/textures/ScreenShots/Screenshot_2026-03-23_145221.uasset" 1707
"C:/Users/2101501/Documents/GitHub/PenGwyn-Honours-Project/PenGwyn/Content/UI/textures/ScreenShots/Screenshot_2026-03-23_145221.uexp" 1708
"C:/Users/2101501/Documents/GitHub/PenGwyn-Honours-Project/PenGwyn/Content/UI/Widgits/SplashSceenPages/UI_UserInterfaceExplainedSplash.uasset" 1709
"C:/Users/2101501/Documents/GitHub/PenGwyn-Honours-Project/PenGwyn/Content/UI/Widgits/SplashSceenPages/UI_UserInterfaceExplainedSplash.uexp" 1710
"C:/Users/2101501/Documents/GitHub/PenGwyn-Honours-Project/PenGwyn/Content/UI/textures/key-shift.ubulk" 1711
"C:/Users/2101501/Documents/GitHub/PenGwyn-Honours-Project/PenGwyn/Content/UI/textures/key-shift.uasset" 1712
"C:/Users/2101501/Documents/GitHub/PenGwyn-Honours-Project/PenGwyn/Content/UI/textures/key-shift.uexp" 1713
"C:/Users/2101501/Documents/GitHub/PenGwyn-Honours-Project/PenGwyn/Content/UI/textures/B_light_color.ubulk" 1714
"C:/Users/2101501/Documents/GitHub/PenGwyn-Honours-Project/PenGwyn/Content/UI/textures/B_light_color.uasset" 1715
"C:/Users/2101501/Documents/GitHub/PenGwyn-Honours-Project/PenGwyn/Content/UI/textures/B_light_color.uexp" 1716
"C:/Users/2101501/Documents/GitHub/PenGwyn-Honours-Project/PenGwyn/Content/Movies/MP_RollSphsh_Video.uasset" 1717
"C:/Users/2101501/Documents/GitHub/PenGwyn-Honours-Project/PenGwyn/Content/Movies/MP_RollSphsh_Video.uexp" 1718
"C:/Users/2101501/Documents/GitHub/PenGwyn-Honours-Project/PenGwyn/Content/Movies/MP_RollSplashMaterial.uasset" 1719
"C:/Users/2101501/Documents/GitHub/PenGwyn-Honours-Project/PenGwyn/Content/Movies/MP_RollSplashMaterial.uexp" 1720
"C:/Users/2101501/Documents/GitHub/PenGwyn-Honours-Project/PenGwyn/Content/UI/Widgits/SplashSceenPages/UI_RollSplash.uasset" 1721
"C:/Users/2101501/Documents/GitHub/PenGwyn-Honours-Project/PenGwyn/Content/UI/Widgits/SplashSceenPages/UI_RollSplash.uexp" 1722
"C:/Users/2101501/Documents/GitHub/PenGwyn-Honours-Project/PenGwyn/Content/UI/textures/L_light.ubulk" 1723
"C:/Users/2101501/Documents/GitHub/PenGwyn-Honours-Project/PenGwyn/Content/UI/textures/L_light.uasset" 1724
"C:/Users/2101501/Documents/GitHub/PenGwyn-Honours-Project/PenGwyn/Content/UI/textures/L_light.uexp" 1725
"C:/Users/2101501/Documents/GitHub/PenGwyn-Honours-Project/PenGwyn/Content/UI/textures/key-keyboard-wasd.ubulk" 1726
"C:/Users/2101501/Documents/GitHub/PenGwyn-Honours-Project/PenGwyn/Content/UI/textures/key-keyboard-wasd.uasset" 1727
"C:/Users/2101501/Documents/GitHub/PenGwyn-Honours-Project/PenGwyn/Content/UI/textures/key-keyboard-wasd.uexp" 1728
"C:/Users/2101501/Documents/GitHub/PenGwyn-Honours-Project/PenGwyn/Content/Movies/WASDVid.uasset" 1729
"C:/Users/2101501/Documents/GitHub/PenGwyn-Honours-Project/PenGwyn/Content/Movies/WASDVid.uexp" 1730
"C:/Users/2101501/Documents/GitHub/PenGwyn-Honours-Project/PenGwyn/Content/Movies/MP_MovmentVid.uasset" 1731
"C:/Users/2101501/Documents/GitHub/PenGwyn-Honours-Project/PenGwyn/Content/Movies/MP_MovmentVid.uexp" 1732
"C:/Users/2101501/Documents/GitHub/PenGwyn-Honours-Project/PenGwyn/Content/Movies/MP_MovmentVid_Video.uasset" 1733
"C:/Users/2101501/Documents/GitHub/PenGwyn-Honours-Project/PenGwyn/Content/Movies/MP_MovmentVid_Video.uexp" 1734
"C:/Users/2101501/Documents/GitHub/PenGwyn-Honours-Project/PenGwyn/Content/Movies/MP_MovmentVid_Video_Mat.uasset" 1735
"C:/Users/2101501/Documents/GitHub/PenGwyn-Honours-Project/PenGwyn/Content/Movies/MP_MovmentVid_Video_Mat.uexp" 1736
"C:/Users/2101501/Documents/GitHub/PenGwyn-Honours-Project/PenGwyn/Content/UI/Widgits/SplashSceenPages/UI_MovmentSplash.uasset" 1737
"C:/Users/2101501/Documents/GitHub/PenGwyn-Honours-Project/PenGwyn/Content/UI/Widgits/SplashSceenPages/UI_MovmentSplash.uexp" 1738
"C:/Users/2101501/Documents/GitHub/PenGwyn-Honours-Project/PenGwyn/Content/UI/textures/X_light_color.ubulk" 1739
"C:/Users/2101501/Documents/GitHub/PenGwyn-Honours-Project/PenGwyn/Content/UI/textures/X_light_color.uasset" 1740
"C:/Users/2101501/Documents/GitHub/PenGwyn-Honours-Project/PenGwyn/Content/UI/textures/X_light_color.uexp" 1741
"C:/Users/2101501/Documents/GitHub/PenGwyn-Honours-Project/PenGwyn/Content/UI/textures/key-tab.ubulk" 1742
"C:/Users/2101501/Documents/GitHub/PenGwyn-Honours-Project/PenGwyn/Content/UI/textures/key-tab.uasset" 1743
"C:/Users/2101501/Documents/GitHub/PenGwyn-Honours-Project/PenGwyn/Content/UI/textures/key-tab.uexp" 1744
"C:/Users/2101501/Documents/GitHub/PenGwyn-Honours-Project/PenGwyn/Content/UI/textures/key-e.ubulk" 1745
"C:/Users/2101501/Documents/GitHub/PenGwyn-Honours-Project/PenGwyn/Content/UI/textures/key-e.uasset" 1746
"C:/Users/2101501/Documents/GitHub/PenGwyn-Honours-Project/PenGwyn/Content/UI/textures/key-e.uexp" 1747
"C:/Users/2101501/Documents/GitHub/PenGwyn-Honours-Project/PenGwyn/Content/UI/textures/key-3.ubulk" 1748
"C:/Users/2101501/Documents/GitHub/PenGwyn-Honours-Project/PenGwyn/Content/UI/textures/key-3.uasset" 1749
"C:/Users/2101501/Documents/GitHub/PenGwyn-Honours-Project/PenGwyn/Content/UI/textures/key-3.uexp" 1750
"C:/Users/2101501/Documents/GitHub/PenGwyn-Honours-Project/PenGwyn/Content/UI/textures/key-2.ubulk" 1751
"C:/Users/2101501/Documents/GitHub/PenGwyn-Honours-Project/PenGwyn/Content/UI/textures/key-2.uasset" 1752
"C:/Users/2101501/Documents/GitHub/PenGwyn-Honours-Project/PenGwyn/Content/UI/textures/key-2.uexp" 1753
"C:/Users/2101501/Documents/GitHub/PenGwyn-Honours-Project/PenGwyn/Content/UI/textures/key-1.ubulk" 1754
"C:/Users/2101501/Documents/GitHub/PenGwyn-Honours-Project/PenGwyn/Content/UI/textures/key-1.uasset" 1755
"C:/Users/2101501/Documents/GitHub/PenGwyn-Honours-Project/PenGwyn/Content/UI/textures/key-1.uexp" 1756
"C:/Users/2101501/Documents/GitHub/PenGwyn-Honours-Project/PenGwyn/Content/UI/textures/Digipad_right_light.uasset" 1757
"C:/Users/2101501/Documents/GitHub/PenGwyn-Honours-Project/PenGwyn/Content/UI/textures/Digipad_right_light.uexp" 1758
"C:/Users/2101501/Documents/GitHub/PenGwyn-Honours-Project/PenGwyn/Content/UI/textures/Digipad_left_light.uasset" 1759
"C:/Users/2101501/Documents/GitHub/PenGwyn-Honours-Project/PenGwyn/Content/UI/textures/Digipad_left_light.uexp" 1760
"C:/Users/2101501/Documents/GitHub/PenGwyn-Honours-Project/PenGwyn/Content/UI/textures/ScreenShots/Screenshot_2026-03-19_154946.uasset" 1761
"C:/Users/2101501/Documents/GitHub/PenGwyn-Honours-Project/PenGwyn/Content/UI/textures/ScreenShots/Screenshot_2026-03-19_154946.uexp" 1762
"C:/Users/2101501/Documents/GitHub/PenGwyn-Honours-Project/PenGwyn/Content/UI/textures/ScreenShots/Screenshot_2026-03-19_155138.uasset" 1763
"C:/Users/2101501/Documents/GitHub/PenGwyn-Honours-Project/PenGwyn/Content/UI/textures/ScreenShots/Screenshot_2026-03-19_155138.uexp" 1764
"C:/Users/2101501/Documents/GitHub/PenGwyn-Honours-Project/PenGwyn/Content/UI/textures/ScreenShots/Screenshot_2026-03-19_155146.uasset" 1765
"C:/Users/2101501/Documents/GitHub/PenGwyn-Honours-Project/PenGwyn/Content/UI/textures/ScreenShots/Screenshot_2026-03-19_155146.uexp" 1766
"C:/Users/2101501/Documents/GitHub/PenGwyn-Honours-Project/PenGwyn/Content/UI/textures/ScreenShots/Screenshot_2026-03-19_155154.uasset" 1767
"C:/Users/2101501/Documents/GitHub/PenGwyn-Honours-Project/PenGwyn/Content/UI/textures/ScreenShots/Screenshot_2026-03-19_155154.uexp" 1768
"C:/Users/2101501/Documents/GitHub/PenGwyn-Honours-Project/PenGwyn/Content/UI/Widgits/SplashSceenPages/UI_ItemSplash.uasset" 1769
"C:/Users/2101501/Documents/GitHub/PenGwyn-Honours-Project/PenGwyn/Content/UI/Widgits/SplashSceenPages/UI_ItemSplash.uexp" 1770
"C:/Users/2101501/Documents/GitHub/PenGwyn-Honours-Project/PenGwyn/Content/UI/textures/Y_light_color.ubulk" 1771
"C:/Users/2101501/Documents/GitHub/PenGwyn-Honours-Project/PenGwyn/Content/UI/textures/Y_light_color.uasset" 1772
"C:/Users/2101501/Documents/GitHub/PenGwyn-Honours-Project/PenGwyn/Content/UI/textures/Y_light_color.uexp" 1773
"C:/Users/2101501/Documents/GitHub/PenGwyn-Honours-Project/PenGwyn/Content/UI/textures/key-f.ubulk" 1774
"C:/Users/2101501/Documents/GitHub/PenGwyn-Honours-Project/PenGwyn/Content/UI/textures/key-f.uasset" 1775
"C:/Users/2101501/Documents/GitHub/PenGwyn-Honours-Project/PenGwyn/Content/UI/textures/key-f.uexp" 1776
"C:/Users/2101501/Documents/GitHub/PenGwyn-Honours-Project/PenGwyn/Content/Movies/MP_Interact.uasset" 1777
"C:/Users/2101501/Documents/GitHub/PenGwyn-Honours-Project/PenGwyn/Content/Movies/MP_Interact.uexp" 1778
"C:/Users/2101501/Documents/GitHub/PenGwyn-Honours-Project/PenGwyn/Content/Movies/MP_Interact_Video.uasset" 1779
"C:/Users/2101501/Documents/GitHub/PenGwyn-Honours-Project/PenGwyn/Content/Movies/MP_Interact_Video.uexp" 1780
"C:/Users/2101501/Documents/GitHub/PenGwyn-Honours-Project/PenGwyn/Content/Movies/MP_Interact_Video_Mat.uasset" 1781
"C:/Users/2101501/Documents/GitHub/PenGwyn-Honours-Project/PenGwyn/Content/Movies/MP_Interact_Video_Mat.uexp" 1782
"C:/Users/2101501/Documents/GitHub/PenGwyn-Honours-Project/PenGwyn/Content/Movies/InteractWithDoorVid.uasset" 1783
"C:/Users/2101501/Documents/GitHub/PenGwyn-Honours-Project/PenGwyn/Content/Movies/InteractWithDoorVid.uexp" 1784
"C:/Users/2101501/Documents/GitHub/PenGwyn-Honours-Project/PenGwyn/Content/UI/Widgits/SplashSceenPages/UI_InteractSplash.uasset" 1785
"C:/Users/2101501/Documents/GitHub/PenGwyn-Honours-Project/PenGwyn/Content/UI/Widgits/SplashSceenPages/UI_InteractSplash.uexp" 1786
"C:/Users/2101501/Documents/GitHub/PenGwyn-Honours-Project/PenGwyn/Content/UI/textures/mouse-right.ubulk" 1787
"C:/Users/2101501/Documents/GitHub/PenGwyn-Honours-Project/PenGwyn/Content/UI/textures/mouse-right.uasset" 1788
"C:/Users/2101501/Documents/GitHub/PenGwyn-Honours-Project/PenGwyn/Content/UI/textures/mouse-right.uexp" 1789
"C:/Users/2101501/Documents/GitHub/PenGwyn-Honours-Project/PenGwyn/Content/UI/textures/LB_light.uasset" 1790
"C:/Users/2101501/Documents/GitHub/PenGwyn-Honours-Project/PenGwyn/Content/UI/textures/LB_light.uexp" 1791
"C:/Users/2101501/Documents/GitHub/PenGwyn-Honours-Project/PenGwyn/Content/Movies/MP_Guard.uasset" 1792
"C:/Users/2101501/Documents/GitHub/PenGwyn-Honours-Project/PenGwyn/Content/Movies/MP_Guard.uexp" 1793
"C:/Users/2101501/Documents/GitHub/PenGwyn-Honours-Project/PenGwyn/Content/Movies/MP_GuardVideo_Video.uasset" 1794
"C:/Users/2101501/Documents/GitHub/PenGwyn-Honours-Project/PenGwyn/Content/Movies/MP_GuardVideo_Video.uexp" 1795
"C:/Users/2101501/Documents/GitHub/PenGwyn-Honours-Project/PenGwyn/Content/Movies/MP_GuardVideo_Video_Mat.uasset" 1796
"C:/Users/2101501/Documents/GitHub/PenGwyn-Honours-Project/PenGwyn/Content/Movies/MP_GuardVideo_Video_Mat.uexp" 1797
"C:/Users/2101501/Documents/GitHub/PenGwyn-Honours-Project/PenGwyn/Content/Movies/GuardVid.uasset" 1798
"C:/Users/2101501/Documents/GitHub/PenGwyn-Honours-Project/PenGwyn/Content/Movies/GuardVid.uexp" 1799
"C:/Users/2101501/Documents/GitHub/PenGwyn-Honours-Project/PenGwyn/Content/UI/Widgits/SplashSceenPages/UI_DefendSplash.uasset" 1800
"C:/Users/2101501/Documents/GitHub/PenGwyn-Honours-Project/PenGwyn/Content/UI/Widgits/SplashSceenPages/UI_DefendSplash.uexp" 1801
"C:/Users/2101501/Documents/GitHub/PenGwyn-Honours-Project/PenGwyn/Content/UI/textures/R_light.ubulk" 1802
"C:/Users/2101501/Documents/GitHub/PenGwyn-Honours-Project/PenGwyn/Content/UI/textures/R_light.uasset" 1803
"C:/Users/2101501/Documents/GitHub/PenGwyn-Honours-Project/PenGwyn/Content/UI/textures/R_light.uexp" 1804
"C:/Users/2101501/Documents/GitHub/PenGwyn-Honours-Project/PenGwyn/Content/UI/textures/mouse-move-vert.ubulk" 1805
"C:/Users/2101501/Documents/GitHub/PenGwyn-Honours-Project/PenGwyn/Content/UI/textures/mouse-move-vert.uasset" 1806
"C:/Users/2101501/Documents/GitHub/PenGwyn-Honours-Project/PenGwyn/Content/UI/textures/mouse-move-vert.uexp" 1807
"C:/Users/2101501/Documents/GitHub/PenGwyn-Honours-Project/PenGwyn/Content/UI/textures/mouse-move-hor.ubulk" 1808
"C:/Users/2101501/Documents/GitHub/PenGwyn-Honours-Project/PenGwyn/Content/UI/textures/mouse-move-hor.uasset" 1809
"C:/Users/2101501/Documents/GitHub/PenGwyn-Honours-Project/PenGwyn/Content/UI/textures/mouse-move-hor.uexp" 1810
"C:/Users/2101501/Documents/GitHub/PenGwyn-Honours-Project/PenGwyn/Content/UI/textures/key-q.ubulk" 1811
"C:/Users/2101501/Documents/GitHub/PenGwyn-Honours-Project/PenGwyn/Content/UI/textures/key-q.uasset" 1812
"C:/Users/2101501/Documents/GitHub/PenGwyn-Honours-Project/PenGwyn/Content/UI/textures/key-q.uexp" 1813
"C:/Users/2101501/Documents/GitHub/PenGwyn-Honours-Project/PenGwyn/Content/Movies/MP_LocOnSplash.uasset" 1814
"C:/Users/2101501/Documents/GitHub/PenGwyn-Honours-Project/PenGwyn/Content/Movies/MP_LocOnSplash.uexp" 1815
"C:/Users/2101501/Documents/GitHub/PenGwyn-Honours-Project/PenGwyn/Content/Movies/MP_LocOnSplash_Video.uasset" 1816
"C:/Users/2101501/Documents/GitHub/PenGwyn-Honours-Project/PenGwyn/Content/Movies/MP_LocOnSplash_Video.uexp" 1817
"C:/Users/2101501/Documents/GitHub/PenGwyn-Honours-Project/PenGwyn/Content/Movies/MP_LocOnSplash_Video_Mat.uasset" 1818
"C:/Users/2101501/Documents/GitHub/PenGwyn-Honours-Project/PenGwyn/Content/Movies/MP_LocOnSplash_Video_Mat.uexp" 1819
"C:/Users/2101501/Documents/GitHub/PenGwyn-Honours-Project/PenGwyn/Content/Movies/LockOnVid.uasset" 1820
"C:/Users/2101501/Documents/GitHub/PenGwyn-Honours-Project/PenGwyn/Content/Movies/LockOnVid.uexp" 1821
"C:/Users/2101501/Documents/GitHub/PenGwyn-Honours-Project/PenGwyn/Content/UI/Widgits/SplashSceenPages/UI_CameraSplash.uasset" 1822
"C:/Users/2101501/Documents/GitHub/PenGwyn-Honours-Project/PenGwyn/Content/UI/Widgits/SplashSceenPages/UI_CameraSplash.uexp" 1823
"C:/Users/2101501/Documents/GitHub/PenGwyn-Honours-Project/PenGwyn/Content/UI/textures/RT_light.uasset" 1824
"C:/Users/2101501/Documents/GitHub/PenGwyn-Honours-Project/PenGwyn/Content/UI/textures/RT_light.uexp" 1825
"C:/Users/2101501/Documents/GitHub/PenGwyn-Honours-Project/PenGwyn/Content/UI/textures/RB_light.uasset" 1826
"C:/Users/2101501/Documents/GitHub/PenGwyn-Honours-Project/PenGwyn/Content/UI/textures/RB_light.uexp" 1827
"C:/Users/2101501/Documents/GitHub/PenGwyn-Honours-Project/PenGwyn/Content/UI/textures/mouse-middle.ubulk" 1828
"C:/Users/2101501/Documents/GitHub/PenGwyn-Honours-Project/PenGwyn/Content/UI/textures/mouse-middle.uasset" 1829
"C:/Users/2101501/Documents/GitHub/PenGwyn-Honours-Project/PenGwyn/Content/UI/textures/mouse-middle.uexp" 1830
"C:/Users/2101501/Documents/GitHub/PenGwyn-Honours-Project/PenGwyn/Content/UI/textures/mouse-left.ubulk" 1831
"C:/Users/2101501/Documents/GitHub/PenGwyn-Honours-Project/PenGwyn/Content/UI/textures/mouse-left.uasset" 1832
"C:/Users/2101501/Documents/GitHub/PenGwyn-Honours-Project/PenGwyn/Content/UI/textures/mouse-left.uexp" 1833
"C:/Users/2101501/Documents/GitHub/PenGwyn-Honours-Project/PenGwyn/Content/Movies/MP_LightAttack.uasset" 1834
"C:/Users/2101501/Documents/GitHub/PenGwyn-Honours-Project/PenGwyn/Content/Movies/MP_LightAttack.uexp" 1835
"C:/Users/2101501/Documents/GitHub/PenGwyn-Honours-Project/PenGwyn/Content/Movies/MP_LightAttack_Video.uasset" 1836
"C:/Users/2101501/Documents/GitHub/PenGwyn-Honours-Project/PenGwyn/Content/Movies/MP_LightAttack_Video.uexp" 1837
"C:/Users/2101501/Documents/GitHub/PenGwyn-Honours-Project/PenGwyn/Content/Movies/MP_LightAttack_Video_Mat.uasset" 1838
"C:/Users/2101501/Documents/GitHub/PenGwyn-Honours-Project/PenGwyn/Content/Movies/MP_LightAttack_Video_Mat.uexp" 1839
"C:/Users/2101501/Documents/GitHub/PenGwyn-Honours-Project/PenGwyn/Content/Movies/MP_HeavyAttack.uasset" 1840
"C:/Users/2101501/Documents/GitHub/PenGwyn-Honours-Project/PenGwyn/Content/Movies/MP_HeavyAttack.uexp" 1841
"C:/Users/2101501/Documents/GitHub/PenGwyn-Honours-Project/PenGwyn/Content/Movies/MP_HeavyAttack_Video.uasset" 1842
"C:/Users/2101501/Documents/GitHub/PenGwyn-Honours-Project/PenGwyn/Content/Movies/MP_HeavyAttack_Video.uexp" 1843
"C:/Users/2101501/Documents/GitHub/PenGwyn-Honours-Project/PenGwyn/Content/Movies/MP_HeavyAttack_Video_Mat.uasset" 1844
"C:/Users/2101501/Documents/GitHub/PenGwyn-Honours-Project/PenGwyn/Content/Movies/MP_HeavyAttack_Video_Mat.uexp" 1845
"C:/Users/2101501/Documents/GitHub/PenGwyn-Honours-Project/PenGwyn/Content/Movies/Attack2Vid.uasset" 1846
"C:/Users/2101501/Documents/GitHub/PenGwyn-Honours-Project/PenGwyn/Content/Movies/Attack2Vid.uexp" 1847
"C:/Users/2101501/Documents/GitHub/PenGwyn-Honours-Project/PenGwyn/Content/Movies/Attack1Vid.uasset" 1848
"C:/Users/2101501/Documents/GitHub/PenGwyn-Honours-Project/PenGwyn/Content/Movies/Attack1Vid.uexp" 1849
"C:/Users/2101501/Documents/GitHub/PenGwyn-Honours-Project/PenGwyn/Content/UI/Widgits/SplashSceenPages/UI_AttackSplash.uasset" 1850
"C:/Users/2101501/Documents/GitHub/PenGwyn-Honours-Project/PenGwyn/Content/UI/Widgits/SplashSceenPages/UI_AttackSplash.uexp" 1851
"C:/Users/2101501/Documents/GitHub/PenGwyn-Honours-Project/PenGwyn/Content/UI/Widgits/UI_SplashScreen.uasset" 1852
"C:/Users/2101501/Documents/GitHub/PenGwyn-Honours-Project/PenGwyn/Content/UI/Widgits/UI_SplashScreen.uexp" 1853
"C:/Users/2101501/Documents/GitHub/PenGwyn-Honours-Project/PenGwyn/Content/AssistiveControlScheme/E_AssitanceLevel.uasset" 1854
"C:/Users/2101501/Documents/GitHub/PenGwyn-Honours-Project/PenGwyn/Content/AssistiveControlScheme/E_AssitanceLevel.uexp" 1855
"C:/Users/2101501/Documents/GitHub/PenGwyn-Honours-Project/PenGwyn/Content/AssistiveControlScheme/S_Asistance_Levels.uasset" 1856
"C:/Users/2101501/Documents/GitHub/PenGwyn-Honours-Project/PenGwyn/Content/AssistiveControlScheme/S_Asistance_Levels.uexp" 1857
"C:/Users/2101501/Documents/GitHub/PenGwyn-Honours-Project/PenGwyn/Content/Save/GI_Options.uasset" 1858
"C:/Users/2101501/Documents/GitHub/PenGwyn-Honours-Project/PenGwyn/Content/Save/GI_Options.uexp" 1859
"C:/Users/2101501/Documents/GitHub/PenGwyn-Honours-Project/PenGwyn/Content/UI/Widgits/UI_Settings.uasset" 1860
"C:/Users/2101501/Documents/GitHub/PenGwyn-Honours-Project/PenGwyn/Content/UI/Widgits/UI_Settings.uexp" 1861
"C:/Users/2101501/Documents/GitHub/PenGwyn-Honours-Project/PenGwyn/Content/Experience/Blueprints/Items/ItemUsage.uasset" 1862
"C:/Users/2101501/Documents/GitHub/PenGwyn-Honours-Project/PenGwyn/Content/Experience/Blueprints/Items/ItemUsage.uexp" 1863
"C:/Users/2101501/Documents/GitHub/PenGwyn-Honours-Project/PenGwyn/Content/AssistiveControlScheme/E_LogEvent.uasset" 1864
"C:/Users/2101501/Documents/GitHub/PenGwyn-Honours-Project/PenGwyn/Content/AssistiveControlScheme/E_LogEvent.uexp" 1865
"C:/Users/2101501/Documents/GitHub/PenGwyn-Honours-Project/PenGwyn/Content/AssistiveControlScheme/BPI_DataLogging.uasset" 1866
"C:/Users/2101501/Documents/GitHub/PenGwyn-Honours-Project/PenGwyn/Content/AssistiveControlScheme/BPI_DataLogging.uexp" 1867
"C:/Users/2101501/Documents/GitHub/PenGwyn-Honours-Project/PenGwyn/Content/UI/Grim_Ascent_UI/T_Decorations/T_6.uasset" 1868
"C:/Users/2101501/Documents/GitHub/PenGwyn-Honours-Project/PenGwyn/Content/UI/Grim_Ascent_UI/T_Decorations/T_6.uexp" 1869
"C:/Users/2101501/Documents/GitHub/PenGwyn-Honours-Project/PenGwyn/Content/Experience/Blueprints/Enviroment/BP_PlayerSpawnPoint.uasset" 1870
"C:/Users/2101501/Documents/GitHub/PenGwyn-Honours-Project/PenGwyn/Content/Experience/Blueprints/Enviroment/BP_PlayerSpawnPoint.uexp" 1871
"C:/Users/2101501/Documents/GitHub/PenGwyn-Honours-Project/PenGwyn/Content/Experience/Blueprints/Enviroment/BPI_GameManager.uasset" 1872
"C:/Users/2101501/Documents/GitHub/PenGwyn-Honours-Project/PenGwyn/Content/Experience/Blueprints/Enviroment/BPI_GameManager.uexp" 1873
"C:/Users/2101501/Documents/GitHub/PenGwyn-Honours-Project/PenGwyn/Content/UI/Widgits/UI_GameOver.uasset" 1874
"C:/Users/2101501/Documents/GitHub/PenGwyn-Honours-Project/PenGwyn/Content/UI/Widgits/UI_GameOver.uexp" 1875
"C:/Users/2101501/Documents/GitHub/PenGwyn-Honours-Project/PenGwyn/Content/UI/Widgits/UI_LockOnIcon.uasset" 1876
"C:/Users/2101501/Documents/GitHub/PenGwyn-Honours-Project/PenGwyn/Content/UI/Widgits/UI_LockOnIcon.uexp" 1877
"C:/Users/2101501/Documents/GitHub/PenGwyn-Honours-Project/PenGwyn/Content/UI/Widgits/BP_LockOnIcon.uasset" 1878
"C:/Users/2101501/Documents/GitHub/PenGwyn-Honours-Project/PenGwyn/Content/UI/Widgits/BP_LockOnIcon.uexp" 1879
"C:/Users/2101501/Documents/GitHub/PenGwyn-Honours-Project/PenGwyn/Content/ThirdPerson/Input/Actions/IA_Attack_Light.uasset" 1880
"C:/Users/2101501/Documents/GitHub/PenGwyn-Honours-Project/PenGwyn/Content/ThirdPerson/Input/Actions/IA_Attack_Light.uexp" 1881
"C:/Users/2101501/Documents/GitHub/PenGwyn-Honours-Project/PenGwyn/Content/ThirdPerson/Input/Actions/IA_Roll.uasset" 1882
"C:/Users/2101501/Documents/GitHub/PenGwyn-Honours-Project/PenGwyn/Content/ThirdPerson/Input/Actions/IA_Roll.uexp" 1883
"C:/Users/2101501/Documents/GitHub/PenGwyn-Honours-Project/PenGwyn/Content/ThirdPerson/Input/Actions/IA_Attack_Heavy.uasset" 1884
"C:/Users/2101501/Documents/GitHub/PenGwyn-Honours-Project/PenGwyn/Content/ThirdPerson/Input/Actions/IA_Attack_Heavy.uexp" 1885
"C:/Users/2101501/Documents/GitHub/PenGwyn-Honours-Project/PenGwyn/Content/ThirdPerson/Input/Actions/IA_UseItem.uasset" 1886
"C:/Users/2101501/Documents/GitHub/PenGwyn-Honours-Project/PenGwyn/Content/ThirdPerson/Input/Actions/IA_UseItem.uexp" 1887
"C:/Users/2101501/Documents/GitHub/PenGwyn-Honours-Project/PenGwyn/Content/ThirdPerson/Input/Actions/IA_TargetLockOn.uasset" 1888
"C:/Users/2101501/Documents/GitHub/PenGwyn-Honours-Project/PenGwyn/Content/ThirdPerson/Input/Actions/IA_TargetLockOn.uexp" 1889
"C:/Users/2101501/Documents/GitHub/PenGwyn-Honours-Project/PenGwyn/Content/ThirdPerson/Input/Actions/IA_SwitchLockOnRight.uasset" 1890
"C:/Users/2101501/Documents/GitHub/PenGwyn-Honours-Project/PenGwyn/Content/ThirdPerson/Input/Actions/IA_SwitchLockOnRight.uexp" 1891
"C:/Users/2101501/Documents/GitHub/PenGwyn-Honours-Project/PenGwyn/Content/ThirdPerson/Input/Actions/IA_SwitchLockOnLeft.uasset" 1892
"C:/Users/2101501/Documents/GitHub/PenGwyn-Honours-Project/PenGwyn/Content/ThirdPerson/Input/Actions/IA_SwitchLockOnLeft.uexp" 1893
"C:/Users/2101501/Documents/GitHub/PenGwyn-Honours-Project/PenGwyn/Content/ThirdPerson/Input/Actions/IA_SwitchItemRight.uasset" 1894
"C:/Users/2101501/Documents/GitHub/PenGwyn-Honours-Project/PenGwyn/Content/ThirdPerson/Input/Actions/IA_SwitchItemRight.uexp" 1895
"C:/Users/2101501/Documents/GitHub/PenGwyn-Honours-Project/PenGwyn/Content/ThirdPerson/Input/Actions/IA_SwitchItemLeft.uasset" 1896
"C:/Users/2101501/Documents/GitHub/PenGwyn-Honours-Project/PenGwyn/Content/ThirdPerson/Input/Actions/IA_SwitchItemLeft.uexp" 1897
"C:/Users/2101501/Documents/GitHub/PenGwyn-Honours-Project/PenGwyn/Content/ThirdPerson/Input/Actions/IA_PauseGame.uasset" 1898
"C:/Users/2101501/Documents/GitHub/PenGwyn-Honours-Project/PenGwyn/Content/ThirdPerson/Input/Actions/IA_PauseGame.uexp" 1899
"C:/Users/2101501/Documents/GitHub/PenGwyn-Honours-Project/PenGwyn/Content/ThirdPerson/Input/Actions/IA_Move.uasset" 1900
"C:/Users/2101501/Documents/GitHub/PenGwyn-Honours-Project/PenGwyn/Content/ThirdPerson/Input/Actions/IA_Move.uexp" 1901
"C:/Users/2101501/Documents/GitHub/PenGwyn-Honours-Project/PenGwyn/Content/ThirdPerson/Input/Actions/IA_Look.uasset" 1902
"C:/Users/2101501/Documents/GitHub/PenGwyn-Honours-Project/PenGwyn/Content/ThirdPerson/Input/Actions/IA_Look.uexp" 1903
"C:/Users/2101501/Documents/GitHub/PenGwyn-Honours-Project/PenGwyn/Content/ThirdPerson/Input/Actions/IA_Jump2.uasset" 1904
"C:/Users/2101501/Documents/GitHub/PenGwyn-Honours-Project/PenGwyn/Content/ThirdPerson/Input/Actions/IA_Jump2.uexp" 1905
"C:/Users/2101501/Documents/GitHub/PenGwyn-Honours-Project/PenGwyn/Content/ThirdPerson/Input/Actions/IA_Jump.uasset" 1906
"C:/Users/2101501/Documents/GitHub/PenGwyn-Honours-Project/PenGwyn/Content/ThirdPerson/Input/Actions/IA_Jump.uexp" 1907
"C:/Users/2101501/Documents/GitHub/PenGwyn-Honours-Project/PenGwyn/Content/ThirdPerson/Input/Actions/IA_Interact.uasset" 1908
"C:/Users/2101501/Documents/GitHub/PenGwyn-Honours-Project/PenGwyn/Content/ThirdPerson/Input/Actions/IA_Interact.uexp" 1909
"C:/Users/2101501/Documents/GitHub/PenGwyn-Honours-Project/PenGwyn/Content/ThirdPerson/Input/Actions/IA_Block.uasset" 1910
"C:/Users/2101501/Documents/GitHub/PenGwyn-Honours-Project/PenGwyn/Content/ThirdPerson/Input/Actions/IA_Block.uexp" 1911
"C:/Users/2101501/Documents/GitHub/PenGwyn-Honours-Project/PenGwyn/Content/ThirdPerson/Input/IMC_Default.uasset" 1912
"C:/Users/2101501/Documents/GitHub/PenGwyn-Honours-Project/PenGwyn/Content/ThirdPerson/Input/IMC_Default.uexp" 1913
"C:/Users/2101501/Documents/GitHub/PenGwyn-Honours-Project/PenGwyn/Content/DamageSystem/E_Damage_Response.uasset" 1914
"C:/Users/2101501/Documents/GitHub/PenGwyn-Honours-Project/PenGwyn/Content/DamageSystem/E_Damage_Response.uexp" 1915
"C:/Users/2101501/Documents/GitHub/PenGwyn-Honours-Project/PenGwyn/Content/DamageSystem/E_Damage_Type.uasset" 1916
"C:/Users/2101501/Documents/GitHub/PenGwyn-Honours-Project/PenGwyn/Content/DamageSystem/E_Damage_Type.uexp" 1917
"C:/Users/2101501/Documents/GitHub/PenGwyn-Honours-Project/PenGwyn/Content/DamageSystem/S_Damage_Info.uasset" 1918
"C:/Users/2101501/Documents/GitHub/PenGwyn-Honours-Project/PenGwyn/Content/DamageSystem/S_Damage_Info.uexp" 1919
"C:/Users/2101501/Documents/GitHub/PenGwyn-Honours-Project/PenGwyn/Content/DamageSystem/BPI_Damagable.uasset" 1920
"C:/Users/2101501/Documents/GitHub/PenGwyn-Honours-Project/PenGwyn/Content/DamageSystem/BPI_Damagable.uexp" 1921
"C:/Users/2101501/Documents/GitHub/PenGwyn-Honours-Project/PenGwyn/Content/Characters/Mannequins/Meshes/SK_Mannequin.uasset" 1922
"C:/Users/2101501/Documents/GitHub/PenGwyn-Honours-Project/PenGwyn/Content/Characters/Mannequins/Meshes/SK_Mannequin.uexp" 1923
"../../../Engine/Content/Animation/DefaultAnimCurveCompressionSettings.uasset" 1924
"../../../Engine/Content/Animation/DefaultAnimCurveCompressionSettings.uexp" 1925
"../../../Engine/Content/Animation/DefaultRecorderBoneCompression.uasset" 1926
"../../../Engine/Content/Animation/DefaultRecorderBoneCompression.uexp" 1927
"C:/Users/2101501/Documents/GitHub/PenGwyn-Honours-Project/PenGwyn/Content/Characters/Mannequins/Animations/Manny/MM_Walk_InPlace.uasset" 1928
"C:/Users/2101501/Documents/GitHub/PenGwyn-Honours-Project/PenGwyn/Content/Characters/Mannequins/Animations/Manny/MM_Walk_InPlace.uexp" 1929
"../../../Engine/Content/Animation/DefaultAnimBoneCompressionSettings.uasset" 1930
"../../../Engine/Content/Animation/DefaultAnimBoneCompressionSettings.uexp" 1931
"C:/Users/2101501/Documents/GitHub/PenGwyn-Honours-Project/PenGwyn/Content/SFX_Essentials_FREE_SAMPLE/SFX_Essentials_11_FOOTSTEPS_01/Wavs/FEETHmn_InsJ_Footsteps_Ice_Jogging_Trainers_01-01_Single-02.ubulk" 1932
"C:/Users/2101501/Documents/GitHub/PenGwyn-Honours-Project/PenGwyn/Content/SFX_Essentials_FREE_SAMPLE/SFX_Essentials_11_FOOTSTEPS_01/Wavs/FEETHmn_InsJ_Footsteps_Ice_Jogging_Trainers_01-01_Single-02.uasset" 1933
"C:/Users/2101501/Documents/GitHub/PenGwyn-Honours-Project/PenGwyn/Content/SFX_Essentials_FREE_SAMPLE/SFX_Essentials_11_FOOTSTEPS_01/Wavs/FEETHmn_InsJ_Footsteps_Ice_Jogging_Trainers_01-01_Single-02.uexp" 1934
"C:/Users/2101501/Documents/GitHub/PenGwyn-Honours-Project/PenGwyn/Content/SFX_Essentials_FREE_SAMPLE/SFX_Essentials_11_FOOTSTEPS_01/Wavs/FEETHmn_InsJ_Footsteps_Ice_Jogging_Trainers_01-01_Single-01.ubulk" 1935
"C:/Users/2101501/Documents/GitHub/PenGwyn-Honours-Project/PenGwyn/Content/SFX_Essentials_FREE_SAMPLE/SFX_Essentials_11_FOOTSTEPS_01/Wavs/FEETHmn_InsJ_Footsteps_Ice_Jogging_Trainers_01-01_Single-01.uasset" 1936
"C:/Users/2101501/Documents/GitHub/PenGwyn-Honours-Project/PenGwyn/Content/SFX_Essentials_FREE_SAMPLE/SFX_Essentials_11_FOOTSTEPS_01/Wavs/FEETHmn_InsJ_Footsteps_Ice_Jogging_Trainers_01-01_Single-01.uexp" 1937
"C:/Users/2101501/Documents/GitHub/PenGwyn-Honours-Project/PenGwyn/Content/SFX_Essentials_FREE_SAMPLE/SFX_Essentials_11_FOOTSTEPS_01/Wavs/FEETHmn_InsJ_Footsteps_Gravel_Running_Trainers_02-01_Single-02.ubulk" 1938
"C:/Users/2101501/Documents/GitHub/PenGwyn-Honours-Project/PenGwyn/Content/SFX_Essentials_FREE_SAMPLE/SFX_Essentials_11_FOOTSTEPS_01/Wavs/FEETHmn_InsJ_Footsteps_Gravel_Running_Trainers_02-01_Single-02.uasset" 1939
"C:/Users/2101501/Documents/GitHub/PenGwyn-Honours-Project/PenGwyn/Content/SFX_Essentials_FREE_SAMPLE/SFX_Essentials_11_FOOTSTEPS_01/Wavs/FEETHmn_InsJ_Footsteps_Gravel_Running_Trainers_02-01_Single-02.uexp" 1940
"C:/Users/2101501/Documents/GitHub/PenGwyn-Honours-Project/PenGwyn/Content/SFX_Essentials_FREE_SAMPLE/SFX_Essentials_11_FOOTSTEPS_01/Wavs/FEETHmn_InsJ_Footsteps_Gravel_Running_Trainers_02-01_Single-01.ubulk" 1941
"C:/Users/2101501/Documents/GitHub/PenGwyn-Honours-Project/PenGwyn/Content/SFX_Essentials_FREE_SAMPLE/SFX_Essentials_11_FOOTSTEPS_01/Wavs/FEETHmn_InsJ_Footsteps_Gravel_Running_Trainers_02-01_Single-01.uasset" 1942
"C:/Users/2101501/Documents/GitHub/PenGwyn-Honours-Project/PenGwyn/Content/SFX_Essentials_FREE_SAMPLE/SFX_Essentials_11_FOOTSTEPS_01/Wavs/FEETHmn_InsJ_Footsteps_Gravel_Running_Trainers_02-01_Single-01.uexp" 1943
"C:/Users/2101501/Documents/GitHub/PenGwyn-Honours-Project/PenGwyn/Content/Experience/Sound/SC_FootStep.uasset" 1944
"C:/Users/2101501/Documents/GitHub/PenGwyn-Honours-Project/PenGwyn/Content/Experience/Sound/SC_FootStep.uexp" 1945
"../../../Engine/Content/Animation/DefaultVariableFrameStrippingSettings.uasset" 1946
"../../../Engine/Content/Animation/DefaultVariableFrameStrippingSettings.uexp" 1947
"C:/Users/2101501/Documents/GitHub/PenGwyn-Honours-Project/PenGwyn/Content/Characters/Mannequins/Animations/Manny/MM_Walk_Fwd.uasset" 1948
"C:/Users/2101501/Documents/GitHub/PenGwyn-Honours-Project/PenGwyn/Content/Characters/Mannequins/Animations/Manny/MM_Walk_Fwd.uexp" 1949
"C:/Users/2101501/Documents/GitHub/PenGwyn-Honours-Project/PenGwyn/Content/Characters/Mannequins/Animations/Manny/MM_Run_Fwd.uasset" 1950
"C:/Users/2101501/Documents/GitHub/PenGwyn-Honours-Project/PenGwyn/Content/Characters/Mannequins/Animations/Manny/MM_Run_Fwd.uexp" 1951
"C:/Users/2101501/Documents/GitHub/PenGwyn-Honours-Project/PenGwyn/Content/Characters/Mannequins/Animations/Manny/BS_MM_WalkRun.uasset" 1952
"C:/Users/2101501/Documents/GitHub/PenGwyn-Honours-Project/PenGwyn/Content/Characters/Mannequins/Animations/Manny/BS_MM_WalkRun.uexp" 1953
"C:/Users/2101501/Documents/GitHub/PenGwyn-Honours-Project/PenGwyn/Content/Characters/Mannequins/Animations/Manny/MM_Fall_Loop.uasset" 1954
"C:/Users/2101501/Documents/GitHub/PenGwyn-Honours-Project/PenGwyn/Content/Characters/Mannequins/Animations/Manny/MM_Fall_Loop.uexp" 1955
"C:/Users/2101501/Documents/GitHub/PenGwyn-Honours-Project/PenGwyn/Content/Characters/Mannequins/Animations/Manny/MM_Idle.uasset" 1956
"C:/Users/2101501/Documents/GitHub/PenGwyn-Honours-Project/PenGwyn/Content/Characters/Mannequins/Animations/Manny/MM_Idle.uexp" 1957
"C:/Users/2101501/Documents/GitHub/PenGwyn-Honours-Project/PenGwyn/Content/Characters/Mannequins/Animations/Manny/MM_Jump.uasset" 1958
"C:/Users/2101501/Documents/GitHub/PenGwyn-Honours-Project/PenGwyn/Content/Characters/Mannequins/Animations/Manny/MM_Jump.uexp" 1959
"C:/Users/2101501/Documents/GitHub/PenGwyn-Honours-Project/PenGwyn/Content/Characters/Mannequins/Animations/Manny/MM_Land.uasset" 1960
"C:/Users/2101501/Documents/GitHub/PenGwyn-Honours-Project/PenGwyn/Content/Characters/Mannequins/Animations/Manny/MM_Land.uexp" 1961
"../../../Engine/Plugins/Animation/ControlRig/Content/Controls/DefaultGizmoLibrary.uasset" 1962
"../../../Engine/Plugins/Animation/ControlRig/Content/Controls/DefaultGizmoLibrary.uexp" 1963
"C:/Users/2101501/Documents/GitHub/PenGwyn-Honours-Project/PenGwyn/Content/Characters/Mannequins/Rigs/CR_Mannequin_BasicFootIK.uasset" 1964
"C:/Users/2101501/Documents/GitHub/PenGwyn-Honours-Project/PenGwyn/Content/Characters/Mannequins/Rigs/CR_Mannequin_BasicFootIK.uexp" 1965
"C:/Users/2101501/Documents/GitHub/PenGwyn-Honours-Project/PenGwyn/Content/Characters/Mannequins/Animations/ABP_Manny.uasset" 1966
"C:/Users/2101501/Documents/GitHub/PenGwyn-Honours-Project/PenGwyn/Content/Characters/Mannequins/Animations/ABP_Manny.uexp" 1967
"C:/Users/2101501/Documents/GitHub/PenGwyn-Honours-Project/PenGwyn/Content/Experience/Blueprints/Equipment/BP_Equipment.uasset" 1968
"C:/Users/2101501/Documents/GitHub/PenGwyn-Honours-Project/PenGwyn/Content/Experience/Blueprints/Equipment/BP_Equipment.uexp" 1969
"C:/Users/2101501/Documents/GitHub/PenGwyn-Honours-Project/PenGwyn/Content/Experience/Blueprints/AI/BP_PatrolRoute.uasset" 1970
"C:/Users/2101501/Documents/GitHub/PenGwyn-Honours-Project/PenGwyn/Content/Experience/Blueprints/AI/BP_PatrolRoute.uexp" 1971
"C:/Users/2101501/Documents/GitHub/PenGwyn-Honours-Project/PenGwyn/Content/ParagonTerra/Characters/Heroes/Terra/Meshes/Terra_Skeleton.uasset" 1972
"C:/Users/2101501/Documents/GitHub/PenGwyn-Honours-Project/PenGwyn/Content/ParagonTerra/Characters/Heroes/Terra/Meshes/Terra_Skeleton.uexp" 1973
"C:/Users/2101501/Documents/GitHub/PenGwyn-Honours-Project/PenGwyn/Content/ParagonTerra/Characters/Heroes/Terra/Animations/Primary_Melee_C_slow.uasset" 1974
"C:/Users/2101501/Documents/GitHub/PenGwyn-Honours-Project/PenGwyn/Content/ParagonTerra/Characters/Heroes/Terra/Animations/Primary_Melee_C_slow.uexp" 1975
"C:/Users/2101501/Documents/GitHub/PenGwyn-Honours-Project/PenGwyn/Content/Experience/Blueprints/Abilities/AN_End_Trace.uasset" 1976
"C:/Users/2101501/Documents/GitHub/PenGwyn-Honours-Project/PenGwyn/Content/Experience/Blueprints/Abilities/AN_End_Trace.uexp" 1977
"C:/Users/2101501/Documents/GitHub/PenGwyn-Honours-Project/PenGwyn/Content/Experience/Blueprints/Abilities/AN_Sword_Trace.uasset" 1978
"C:/Users/2101501/Documents/GitHub/PenGwyn-Honours-Project/PenGwyn/Content/Experience/Blueprints/Abilities/AN_Sword_Trace.uexp" 1979
"C:/Users/2101501/Documents/GitHub/PenGwyn-Honours-Project/PenGwyn/Content/ParagonTerra/Characters/Heroes/Terra/Animations/AM_Enemy_Light_Attack3.uasset" 1980
"C:/Users/2101501/Documents/GitHub/PenGwyn-Honours-Project/PenGwyn/Content/ParagonTerra/Characters/Heroes/Terra/Animations/AM_Enemy_Light_Attack3.uexp" 1981
"C:/Users/2101501/Documents/GitHub/PenGwyn-Honours-Project/PenGwyn/Content/ParagonTerra/Characters/Heroes/Terra/Animations/Primary_Melee_B_slow.uasset" 1982
"C:/Users/2101501/Documents/GitHub/PenGwyn-Honours-Project/PenGwyn/Content/ParagonTerra/Characters/Heroes/Terra/Animations/Primary_Melee_B_slow.uexp" 1983
"C:/Users/2101501/Documents/GitHub/PenGwyn-Honours-Project/PenGwyn/Content/ParagonTerra/Characters/Heroes/Terra/Animations/AM_Enemy_Light_Attack2.uasset" 1984
"C:/Users/2101501/Documents/GitHub/PenGwyn-Honours-Project/PenGwyn/Content/ParagonTerra/Characters/Heroes/Terra/Animations/AM_Enemy_Light_Attack2.uexp" 1985
"../../../Engine/Plugins/Animation/ACLPlugin/Content/ACLAnimCurveCompressionSettings.uasset" 1986
"../../../Engine/Plugins/Animation/ACLPlugin/Content/ACLAnimCurveCompressionSettings.uexp" 1987
"../../../Engine/Plugins/Animation/ACLPlugin/Content/ACLAnimBoneCompressionSettings.uasset" 1988
"../../../Engine/Plugins/Animation/ACLPlugin/Content/ACLAnimBoneCompressionSettings.uexp" 1989
"C:/Users/2101501/Documents/GitHub/PenGwyn-Honours-Project/PenGwyn/Content/ParagonTerra/Characters/Heroes/Terra/Animations/Primary_Melee_A_slow.uasset" 1990
"C:/Users/2101501/Documents/GitHub/PenGwyn-Honours-Project/PenGwyn/Content/ParagonTerra/Characters/Heroes/Terra/Animations/Primary_Melee_A_slow.uexp" 1991
"C:/Users/2101501/Documents/GitHub/PenGwyn-Honours-Project/PenGwyn/Content/ParagonTerra/Characters/Heroes/Terra/Animations/AM_Enemy_Light_Attack1.uasset" 1992
"C:/Users/2101501/Documents/GitHub/PenGwyn-Honours-Project/PenGwyn/Content/ParagonTerra/Characters/Heroes/Terra/Animations/AM_Enemy_Light_Attack1.uexp" 1993
"C:/Users/2101501/Documents/GitHub/PenGwyn-Honours-Project/PenGwyn/Content/Experience/Blueprints/AI/Enum/E_AIState.uasset" 1994
"C:/Users/2101501/Documents/GitHub/PenGwyn-Honours-Project/PenGwyn/Content/Experience/Blueprints/AI/Enum/E_AIState.uexp" 1995
"C:/Users/2101501/Documents/GitHub/PenGwyn-Honours-Project/PenGwyn/Content/Experience/Blueprints/AI/Enum/E_Movement_Speed.uasset" 1996
"C:/Users/2101501/Documents/GitHub/PenGwyn-Honours-Project/PenGwyn/Content/Experience/Blueprints/AI/Enum/E_Movement_Speed.uexp" 1997
"C:/Users/2101501/Documents/GitHub/PenGwyn-Honours-Project/PenGwyn/Content/Experience/Blueprints/AI/Behaviour/BPI_EnemyAI.uasset" 1998
"C:/Users/2101501/Documents/GitHub/PenGwyn-Honours-Project/PenGwyn/Content/Experience/Blueprints/AI/Behaviour/BPI_EnemyAI.uexp" 1999
"C:/Users/2101501/Documents/GitHub/PenGwyn-Honours-Project/PenGwyn/Content/Characters/Mannequins/Rigs/PA_Mannequin.uasset" 2000
"C:/Users/2101501/Documents/GitHub/PenGwyn-Honours-Project/PenGwyn/Content/Characters/Mannequins/Rigs/PA_Mannequin.uexp" 2001
"C:/Users/2101501/Documents/GitHub/PenGwyn-Honours-Project/PenGwyn/Content/Characters/Mannequins/Rigs/CR_Mannequin_Procedural.uasset" 2002
"C:/Users/2101501/Documents/GitHub/PenGwyn-Honours-Project/PenGwyn/Content/Characters/Mannequins/Rigs/CR_Mannequin_Procedural.uexp" 2003
"C:/Users/2101501/Documents/GitHub/PenGwyn-Honours-Project/PenGwyn/Content/Characters/Mannequins/Rigs/Poses/Manny/Manny_calf_l_anim.uasset" 2004
"C:/Users/2101501/Documents/GitHub/PenGwyn-Honours-Project/PenGwyn/Content/Characters/Mannequins/Rigs/Poses/Manny/Manny_calf_l_anim.uexp" 2005
"C:/Users/2101501/Documents/GitHub/PenGwyn-Honours-Project/PenGwyn/Content/Characters/Mannequins/Rigs/Poses/Manny/Manny_calf_l_pose.uasset" 2006
"C:/Users/2101501/Documents/GitHub/PenGwyn-Honours-Project/PenGwyn/Content/Characters/Mannequins/Rigs/Poses/Manny/Manny_calf_l_pose.uexp" 2007
"C:/Users/2101501/Documents/GitHub/PenGwyn-Honours-Project/PenGwyn/Content/Characters/Mannequins/Rigs/Poses/Manny/Manny_calf_r_anim.uasset" 2008
"C:/Users/2101501/Documents/GitHub/PenGwyn-Honours-Project/PenGwyn/Content/Characters/Mannequins/Rigs/Poses/Manny/Manny_calf_r_anim.uexp" 2009
"C:/Users/2101501/Documents/GitHub/PenGwyn-Honours-Project/PenGwyn/Content/Characters/Mannequins/Rigs/Poses/Manny/Manny_calf_r_pose.uasset" 2010
"C:/Users/2101501/Documents/GitHub/PenGwyn-Honours-Project/PenGwyn/Content/Characters/Mannequins/Rigs/Poses/Manny/Manny_calf_r_pose.uexp" 2011
"C:/Users/2101501/Documents/GitHub/PenGwyn-Honours-Project/PenGwyn/Content/Characters/Mannequins/Rigs/Poses/Manny/Manny_clavicle_l_anim.uasset" 2012
"C:/Users/2101501/Documents/GitHub/PenGwyn-Honours-Project/PenGwyn/Content/Characters/Mannequins/Rigs/Poses/Manny/Manny_clavicle_l_anim.uexp" 2013
"C:/Users/2101501/Documents/GitHub/PenGwyn-Honours-Project/PenGwyn/Content/Characters/Mannequins/Rigs/Poses/Manny/Manny_clavicle_l_pose.uasset" 2014
"C:/Users/2101501/Documents/GitHub/PenGwyn-Honours-Project/PenGwyn/Content/Characters/Mannequins/Rigs/Poses/Manny/Manny_clavicle_l_pose.uexp" 2015
"C:/Users/2101501/Documents/GitHub/PenGwyn-Honours-Project/PenGwyn/Content/Characters/Mannequins/Rigs/Poses/Manny/Manny_clavicle_r_anim.uasset" 2016
"C:/Users/2101501/Documents/GitHub/PenGwyn-Honours-Project/PenGwyn/Content/Characters/Mannequins/Rigs/Poses/Manny/Manny_clavicle_r_anim.uexp" 2017
"C:/Users/2101501/Documents/GitHub/PenGwyn-Honours-Project/PenGwyn/Content/Characters/Mannequins/Rigs/Poses/Manny/Manny_clavicle_r_pose.uasset" 2018
"C:/Users/2101501/Documents/GitHub/PenGwyn-Honours-Project/PenGwyn/Content/Characters/Mannequins/Rigs/Poses/Manny/Manny_clavicle_r_pose.uexp" 2019
"C:/Users/2101501/Documents/GitHub/PenGwyn-Honours-Project/PenGwyn/Content/Characters/Mannequins/Rigs/Poses/Manny/Manny_foot_l_anim.uasset" 2020
"C:/Users/2101501/Documents/GitHub/PenGwyn-Honours-Project/PenGwyn/Content/Characters/Mannequins/Rigs/Poses/Manny/Manny_foot_l_anim.uexp" 2021
"C:/Users/2101501/Documents/GitHub/PenGwyn-Honours-Project/PenGwyn/Content/Characters/Mannequins/Rigs/Poses/Manny/Manny_foot_l_pose.uasset" 2022
"C:/Users/2101501/Documents/GitHub/PenGwyn-Honours-Project/PenGwyn/Content/Characters/Mannequins/Rigs/Poses/Manny/Manny_foot_l_pose.uexp" 2023
"C:/Users/2101501/Documents/GitHub/PenGwyn-Honours-Project/PenGwyn/Content/Characters/Mannequins/Rigs/Poses/Manny/Manny_foot_r_anim.uasset" 2024
"C:/Users/2101501/Documents/GitHub/PenGwyn-Honours-Project/PenGwyn/Content/Characters/Mannequins/Rigs/Poses/Manny/Manny_foot_r_anim.uexp" 2025
"C:/Users/2101501/Documents/GitHub/PenGwyn-Honours-Project/PenGwyn/Content/Characters/Mannequins/Rigs/Poses/Manny/Manny_foot_r_pose.uasset" 2026
"C:/Users/2101501/Documents/GitHub/PenGwyn-Honours-Project/PenGwyn/Content/Characters/Mannequins/Rigs/Poses/Manny/Manny_foot_r_pose.uexp" 2027
"C:/Users/2101501/Documents/GitHub/PenGwyn-Honours-Project/PenGwyn/Content/Characters/Mannequins/Rigs/Poses/Manny/Manny_hand_l_anim.uasset" 2028
"C:/Users/2101501/Documents/GitHub/PenGwyn-Honours-Project/PenGwyn/Content/Characters/Mannequins/Rigs/Poses/Manny/Manny_hand_l_anim.uexp" 2029
"C:/Users/2101501/Documents/GitHub/PenGwyn-Honours-Project/PenGwyn/Content/Characters/Mannequins/Rigs/Poses/Manny/Manny_hand_l_pose.uasset" 2030
"C:/Users/2101501/Documents/GitHub/PenGwyn-Honours-Project/PenGwyn/Content/Characters/Mannequins/Rigs/Poses/Manny/Manny_hand_l_pose.uexp" 2031
"C:/Users/2101501/Documents/GitHub/PenGwyn-Honours-Project/PenGwyn/Content/Characters/Mannequins/Rigs/Poses/Manny/Manny_hand_r_anim.uasset" 2032
"C:/Users/2101501/Documents/GitHub/PenGwyn-Honours-Project/PenGwyn/Content/Characters/Mannequins/Rigs/Poses/Manny/Manny_hand_r_anim.uexp" 2033
"C:/Users/2101501/Documents/GitHub/PenGwyn-Honours-Project/PenGwyn/Content/Characters/Mannequins/Rigs/Poses/Manny/Manny_hand_r_pose.uasset" 2034
"C:/Users/2101501/Documents/GitHub/PenGwyn-Honours-Project/PenGwyn/Content/Characters/Mannequins/Rigs/Poses/Manny/Manny_hand_r_pose.uexp" 2035
"C:/Users/2101501/Documents/GitHub/PenGwyn-Honours-Project/PenGwyn/Content/Characters/Mannequins/Rigs/Poses/Manny/Manny_lowerarm_l_anim.uasset" 2036
"C:/Users/2101501/Documents/GitHub/PenGwyn-Honours-Project/PenGwyn/Content/Characters/Mannequins/Rigs/Poses/Manny/Manny_lowerarm_l_anim.uexp" 2037
"C:/Users/2101501/Documents/GitHub/PenGwyn-Honours-Project/PenGwyn/Content/Characters/Mannequins/Rigs/Poses/Manny/Manny_lowerarm_l_pose.uasset" 2038
"C:/Users/2101501/Documents/GitHub/PenGwyn-Honours-Project/PenGwyn/Content/Characters/Mannequins/Rigs/Poses/Manny/Manny_lowerarm_l_pose.uexp" 2039
"C:/Users/2101501/Documents/GitHub/PenGwyn-Honours-Project/PenGwyn/Content/Characters/Mannequins/Rigs/Poses/Manny/Manny_lowerarm_r_anim.uasset" 2040
"C:/Users/2101501/Documents/GitHub/PenGwyn-Honours-Project/PenGwyn/Content/Characters/Mannequins/Rigs/Poses/Manny/Manny_lowerarm_r_anim.uexp" 2041
"C:/Users/2101501/Documents/GitHub/PenGwyn-Honours-Project/PenGwyn/Content/Characters/Mannequins/Rigs/Poses/Manny/Manny_lowerarm_r_pose.uasset" 2042
"C:/Users/2101501/Documents/GitHub/PenGwyn-Honours-Project/PenGwyn/Content/Characters/Mannequins/Rigs/Poses/Manny/Manny_lowerarm_r_pose.uexp" 2043
"C:/Users/2101501/Documents/GitHub/PenGwyn-Honours-Project/PenGwyn/Content/Characters/Mannequins/Rigs/Poses/Manny/Manny_thigh_l_anim.uasset" 2044
"C:/Users/2101501/Documents/GitHub/PenGwyn-Honours-Project/PenGwyn/Content/Characters/Mannequins/Rigs/Poses/Manny/Manny_thigh_l_anim.uexp" 2045
"C:/Users/2101501/Documents/GitHub/PenGwyn-Honours-Project/PenGwyn/Content/Characters/Mannequins/Rigs/Poses/Manny/Manny_thigh_l_pose.uasset" 2046
"C:/Users/2101501/Documents/GitHub/PenGwyn-Honours-Project/PenGwyn/Content/Characters/Mannequins/Rigs/Poses/Manny/Manny_thigh_l_pose.uexp" 2047
"C:/Users/2101501/Documents/GitHub/PenGwyn-Honours-Project/PenGwyn/Content/Characters/Mannequins/Rigs/Poses/Manny/Manny_thigh_r_anim.uasset" 2048
"C:/Users/2101501/Documents/GitHub/PenGwyn-Honours-Project/PenGwyn/Content/Characters/Mannequins/Rigs/Poses/Manny/Manny_thigh_r_anim.uexp" 2049
"C:/Users/2101501/Documents/GitHub/PenGwyn-Honours-Project/PenGwyn/Content/Characters/Mannequins/Rigs/Poses/Manny/Manny_thigh_r_pose.uasset" 2050
"C:/Users/2101501/Documents/GitHub/PenGwyn-Honours-Project/PenGwyn/Content/Characters/Mannequins/Rigs/Poses/Manny/Manny_thigh_r_pose.uexp" 2051
"C:/Users/2101501/Documents/GitHub/PenGwyn-Honours-Project/PenGwyn/Content/Characters/Mannequins/Rigs/Poses/Manny/Manny_upperarm_l_anim.uasset" 2052
"C:/Users/2101501/Documents/GitHub/PenGwyn-Honours-Project/PenGwyn/Content/Characters/Mannequins/Rigs/Poses/Manny/Manny_upperarm_l_anim.uexp" 2053
"C:/Users/2101501/Documents/GitHub/PenGwyn-Honours-Project/PenGwyn/Content/Characters/Mannequins/Rigs/Poses/Manny/Manny_upperarm_l_pose.uasset" 2054
"C:/Users/2101501/Documents/GitHub/PenGwyn-Honours-Project/PenGwyn/Content/Characters/Mannequins/Rigs/Poses/Manny/Manny_upperarm_l_pose.uexp" 2055
"C:/Users/2101501/Documents/GitHub/PenGwyn-Honours-Project/PenGwyn/Content/Characters/Mannequins/Rigs/Poses/Manny/Manny_upperarm_r_anim.uasset" 2056
"C:/Users/2101501/Documents/GitHub/PenGwyn-Honours-Project/PenGwyn/Content/Characters/Mannequins/Rigs/Poses/Manny/Manny_upperarm_r_anim.uexp" 2057
"C:/Users/2101501/Documents/GitHub/PenGwyn-Honours-Project/PenGwyn/Content/Characters/Mannequins/Rigs/Poses/Manny/Manny_upperarm_r_pose.uasset" 2058
"C:/Users/2101501/Documents/GitHub/PenGwyn-Honours-Project/PenGwyn/Content/Characters/Mannequins/Rigs/Poses/Manny/Manny_upperarm_r_pose.uexp" 2059
"C:/Users/2101501/Documents/GitHub/PenGwyn-Honours-Project/PenGwyn/Content/Characters/Mannequins/Rigs/ABP_Manny_PostProcess.uasset" 2060
"C:/Users/2101501/Documents/GitHub/PenGwyn-Honours-Project/PenGwyn/Content/Characters/Mannequins/Rigs/ABP_Manny_PostProcess.uexp" 2061
"C:/Users/2101501/Documents/GitHub/PenGwyn-Honours-Project/PenGwyn/Content/Characters/Mannequins/Textures/Manny/T_Manny_01_Tan.ubulk" 2062
"C:/Users/2101501/Documents/GitHub/PenGwyn-Honours-Project/PenGwyn/Content/Characters/Mannequins/Textures/Manny/T_Manny_01_Tan.uasset" 2063
"C:/Users/2101501/Documents/GitHub/PenGwyn-Honours-Project/PenGwyn/Content/Characters/Mannequins/Textures/Manny/T_Manny_01_Tan.uexp" 2064
"C:/Users/2101501/Documents/GitHub/PenGwyn-Honours-Project/PenGwyn/Content/Characters/Mannequins/Textures/Manny/T_Manny_01_N.ubulk" 2065
"C:/Users/2101501/Documents/GitHub/PenGwyn-Honours-Project/PenGwyn/Content/Characters/Mannequins/Textures/Manny/T_Manny_01_N.uasset" 2066
"C:/Users/2101501/Documents/GitHub/PenGwyn-Honours-Project/PenGwyn/Content/Characters/Mannequins/Textures/Manny/T_Manny_01_N.uexp" 2067
"C:/Users/2101501/Documents/GitHub/PenGwyn-Honours-Project/PenGwyn/Content/Characters/Mannequins/Textures/Manny/T_Manny_01_MSR_MSK.ubulk" 2068
"C:/Users/2101501/Documents/GitHub/PenGwyn-Honours-Project/PenGwyn/Content/Characters/Mannequins/Textures/Manny/T_Manny_01_MSR_MSK.uasset" 2069
"C:/Users/2101501/Documents/GitHub/PenGwyn-Honours-Project/PenGwyn/Content/Characters/Mannequins/Textures/Manny/T_Manny_01_MSR_MSK.uexp" 2070
"C:/Users/2101501/Documents/GitHub/PenGwyn-Honours-Project/PenGwyn/Content/Characters/Mannequins/Textures/Manny/T_Manny_01_D.ubulk" 2071
"C:/Users/2101501/Documents/GitHub/PenGwyn-Honours-Project/PenGwyn/Content/Characters/Mannequins/Textures/Manny/T_Manny_01_D.uasset" 2072
"C:/Users/2101501/Documents/GitHub/PenGwyn-Honours-Project/PenGwyn/Content/Characters/Mannequins/Textures/Manny/T_Manny_01_D.uexp" 2073
"C:/Users/2101501/Documents/GitHub/PenGwyn-Honours-Project/PenGwyn/Content/Characters/Mannequins/Textures/Manny/T_Manny_01_CCRCCPlastic_MSK.ubulk" 2074
"C:/Users/2101501/Documents/GitHub/PenGwyn-Honours-Project/PenGwyn/Content/Characters/Mannequins/Textures/Manny/T_Manny_01_CCRCCPlastic_MSK.uasset" 2075
"C:/Users/2101501/Documents/GitHub/PenGwyn-Honours-Project/PenGwyn/Content/Characters/Mannequins/Textures/Manny/T_Manny_01_CCRCCPlastic_MSK.uexp" 2076
"C:/Users/2101501/Documents/GitHub/PenGwyn-Honours-Project/PenGwyn/Content/Characters/Mannequins/Textures/Manny/T_Manny_01_BN.ubulk" 2077
"C:/Users/2101501/Documents/GitHub/PenGwyn-Honours-Project/PenGwyn/Content/Characters/Mannequins/Textures/Manny/T_Manny_01_BN.uasset" 2078
"C:/Users/2101501/Documents/GitHub/PenGwyn-Honours-Project/PenGwyn/Content/Characters/Mannequins/Textures/Manny/T_Manny_01_BN.uexp" 2079
"C:/Users/2101501/Documents/GitHub/PenGwyn-Honours-Project/PenGwyn/Content/Characters/Mannequins/Textures/Manny/T_Manny_01_ASAOPMASK_MSK.ubulk" 2080
"C:/Users/2101501/Documents/GitHub/PenGwyn-Honours-Project/PenGwyn/Content/Characters/Mannequins/Textures/Manny/T_Manny_01_ASAOPMASK_MSK.uasset" 2081
"C:/Users/2101501/Documents/GitHub/PenGwyn-Honours-Project/PenGwyn/Content/Characters/Mannequins/Textures/Manny/T_Manny_01_ASAOPMASK_MSK.uexp" 2082
"C:/Users/2101501/Documents/GitHub/PenGwyn-Honours-Project/PenGwyn/Content/Characters/Mannequins/Materials/Functions/ChromaticCurve.uasset" 2083
"C:/Users/2101501/Documents/GitHub/PenGwyn-Honours-Project/PenGwyn/Content/Characters/Mannequins/Materials/Functions/ChromaticCurve.uexp" 2084
"C:/Users/2101501/Documents/GitHub/PenGwyn-Honours-Project/PenGwyn/Content/Characters/Mannequins/Materials/Functions/CA_Mannequin.uasset" 2085
"C:/Users/2101501/Documents/GitHub/PenGwyn-Honours-Project/PenGwyn/Content/Characters/Mannequins/Materials/Functions/CA_Mannequin.uexp" 2086
"C:/Users/2101501/Documents/GitHub/PenGwyn-Honours-Project/PenGwyn/Content/Characters/Mannequins/Materials/Functions/MF_Diffraction.uasset" 2087
"C:/Users/2101501/Documents/GitHub/PenGwyn-Honours-Project/PenGwyn/Content/Characters/Mannequins/Materials/Functions/MF_Diffraction.uexp" 2088
"C:/Users/2101501/Documents/GitHub/PenGwyn-Honours-Project/PenGwyn/Content/Characters/Mannequins/Textures/Shared/T_UE_Logo_M.uasset" 2089
"C:/Users/2101501/Documents/GitHub/PenGwyn-Honours-Project/PenGwyn/Content/Characters/Mannequins/Textures/Shared/T_UE_Logo_M.uexp" 2090
"C:/Users/2101501/Documents/GitHub/PenGwyn-Honours-Project/PenGwyn/Content/Characters/Mannequins/Materials/Functions/MF_logo3layers.uasset" 2091
"C:/Users/2101501/Documents/GitHub/PenGwyn-Honours-Project/PenGwyn/Content/Characters/Mannequins/Materials/Functions/MF_logo3layers.uexp" 2092
"C:/Users/2101501/Documents/GitHub/PenGwyn-Honours-Project/PenGwyn/Content/Characters/Mannequins/Materials/Functions/ML_BaseColorFallOff.uasset" 2093
"C:/Users/2101501/Documents/GitHub/PenGwyn-Honours-Project/PenGwyn/Content/Characters/Mannequins/Materials/Functions/ML_BaseColorFallOff.uexp" 2094
"C:/Users/2101501/Documents/GitHub/PenGwyn-Honours-Project/PenGwyn/Content/Characters/Mannequins/Materials/M_Mannequin.uasset" 2095
"C:/Users/2101501/Documents/GitHub/PenGwyn-Honours-Project/PenGwyn/Content/Characters/Mannequins/Materials/M_Mannequin.uexp" 2096
"C:/Users/2101501/Documents/GitHub/PenGwyn-Honours-Project/PenGwyn/Content/Characters/Mannequins/Materials/Instances/Manny/MI_Manny_01.uasset" 2097
"C:/Users/2101501/Documents/GitHub/PenGwyn-Honours-Project/PenGwyn/Content/Characters/Mannequins/Materials/Instances/Manny/MI_Manny_01.uexp" 2098
"C:/Users/2101501/Documents/GitHub/PenGwyn-Honours-Project/PenGwyn/Content/Characters/Mannequins/Textures/Manny/T_Manny_02_Tan.ubulk" 2099
"C:/Users/2101501/Documents/GitHub/PenGwyn-Honours-Project/PenGwyn/Content/Characters/Mannequins/Textures/Manny/T_Manny_02_Tan.uasset" 2100
"C:/Users/2101501/Documents/GitHub/PenGwyn-Honours-Project/PenGwyn/Content/Characters/Mannequins/Textures/Manny/T_Manny_02_Tan.uexp" 2101
"C:/Users/2101501/Documents/GitHub/PenGwyn-Honours-Project/PenGwyn/Content/Characters/Mannequins/Textures/Manny/T_Manny_02_N.ubulk" 2102
"C:/Users/2101501/Documents/GitHub/PenGwyn-Honours-Project/PenGwyn/Content/Characters/Mannequins/Textures/Manny/T_Manny_02_N.uasset" 2103
"C:/Users/2101501/Documents/GitHub/PenGwyn-Honours-Project/PenGwyn/Content/Characters/Mannequins/Textures/Manny/T_Manny_02_N.uexp" 2104
"C:/Users/2101501/Documents/GitHub/PenGwyn-Honours-Project/PenGwyn/Content/Characters/Mannequins/Textures/Manny/T_Manny_02_MSR_MSK.ubulk" 2105
"C:/Users/2101501/Documents/GitHub/PenGwyn-Honours-Project/PenGwyn/Content/Characters/Mannequins/Textures/Manny/T_Manny_02_MSR_MSK.uasset" 2106
"C:/Users/2101501/Documents/GitHub/PenGwyn-Honours-Project/PenGwyn/Content/Characters/Mannequins/Textures/Manny/T_Manny_02_MSR_MSK.uexp" 2107
"C:/Users/2101501/Documents/GitHub/PenGwyn-Honours-Project/PenGwyn/Content/Characters/Mannequins/Textures/Manny/T_Manny_02_D.ubulk" 2108
"C:/Users/2101501/Documents/GitHub/PenGwyn-Honours-Project/PenGwyn/Content/Characters/Mannequins/Textures/Manny/T_Manny_02_D.uasset" 2109
"C:/Users/2101501/Documents/GitHub/PenGwyn-Honours-Project/PenGwyn/Content/Characters/Mannequins/Textures/Manny/T_Manny_02_D.uexp" 2110
"C:/Users/2101501/Documents/GitHub/PenGwyn-Honours-Project/PenGwyn/Content/Characters/Mannequins/Textures/Manny/T_Manny_02_CCRCCPlastic_MSK.ubulk" 2111
"C:/Users/2101501/Documents/GitHub/PenGwyn-Honours-Project/PenGwyn/Content/Characters/Mannequins/Textures/Manny/T_Manny_02_CCRCCPlastic_MSK.uasset" 2112
"C:/Users/2101501/Documents/GitHub/PenGwyn-Honours-Project/PenGwyn/Content/Characters/Mannequins/Textures/Manny/T_Manny_02_CCRCCPlastic_MSK.uexp" 2113
"C:/Users/2101501/Documents/GitHub/PenGwyn-Honours-Project/PenGwyn/Content/Characters/Mannequins/Textures/Manny/T_Manny_02_BN.ubulk" 2114
"C:/Users/2101501/Documents/GitHub/PenGwyn-Honours-Project/PenGwyn/Content/Characters/Mannequins/Textures/Manny/T_Manny_02_BN.uasset" 2115
"C:/Users/2101501/Documents/GitHub/PenGwyn-Honours-Project/PenGwyn/Content/Characters/Mannequins/Textures/Manny/T_Manny_02_BN.uexp" 2116
"C:/Users/2101501/Documents/GitHub/PenGwyn-Honours-Project/PenGwyn/Content/Characters/Mannequins/Textures/Manny/T_Manny_02_ASAOPMASK_MSK.ubulk" 2117
"C:/Users/2101501/Documents/GitHub/PenGwyn-Honours-Project/PenGwyn/Content/Characters/Mannequins/Textures/Manny/T_Manny_02_ASAOPMASK_MSK.uasset" 2118
"C:/Users/2101501/Documents/GitHub/PenGwyn-Honours-Project/PenGwyn/Content/Characters/Mannequins/Textures/Manny/T_Manny_02_ASAOPMASK_MSK.uexp" 2119
"C:/Users/2101501/Documents/GitHub/PenGwyn-Honours-Project/PenGwyn/Content/Characters/Mannequins/Materials/Instances/Manny/MI_Manny_02.uasset" 2120
"C:/Users/2101501/Documents/GitHub/PenGwyn-Honours-Project/PenGwyn/Content/Characters/Mannequins/Materials/Instances/Manny/MI_Manny_02.uexp" 2121
"C:/Users/2101501/Documents/GitHub/PenGwyn-Honours-Project/PenGwyn/Content/Characters/Mannequins/Meshes/SKM_Manny.uasset" 2122
"C:/Users/2101501/Documents/GitHub/PenGwyn-Honours-Project/PenGwyn/Content/Characters/Mannequins/Meshes/SKM_Manny.uexp" 2123
"C:/Users/2101501/Documents/GitHub/PenGwyn-Honours-Project/PenGwyn/Content/Experience/Blueprints/Enum/E_BufferType.uasset" 2124
"C:/Users/2101501/Documents/GitHub/PenGwyn-Honours-Project/PenGwyn/Content/Experience/Blueprints/Enum/E_BufferType.uexp" 2125
"C:/Users/2101501/Documents/GitHub/PenGwyn-Honours-Project/PenGwyn/Content/Experience/Blueprints/Components/S_InputBufferInfo.uasset" 2126
"C:/Users/2101501/Documents/GitHub/PenGwyn-Honours-Project/PenGwyn/Content/Experience/Blueprints/Components/S_InputBufferInfo.uexp" 2127
"C:/Users/2101501/Documents/GitHub/PenGwyn-Honours-Project/PenGwyn/Content/Experience/Blueprints/Components/BPC_InputBufferComponent.uasset" 2128
"C:/Users/2101501/Documents/GitHub/PenGwyn-Honours-Project/PenGwyn/Content/Experience/Blueprints/Components/BPC_InputBufferComponent.uexp" 2129
"C:/Users/2101501/Documents/GitHub/PenGwyn-Honours-Project/PenGwyn/Content/Experience/Animations/ANS_InputBuffer.uasset" 2130
"C:/Users/2101501/Documents/GitHub/PenGwyn-Honours-Project/PenGwyn/Content/Experience/Animations/ANS_InputBuffer.uexp" 2131
"C:/Users/2101501/Documents/GitHub/PenGwyn-Honours-Project/PenGwyn/Content/Experience/Animations/ANIM_Greatsword_Attack_01.uasset" 2132
"C:/Users/2101501/Documents/GitHub/PenGwyn-Honours-Project/PenGwyn/Content/Experience/Animations/ANIM_Greatsword_Attack_01.uexp" 2133
"C:/Users/2101501/Documents/GitHub/PenGwyn-Honours-Project/PenGwyn/Content/Experience/Animations/AM_Heavy_Attack1.uasset" 2134
"C:/Users/2101501/Documents/GitHub/PenGwyn-Honours-Project/PenGwyn/Content/Experience/Animations/AM_Heavy_Attack1.uexp" 2135
"C:/Users/2101501/Documents/GitHub/PenGwyn-Honours-Project/PenGwyn/Content/UI/Grim_Ascent_UI/T_Bars/T_Health_bar_282x54_v1.uasset" 2136
"C:/Users/2101501/Documents/GitHub/PenGwyn-Honours-Project/PenGwyn/Content/UI/Grim_Ascent_UI/T_Bars/T_Health_bar_282x54_v1.uexp" 2137
"C:/Users/2101501/Documents/GitHub/PenGwyn-Honours-Project/PenGwyn/Content/UI/Grim_Ascent_UI/T_Bars/T_Empty_bar_282x54_v1.uasset" 2138
"C:/Users/2101501/Documents/GitHub/PenGwyn-Honours-Project/PenGwyn/Content/UI/Grim_Ascent_UI/T_Bars/T_Empty_bar_282x54_v1.uexp" 2139
"C:/Users/2101501/Documents/GitHub/PenGwyn-Honours-Project/PenGwyn/Content/DamageSystem/UI/Healthbar.uasset" 2140
"C:/Users/2101501/Documents/GitHub/PenGwyn-Honours-Project/PenGwyn/Content/DamageSystem/UI/Healthbar.uexp" 2141
"C:/Users/2101501/Documents/GitHub/PenGwyn-Honours-Project/PenGwyn/Content/Experience/Blueprints/AI/Behaviour/AIC_Enemy_Base.uasset" 2142
"C:/Users/2101501/Documents/GitHub/PenGwyn-Honours-Project/PenGwyn/Content/Experience/Blueprints/AI/Behaviour/AIC_Enemy_Base.uexp" 2143
"C:/Users/2101501/Documents/GitHub/PenGwyn-Honours-Project/PenGwyn/Content/Experience/Blueprints/AI/EQS/EQS_Context_AttackTarget.uasset" 2144
"C:/Users/2101501/Documents/GitHub/PenGwyn-Honours-Project/PenGwyn/Content/Experience/Blueprints/AI/EQS/EQS_Context_AttackTarget.uexp" 2145
"C:/Users/2101501/Documents/GitHub/PenGwyn-Honours-Project/PenGwyn/Content/Experience/Blueprints/AI/EQS/EQS_Strafe.uasset" 2146
"C:/Users/2101501/Documents/GitHub/PenGwyn-Honours-Project/PenGwyn/Content/Experience/Blueprints/AI/EQS/EQS_Strafe.uexp" 2147
"C:/Users/2101501/Documents/GitHub/PenGwyn-Honours-Project/PenGwyn/Content/Experience/Blueprints/AI/Behaviour/BP_Enemy_Base.uasset" 2148
"C:/Users/2101501/Documents/GitHub/PenGwyn-Honours-Project/PenGwyn/Content/Experience/Blueprints/AI/Behaviour/BP_Enemy_Base.uexp" 2149
"C:/Users/2101501/Documents/GitHub/PenGwyn-Honours-Project/PenGwyn/Content/Experience/Blueprints/AI/Behaviour/Tasks/BTT_Set_Movement_Speed.uasset" 2150
"C:/Users/2101501/Documents/GitHub/PenGwyn-Honours-Project/PenGwyn/Content/Experience/Blueprints/AI/Behaviour/Tasks/BTT_Set_Movement_Speed.uexp" 2151
"C:/Users/2101501/Documents/GitHub/PenGwyn-Honours-Project/PenGwyn/Content/Experience/Blueprints/AI/Behaviour/Tasks/BTT_Remove_Focus.uasset" 2152
"C:/Users/2101501/Documents/GitHub/PenGwyn-Honours-Project/PenGwyn/Content/Experience/Blueprints/AI/Behaviour/Tasks/BTT_Remove_Focus.uexp" 2153
"C:/Users/2101501/Documents/GitHub/PenGwyn-Honours-Project/PenGwyn/Content/Experience/Blueprints/AI/Behaviour/Tasks/BTT_Move_Along_Path.uasset" 2154
"C:/Users/2101501/Documents/GitHub/PenGwyn-Honours-Project/PenGwyn/Content/Experience/Blueprints/AI/Behaviour/Tasks/BTT_Move_Along_Path.uexp" 2155
"C:/Users/2101501/Documents/GitHub/PenGwyn-Honours-Project/PenGwyn/Content/Experience/Blueprints/AI/Behaviour/Tasks/BTT_MoveToIdealRange.uasset" 2156
"C:/Users/2101501/Documents/GitHub/PenGwyn-Honours-Project/PenGwyn/Content/Experience/Blueprints/AI/Behaviour/Tasks/BTT_MoveToIdealRange.uexp" 2157
"C:/Users/2101501/Documents/GitHub/PenGwyn-Honours-Project/PenGwyn/Content/Experience/Blueprints/AI/Behaviour/Tasks/BTT_Focus_Target.uasset" 2158
"C:/Users/2101501/Documents/GitHub/PenGwyn-Honours-Project/PenGwyn/Content/Experience/Blueprints/AI/Behaviour/Tasks/BTT_Focus_Target.uexp" 2159
"C:/Users/2101501/Documents/GitHub/PenGwyn-Honours-Project/PenGwyn/Content/Experience/Blueprints/AI/Behaviour/Tasks/BTT_Default_Attack.uasset" 2160
"C:/Users/2101501/Documents/GitHub/PenGwyn-Honours-Project/PenGwyn/Content/Experience/Blueprints/AI/Behaviour/Tasks/BTT_Default_Attack.uexp" 2161
"C:/Users/2101501/Documents/GitHub/PenGwyn-Honours-Project/PenGwyn/Content/Experience/Blueprints/AI/Behaviour/Decorators/BTD_ISWithinIdealRange.uasset" 2162
"C:/Users/2101501/Documents/GitHub/PenGwyn-Honours-Project/PenGwyn/Content/Experience/Blueprints/AI/Behaviour/Decorators/BTD_ISWithinIdealRange.uexp" 2163
"C:/Users/2101501/Documents/GitHub/PenGwyn-Honours-Project/PenGwyn/Content/Experience/Blueprints/AI/Behaviour/Decorators/BTD_Has_PartrolRoute.uasset" 2164
"C:/Users/2101501/Documents/GitHub/PenGwyn-Honours-Project/PenGwyn/Content/Experience/Blueprints/AI/Behaviour/Decorators/BTD_Has_PartrolRoute.uexp" 2165
"C:/Users/2101501/Documents/GitHub/PenGwyn-Honours-Project/PenGwyn/Content/Experience/Blueprints/AI/Behaviour/Decorators/BTD_CanAttackTarget.uasset" 2166
"C:/Users/2101501/Documents/GitHub/PenGwyn-Honours-Project/PenGwyn/Content/Experience/Blueprints/AI/Behaviour/Decorators/BTD_CanAttackTarget.uexp" 2167
"C:/Users/2101501/Documents/GitHub/PenGwyn-Honours-Project/PenGwyn/Content/Experience/Blueprints/AI/Behaviour/BT_Enemy_Base.uasset" 2168
"C:/Users/2101501/Documents/GitHub/PenGwyn-Honours-Project/PenGwyn/Content/Experience/Blueprints/AI/Behaviour/BT_Enemy_Base.uexp" 2169
"C:/Users/2101501/Documents/GitHub/PenGwyn-Honours-Project/PenGwyn/Content/Experience/Blueprints/AI/BP_Enemy_Base.uasset" 2170
"C:/Users/2101501/Documents/GitHub/PenGwyn-Honours-Project/PenGwyn/Content/Experience/Blueprints/AI/BP_Enemy_Base.uexp" 2171
"C:/Users/2101501/Documents/GitHub/PenGwyn-Honours-Project/PenGwyn/Content/AssistiveControlScheme/BPI_AssitanceUpdates.uasset" 2172
"C:/Users/2101501/Documents/GitHub/PenGwyn-Honours-Project/PenGwyn/Content/AssistiveControlScheme/BPI_AssitanceUpdates.uexp" 2173
"C:/Users/2101501/Documents/GitHub/PenGwyn-Honours-Project/PenGwyn/Content/Experience/Blueprints/Components/BPC_TargetLockOnComponent.uasset" 2174
"C:/Users/2101501/Documents/GitHub/PenGwyn-Honours-Project/PenGwyn/Content/Experience/Blueprints/Components/BPC_TargetLockOnComponent.uexp" 2175
"C:/Users/2101501/Documents/GitHub/PenGwyn-Honours-Project/PenGwyn/Content/Characters/Mannequins/Anims/Unarmed/MM_Idle.uasset" 2176
"C:/Users/2101501/Documents/GitHub/PenGwyn-Honours-Project/PenGwyn/Content/Characters/Mannequins/Anims/Unarmed/MM_Idle.uexp" 2177
"C:/Users/2101501/Documents/GitHub/PenGwyn-Honours-Project/PenGwyn/Content/Characters/Mannequins/Anims/Unarmed/Walk/MF_Unarmed_Walk_Right.uasset" 2178
"C:/Users/2101501/Documents/GitHub/PenGwyn-Honours-Project/PenGwyn/Content/Characters/Mannequins/Anims/Unarmed/Walk/MF_Unarmed_Walk_Right.uexp" 2179
"C:/Users/2101501/Documents/GitHub/PenGwyn-Honours-Project/PenGwyn/Content/Characters/Mannequins/Anims/Unarmed/Walk/MF_Unarmed_Walk_Left.uasset" 2180
"C:/Users/2101501/Documents/GitHub/PenGwyn-Honours-Project/PenGwyn/Content/Characters/Mannequins/Anims/Unarmed/Walk/MF_Unarmed_Walk_Left.uexp" 2181
"C:/Users/2101501/Documents/GitHub/PenGwyn-Honours-Project/PenGwyn/Content/Characters/Mannequins/Anims/Unarmed/Walk/MF_Unarmed_Walk_Fwd_Right.uasset" 2182
"C:/Users/2101501/Documents/GitHub/PenGwyn-Honours-Project/PenGwyn/Content/Characters/Mannequins/Anims/Unarmed/Walk/MF_Unarmed_Walk_Fwd_Right.uexp" 2183
"C:/Users/2101501/Documents/GitHub/PenGwyn-Honours-Project/PenGwyn/Content/Characters/Mannequins/Anims/Unarmed/Walk/MF_Unarmed_Walk_Fwd_Left.uasset" 2184
"C:/Users/2101501/Documents/GitHub/PenGwyn-Honours-Project/PenGwyn/Content/Characters/Mannequins/Anims/Unarmed/Walk/MF_Unarmed_Walk_Fwd_Left.uexp" 2185
"C:/Users/2101501/Documents/GitHub/PenGwyn-Honours-Project/PenGwyn/Content/Characters/Mannequins/Anims/Unarmed/Walk/MF_Unarmed_Walk_Fwd.uasset" 2186
"C:/Users/2101501/Documents/GitHub/PenGwyn-Honours-Project/PenGwyn/Content/Characters/Mannequins/Anims/Unarmed/Walk/MF_Unarmed_Walk_Fwd.uexp" 2187
"C:/Users/2101501/Documents/GitHub/PenGwyn-Honours-Project/PenGwyn/Content/Characters/Mannequins/Anims/Unarmed/Walk/MF_Unarmed_Walk_Bwd_Right.uasset" 2188
"C:/Users/2101501/Documents/GitHub/PenGwyn-Honours-Project/PenGwyn/Content/Characters/Mannequins/Anims/Unarmed/Walk/MF_Unarmed_Walk_Bwd_Right.uexp" 2189
"C:/Users/2101501/Documents/GitHub/PenGwyn-Honours-Project/PenGwyn/Content/Characters/Mannequins/Anims/Unarmed/Walk/MF_Unarmed_Walk_Bwd_Left.uasset" 2190
"C:/Users/2101501/Documents/GitHub/PenGwyn-Honours-Project/PenGwyn/Content/Characters/Mannequins/Anims/Unarmed/Walk/MF_Unarmed_Walk_Bwd_Left.uexp" 2191
"C:/Users/2101501/Documents/GitHub/PenGwyn-Honours-Project/PenGwyn/Content/Characters/Mannequins/Anims/Unarmed/Walk/MF_Unarmed_Walk_Bwd.uasset" 2192
"C:/Users/2101501/Documents/GitHub/PenGwyn-Honours-Project/PenGwyn/Content/Characters/Mannequins/Anims/Unarmed/Walk/MF_Unarmed_Walk_Bwd.uexp" 2193
"C:/Users/2101501/Documents/GitHub/PenGwyn-Honours-Project/PenGwyn/Content/Characters/Mannequins/Anims/Unarmed/Jog/MF_Unarmed_Jog_Right.uasset" 2194
"C:/Users/2101501/Documents/GitHub/PenGwyn-Honours-Project/PenGwyn/Content/Characters/Mannequins/Anims/Unarmed/Jog/MF_Unarmed_Jog_Right.uexp" 2195
"C:/Users/2101501/Documents/GitHub/PenGwyn-Honours-Project/PenGwyn/Content/Characters/Mannequins/Anims/Unarmed/Jog/MF_Unarmed_Jog_Left.uasset" 2196
"C:/Users/2101501/Documents/GitHub/PenGwyn-Honours-Project/PenGwyn/Content/Characters/Mannequins/Anims/Unarmed/Jog/MF_Unarmed_Jog_Left.uexp" 2197
"C:/Users/2101501/Documents/GitHub/PenGwyn-Honours-Project/PenGwyn/Content/Characters/Mannequins/Anims/Unarmed/Jog/MF_Unarmed_Jog_Fwd_Right.uasset" 2198
"C:/Users/2101501/Documents/GitHub/PenGwyn-Honours-Project/PenGwyn/Content/Characters/Mannequins/Anims/Unarmed/Jog/MF_Unarmed_Jog_Fwd_Right.uexp" 2199
"C:/Users/2101501/Documents/GitHub/PenGwyn-Honours-Project/PenGwyn/Content/Characters/Mannequins/Anims/Unarmed/Jog/MF_Unarmed_Jog_Fwd_Left.uasset" 2200
"C:/Users/2101501/Documents/GitHub/PenGwyn-Honours-Project/PenGwyn/Content/Characters/Mannequins/Anims/Unarmed/Jog/MF_Unarmed_Jog_Fwd_Left.uexp" 2201
"C:/Users/2101501/Documents/GitHub/PenGwyn-Honours-Project/PenGwyn/Content/Characters/Mannequins/Anims/Unarmed/Jog/MF_Unarmed_Jog_Fwd.uasset" 2202
"C:/Users/2101501/Documents/GitHub/PenGwyn-Honours-Project/PenGwyn/Content/Characters/Mannequins/Anims/Unarmed/Jog/MF_Unarmed_Jog_Fwd.uexp" 2203
"C:/Users/2101501/Documents/GitHub/PenGwyn-Honours-Project/PenGwyn/Content/Characters/Mannequins/Anims/Unarmed/Jog/MF_Unarmed_Jog_Bwd_Right.uasset" 2204
"C:/Users/2101501/Documents/GitHub/PenGwyn-Honours-Project/PenGwyn/Content/Characters/Mannequins/Anims/Unarmed/Jog/MF_Unarmed_Jog_Bwd_Right.uexp" 2205
"C:/Users/2101501/Documents/GitHub/PenGwyn-Honours-Project/PenGwyn/Content/Characters/Mannequins/Anims/Unarmed/Jog/MF_Unarmed_Jog_Bwd_Left.uasset" 2206
"C:/Users/2101501/Documents/GitHub/PenGwyn-Honours-Project/PenGwyn/Content/Characters/Mannequins/Anims/Unarmed/Jog/MF_Unarmed_Jog_Bwd_Left.uexp" 2207
"C:/Users/2101501/Documents/GitHub/PenGwyn-Honours-Project/PenGwyn/Content/Characters/Mannequins/Anims/Unarmed/Jog/MF_Unarmed_Jog_Bwd.uasset" 2208
"C:/Users/2101501/Documents/GitHub/PenGwyn-Honours-Project/PenGwyn/Content/Characters/Mannequins/Anims/Unarmed/Jog/MF_Unarmed_Jog_Bwd.uexp" 2209
"C:/Users/2101501/Documents/GitHub/PenGwyn-Honours-Project/PenGwyn/Content/Characters/Mannequins/Anims/Unarmed/BS_Idle_Walk_Run.uasset" 2210
"C:/Users/2101501/Documents/GitHub/PenGwyn-Honours-Project/PenGwyn/Content/Characters/Mannequins/Anims/Unarmed/BS_Idle_Walk_Run.uexp" 2211
"C:/Users/2101501/Documents/GitHub/PenGwyn-Honours-Project/PenGwyn/Content/Experience/Animations/ANIM_Block_Shield.uasset" 2212
"C:/Users/2101501/Documents/GitHub/PenGwyn-Honours-Project/PenGwyn/Content/Experience/Animations/ANIM_Block_Shield.uexp" 2213
"C:/Users/2101501/Documents/GitHub/PenGwyn-Honours-Project/PenGwyn/Content/Experience/Animations/ANIM_Hold_Greatsword.uasset" 2214
"C:/Users/2101501/Documents/GitHub/PenGwyn-Honours-Project/PenGwyn/Content/Experience/Animations/ANIM_Hold_Greatsword.uexp" 2215
"C:/Users/2101501/Documents/GitHub/PenGwyn-Honours-Project/PenGwyn/Content/Experience/ABP_AshenTwo.uasset" 2216
"C:/Users/2101501/Documents/GitHub/PenGwyn-Honours-Project/PenGwyn/Content/Experience/ABP_AshenTwo.uexp" 2217
"C:/Users/2101501/Documents/GitHub/PenGwyn-Honours-Project/PenGwyn/Content/DamageSystem/E_DamageDirection.uasset" 2218
"C:/Users/2101501/Documents/GitHub/PenGwyn-Honours-Project/PenGwyn/Content/DamageSystem/E_DamageDirection.uexp" 2219
"C:/Users/2101501/Documents/GitHub/PenGwyn-Honours-Project/PenGwyn/Content/IronSpear_Content/Iron_Juggernaut/Meshes/SK_Mannequin.uasset" 2220
"C:/Users/2101501/Documents/GitHub/PenGwyn-Honours-Project/PenGwyn/Content/IronSpear_Content/Iron_Juggernaut/Meshes/SK_Mannequin.uexp" 2221
"C:/Users/2101501/Documents/GitHub/PenGwyn-Honours-Project/PenGwyn/Content/Experience/Animations/Attack_PrimaryA.uasset" 2222
"C:/Users/2101501/Documents/GitHub/PenGwyn-Honours-Project/PenGwyn/Content/Experience/Animations/Attack_PrimaryA.uexp" 2223
"C:/Users/2101501/Documents/GitHub/PenGwyn-Honours-Project/PenGwyn/Content/Experience/Animations/Attack_1.uasset" 2224
"C:/Users/2101501/Documents/GitHub/PenGwyn-Honours-Project/PenGwyn/Content/Experience/Animations/Attack_1.uexp" 2225
"C:/Users/2101501/Documents/GitHub/PenGwyn-Honours-Project/PenGwyn/Content/Experience/Animations/AN_SpawnWeapon.uasset" 2226
"C:/Users/2101501/Documents/GitHub/PenGwyn-Honours-Project/PenGwyn/Content/Experience/Animations/AN_SpawnWeapon.uexp" 2227
"C:/Users/2101501/Documents/GitHub/PenGwyn-Honours-Project/PenGwyn/Content/Experience/Animations/LevelStart.uasset" 2228
"C:/Users/2101501/Documents/GitHub/PenGwyn-Honours-Project/PenGwyn/Content/Experience/Animations/LevelStart.uexp" 2229
"C:/Users/2101501/Documents/GitHub/PenGwyn-Honours-Project/PenGwyn/Content/Experience/Animations/AM_Level_Start.uasset" 2230
"C:/Users/2101501/Documents/GitHub/PenGwyn-Honours-Project/PenGwyn/Content/Experience/Animations/AM_Level_Start.uexp" 2231
"C:/Users/2101501/Documents/GitHub/PenGwyn-Honours-Project/PenGwyn/Content/Experience/Animations/HitReact_Right.uasset" 2232
"C:/Users/2101501/Documents/GitHub/PenGwyn-Honours-Project/PenGwyn/Content/Experience/Animations/HitReact_Right.uexp" 2233
"C:/Users/2101501/Documents/GitHub/PenGwyn-Honours-Project/PenGwyn/Content/Experience/Animations/AM_HitReact_Right_Montage.uasset" 2234
"C:/Users/2101501/Documents/GitHub/PenGwyn-Honours-Project/PenGwyn/Content/Experience/Animations/AM_HitReact_Right_Montage.uexp" 2235
"C:/Users/2101501/Documents/GitHub/PenGwyn-Honours-Project/PenGwyn/Content/Experience/Animations/HitReact_Left.uasset" 2236
"C:/Users/2101501/Documents/GitHub/PenGwyn-Honours-Project/PenGwyn/Content/Experience/Animations/HitReact_Left.uexp" 2237
"C:/Users/2101501/Documents/GitHub/PenGwyn-Honours-Project/PenGwyn/Content/Experience/Animations/AM_HitReact_Left_Montage.uasset" 2238
"C:/Users/2101501/Documents/GitHub/PenGwyn-Honours-Project/PenGwyn/Content/Experience/Animations/AM_HitReact_Left_Montage.uexp" 2239
"C:/Users/2101501/Documents/GitHub/PenGwyn-Honours-Project/PenGwyn/Content/RPG_Starter_Pack_III/RPG_Fanfares_Ambiences_III/WAVs/RPG_Fanfares/Big_Item_Get_1/Fanfare_BigItemGet1_V3.ubulk" 2240
"C:/Users/2101501/Documents/GitHub/PenGwyn-Honours-Project/PenGwyn/Content/RPG_Starter_Pack_III/RPG_Fanfares_Ambiences_III/WAVs/RPG_Fanfares/Big_Item_Get_1/Fanfare_BigItemGet1_V3.uasset" 2241
"C:/Users/2101501/Documents/GitHub/PenGwyn-Honours-Project/PenGwyn/Content/RPG_Starter_Pack_III/RPG_Fanfares_Ambiences_III/WAVs/RPG_Fanfares/Big_Item_Get_1/Fanfare_BigItemGet1_V3.uexp" 2242
"C:/Users/2101501/Documents/GitHub/PenGwyn-Honours-Project/PenGwyn/Content/Experience/Animations/CardCast.uasset" 2243
"C:/Users/2101501/Documents/GitHub/PenGwyn-Honours-Project/PenGwyn/Content/Experience/Animations/CardCast.uexp" 2244
"C:/Users/2101501/Documents/GitHub/PenGwyn-Honours-Project/PenGwyn/Content/Experience/Animations/AM_Heal.uasset" 2245
"C:/Users/2101501/Documents/GitHub/PenGwyn-Honours-Project/PenGwyn/Content/Experience/Animations/AM_Heal.uexp" 2246
"C:/Users/2101501/Documents/GitHub/PenGwyn-Honours-Project/PenGwyn/Content/Experience/Animations/Sword_And_Shield_Impact.uasset" 2247
"C:/Users/2101501/Documents/GitHub/PenGwyn-Honours-Project/PenGwyn/Content/Experience/Animations/Sword_And_Shield_Impact.uexp" 2248
"C:/Users/2101501/Documents/GitHub/PenGwyn-Honours-Project/PenGwyn/Content/Experience/Animations/AM_GuardReact.uasset" 2249
"C:/Users/2101501/Documents/GitHub/PenGwyn-Honours-Project/PenGwyn/Content/Experience/Animations/AM_GuardReact.uexp" 2250
"C:/Users/2101501/Documents/GitHub/PenGwyn-Honours-Project/PenGwyn/Content/IronSpear_Content/Iron_Juggernaut/Meshes/PA_Juggernaut.uasset" 2251
"C:/Users/2101501/Documents/GitHub/PenGwyn-Honours-Project/PenGwyn/Content/IronSpear_Content/Iron_Juggernaut/Meshes/PA_Juggernaut.uexp" 2252
"C:/Users/2101501/Documents/GitHub/PenGwyn-Honours-Project/PenGwyn/Content/IronSpear_Content/Iron_Juggernaut/Materials/M_Dark.uasset" 2253
"C:/Users/2101501/Documents/GitHub/PenGwyn-Honours-Project/PenGwyn/Content/IronSpear_Content/Iron_Juggernaut/Materials/M_Dark.uexp" 2254
"C:/Users/2101501/Documents/GitHub/PenGwyn-Honours-Project/PenGwyn/Content/IronSpear_Content/Iron_Juggernaut/Textures/T_Cloth_OcclusionRoughnessMetallic_6.ubulk" 2255
"C:/Users/2101501/Documents/GitHub/PenGwyn-Honours-Project/PenGwyn/Content/IronSpear_Content/Iron_Juggernaut/Textures/T_Cloth_OcclusionRoughnessMetallic_6.uasset" 2256
"C:/Users/2101501/Documents/GitHub/PenGwyn-Honours-Project/PenGwyn/Content/IronSpear_Content/Iron_Juggernaut/Textures/T_Cloth_OcclusionRoughnessMetallic_6.uexp" 2257
"C:/Users/2101501/Documents/GitHub/PenGwyn-Honours-Project/PenGwyn/Content/IronSpear_Content/Iron_Juggernaut/Textures/T_Cloth_Normal_7.ubulk" 2258
"C:/Users/2101501/Documents/GitHub/PenGwyn-Honours-Project/PenGwyn/Content/IronSpear_Content/Iron_Juggernaut/Textures/T_Cloth_Normal_7.uasset" 2259
"C:/Users/2101501/Documents/GitHub/PenGwyn-Honours-Project/PenGwyn/Content/IronSpear_Content/Iron_Juggernaut/Textures/T_Cloth_Normal_7.uexp" 2260
"C:/Users/2101501/Documents/GitHub/PenGwyn-Honours-Project/PenGwyn/Content/IronSpear_Content/Iron_Juggernaut/Textures/T_Cloth_BaseColor_5.ubulk" 2261
"C:/Users/2101501/Documents/GitHub/PenGwyn-Honours-Project/PenGwyn/Content/IronSpear_Content/Iron_Juggernaut/Textures/T_Cloth_BaseColor_5.uasset" 2262
"C:/Users/2101501/Documents/GitHub/PenGwyn-Honours-Project/PenGwyn/Content/IronSpear_Content/Iron_Juggernaut/Textures/T_Cloth_BaseColor_5.uexp" 2263
"C:/Users/2101501/Documents/GitHub/PenGwyn-Honours-Project/PenGwyn/Content/IronSpear_Content/Iron_Juggernaut/Materials/M_Cloth2.uasset" 2264
"C:/Users/2101501/Documents/GitHub/PenGwyn-Honours-Project/PenGwyn/Content/IronSpear_Content/Iron_Juggernaut/Materials/M_Cloth2.uexp" 2265
"C:/Users/2101501/Documents/GitHub/PenGwyn-Honours-Project/PenGwyn/Content/IronSpear_Content/Iron_Juggernaut/Textures/T_Cloth_OcclusionRoughnessMetallic.ubulk" 2266
"C:/Users/2101501/Documents/GitHub/PenGwyn-Honours-Project/PenGwyn/Content/IronSpear_Content/Iron_Juggernaut/Textures/T_Cloth_OcclusionRoughnessMetallic.uasset" 2267
"C:/Users/2101501/Documents/GitHub/PenGwyn-Honours-Project/PenGwyn/Content/IronSpear_Content/Iron_Juggernaut/Textures/T_Cloth_OcclusionRoughnessMetallic.uexp" 2268
"C:/Users/2101501/Documents/GitHub/PenGwyn-Honours-Project/PenGwyn/Content/IronSpear_Content/Iron_Juggernaut/Textures/T_Cloth_Normal.ubulk" 2269
"C:/Users/2101501/Documents/GitHub/PenGwyn-Honours-Project/PenGwyn/Content/IronSpear_Content/Iron_Juggernaut/Textures/T_Cloth_Normal.uasset" 2270
"C:/Users/2101501/Documents/GitHub/PenGwyn-Honours-Project/PenGwyn/Content/IronSpear_Content/Iron_Juggernaut/Textures/T_Cloth_Normal.uexp" 2271
"C:/Users/2101501/Documents/GitHub/PenGwyn-Honours-Project/PenGwyn/Content/IronSpear_Content/Iron_Juggernaut/Textures/T_Cloth_BaseColor.ubulk" 2272
"C:/Users/2101501/Documents/GitHub/PenGwyn-Honours-Project/PenGwyn/Content/IronSpear_Content/Iron_Juggernaut/Textures/T_Cloth_BaseColor.uasset" 2273
"C:/Users/2101501/Documents/GitHub/PenGwyn-Honours-Project/PenGwyn/Content/IronSpear_Content/Iron_Juggernaut/Textures/T_Cloth_BaseColor.uexp" 2274
"C:/Users/2101501/Documents/GitHub/PenGwyn-Honours-Project/PenGwyn/Content/IronSpear_Content/Iron_Juggernaut/Materials/M_Cloth1.uasset" 2275
"C:/Users/2101501/Documents/GitHub/PenGwyn-Honours-Project/PenGwyn/Content/IronSpear_Content/Iron_Juggernaut/Materials/M_Cloth1.uexp" 2276
"C:/Users/2101501/Documents/GitHub/PenGwyn-Honours-Project/PenGwyn/Content/IronSpear_Content/Iron_Juggernaut/Textures/T_Armor_OcclusionRoughnessMetallic_2.ubulk" 2277
"C:/Users/2101501/Documents/GitHub/PenGwyn-Honours-Project/PenGwyn/Content/IronSpear_Content/Iron_Juggernaut/Textures/T_Armor_OcclusionRoughnessMetallic_2.uasset" 2278
"C:/Users/2101501/Documents/GitHub/PenGwyn-Honours-Project/PenGwyn/Content/IronSpear_Content/Iron_Juggernaut/Textures/T_Armor_OcclusionRoughnessMetallic_2.uexp" 2279
"C:/Users/2101501/Documents/GitHub/PenGwyn-Honours-Project/PenGwyn/Content/IronSpear_Content/Iron_Juggernaut/Textures/T_Armor_Normal_3.ubulk" 2280
"C:/Users/2101501/Documents/GitHub/PenGwyn-Honours-Project/PenGwyn/Content/IronSpear_Content/Iron_Juggernaut/Textures/T_Armor_Normal_3.uasset" 2281
"C:/Users/2101501/Documents/GitHub/PenGwyn-Honours-Project/PenGwyn/Content/IronSpear_Content/Iron_Juggernaut/Textures/T_Armor_Normal_3.uexp" 2282
"C:/Users/2101501/Documents/GitHub/PenGwyn-Honours-Project/PenGwyn/Content/IronSpear_Content/Iron_Juggernaut/Textures/T_Armor_BaseColor_1.ubulk" 2283
"C:/Users/2101501/Documents/GitHub/PenGwyn-Honours-Project/PenGwyn/Content/IronSpear_Content/Iron_Juggernaut/Textures/T_Armor_BaseColor_1.uasset" 2284
"C:/Users/2101501/Documents/GitHub/PenGwyn-Honours-Project/PenGwyn/Content/IronSpear_Content/Iron_Juggernaut/Textures/T_Armor_BaseColor_1.uexp" 2285
"C:/Users/2101501/Documents/GitHub/PenGwyn-Honours-Project/PenGwyn/Content/IronSpear_Content/Iron_Juggernaut/Materials/M_Armor2.uasset" 2286
"C:/Users/2101501/Documents/GitHub/PenGwyn-Honours-Project/PenGwyn/Content/IronSpear_Content/Iron_Juggernaut/Materials/M_Armor2.uexp" 2287
"C:/Users/2101501/Documents/GitHub/PenGwyn-Honours-Project/PenGwyn/Content/IronSpear_Content/Iron_Juggernaut/Textures/T_Armor_OcclusionRoughnessMetallic.ubulk" 2288
"C:/Users/2101501/Documents/GitHub/PenGwyn-Honours-Project/PenGwyn/Content/IronSpear_Content/Iron_Juggernaut/Textures/T_Armor_OcclusionRoughnessMetallic.uasset" 2289
"C:/Users/2101501/Documents/GitHub/PenGwyn-Honours-Project/PenGwyn/Content/IronSpear_Content/Iron_Juggernaut/Textures/T_Armor_OcclusionRoughnessMetallic.uexp" 2290
"C:/Users/2101501/Documents/GitHub/PenGwyn-Honours-Project/PenGwyn/Content/IronSpear_Content/Iron_Juggernaut/Textures/T_Armor_Normal.ubulk" 2291
"C:/Users/2101501/Documents/GitHub/PenGwyn-Honours-Project/PenGwyn/Content/IronSpear_Content/Iron_Juggernaut/Textures/T_Armor_Normal.uasset" 2292
"C:/Users/2101501/Documents/GitHub/PenGwyn-Honours-Project/PenGwyn/Content/IronSpear_Content/Iron_Juggernaut/Textures/T_Armor_Normal.uexp" 2293
"C:/Users/2101501/Documents/GitHub/PenGwyn-Honours-Project/PenGwyn/Content/IronSpear_Content/Iron_Juggernaut/Textures/T_Armor_BaseColor.ubulk" 2294
"C:/Users/2101501/Documents/GitHub/PenGwyn-Honours-Project/PenGwyn/Content/IronSpear_Content/Iron_Juggernaut/Textures/T_Armor_BaseColor.uasset" 2295
"C:/Users/2101501/Documents/GitHub/PenGwyn-Honours-Project/PenGwyn/Content/IronSpear_Content/Iron_Juggernaut/Textures/T_Armor_BaseColor.uexp" 2296
"C:/Users/2101501/Documents/GitHub/PenGwyn-Honours-Project/PenGwyn/Content/IronSpear_Content/Iron_Juggernaut/Materials/M_Armor1.uasset" 2297
"C:/Users/2101501/Documents/GitHub/PenGwyn-Honours-Project/PenGwyn/Content/IronSpear_Content/Iron_Juggernaut/Materials/M_Armor1.uexp" 2298
"C:/Users/2101501/Documents/GitHub/PenGwyn-Honours-Project/PenGwyn/Content/IronSpear_Content/Iron_Juggernaut/Meshes/SKM_MidPoly.uasset" 2299
"C:/Users/2101501/Documents/GitHub/PenGwyn-Honours-Project/PenGwyn/Content/IronSpear_Content/Iron_Juggernaut/Meshes/SKM_MidPoly.uexp" 2300
"C:/Users/2101501/Documents/GitHub/PenGwyn-Honours-Project/PenGwyn/Content/RealisticSwordSoundEffects/Wavs/Sword_Attack/Sword_Attack_1.ubulk" 2301
"C:/Users/2101501/Documents/GitHub/PenGwyn-Honours-Project/PenGwyn/Content/RealisticSwordSoundEffects/Wavs/Sword_Attack/Sword_Attack_1.uasset" 2302
"C:/Users/2101501/Documents/GitHub/PenGwyn-Honours-Project/PenGwyn/Content/RealisticSwordSoundEffects/Wavs/Sword_Attack/Sword_Attack_1.uexp" 2303
"C:/Users/2101501/Documents/GitHub/PenGwyn-Honours-Project/PenGwyn/Content/RealisticSwordSoundEffects/Wavs/Sword_Attack/Sword_Attack_2.ubulk" 2304
"C:/Users/2101501/Documents/GitHub/PenGwyn-Honours-Project/PenGwyn/Content/RealisticSwordSoundEffects/Wavs/Sword_Attack/Sword_Attack_2.uasset" 2305
"C:/Users/2101501/Documents/GitHub/PenGwyn-Honours-Project/PenGwyn/Content/RealisticSwordSoundEffects/Wavs/Sword_Attack/Sword_Attack_2.uexp" 2306
"C:/Users/2101501/Documents/GitHub/PenGwyn-Honours-Project/PenGwyn/Content/RealisticSwordSoundEffects/Wavs/Sword_Attack/Sword_Attack_3.ubulk" 2307
"C:/Users/2101501/Documents/GitHub/PenGwyn-Honours-Project/PenGwyn/Content/RealisticSwordSoundEffects/Wavs/Sword_Attack/Sword_Attack_3.uasset" 2308
"C:/Users/2101501/Documents/GitHub/PenGwyn-Honours-Project/PenGwyn/Content/RealisticSwordSoundEffects/Wavs/Sword_Attack/Sword_Attack_3.uexp" 2309
"C:/Users/2101501/Documents/GitHub/PenGwyn-Honours-Project/PenGwyn/Content/RealisticSwordSoundEffects/Wavs/Sword_Attack/Sword_Attack_4.ubulk" 2310
"C:/Users/2101501/Documents/GitHub/PenGwyn-Honours-Project/PenGwyn/Content/RealisticSwordSoundEffects/Wavs/Sword_Attack/Sword_Attack_4.uasset" 2311
"C:/Users/2101501/Documents/GitHub/PenGwyn-Honours-Project/PenGwyn/Content/RealisticSwordSoundEffects/Wavs/Sword_Attack/Sword_Attack_4.uexp" 2312
"C:/Users/2101501/Documents/GitHub/PenGwyn-Honours-Project/PenGwyn/Content/Experience/Sound/SC_SwordHit.uasset" 2313
"C:/Users/2101501/Documents/GitHub/PenGwyn-Honours-Project/PenGwyn/Content/Experience/Sound/SC_SwordHit.uexp" 2314
"C:/Users/2101501/Documents/GitHub/PenGwyn-Honours-Project/PenGwyn/Content/ParagonGreystone/Audio/Wavs/Greystone_Effort_Pain_014.ubulk" 2315
"C:/Users/2101501/Documents/GitHub/PenGwyn-Honours-Project/PenGwyn/Content/ParagonGreystone/Audio/Wavs/Greystone_Effort_Pain_014.uasset" 2316
"C:/Users/2101501/Documents/GitHub/PenGwyn-Honours-Project/PenGwyn/Content/ParagonGreystone/Audio/Wavs/Greystone_Effort_Pain_014.uexp" 2317
"C:/Users/2101501/Documents/GitHub/PenGwyn-Honours-Project/PenGwyn/Content/ParagonGreystone/Audio/Wavs/Greystone_Effort_Pain_013.ubulk" 2318
"C:/Users/2101501/Documents/GitHub/PenGwyn-Honours-Project/PenGwyn/Content/ParagonGreystone/Audio/Wavs/Greystone_Effort_Pain_013.uasset" 2319
"C:/Users/2101501/Documents/GitHub/PenGwyn-Honours-Project/PenGwyn/Content/ParagonGreystone/Audio/Wavs/Greystone_Effort_Pain_013.uexp" 2320
"C:/Users/2101501/Documents/GitHub/PenGwyn-Honours-Project/PenGwyn/Content/ParagonGreystone/Audio/Wavs/Greystone_Effort_Pain_012.ubulk" 2321
"C:/Users/2101501/Documents/GitHub/PenGwyn-Honours-Project/PenGwyn/Content/ParagonGreystone/Audio/Wavs/Greystone_Effort_Pain_012.uasset" 2322
"C:/Users/2101501/Documents/GitHub/PenGwyn-Honours-Project/PenGwyn/Content/ParagonGreystone/Audio/Wavs/Greystone_Effort_Pain_012.uexp" 2323
"C:/Users/2101501/Documents/GitHub/PenGwyn-Honours-Project/PenGwyn/Content/ParagonGreystone/Audio/Wavs/Greystone_Effort_Pain_011.ubulk" 2324
"C:/Users/2101501/Documents/GitHub/PenGwyn-Honours-Project/PenGwyn/Content/ParagonGreystone/Audio/Wavs/Greystone_Effort_Pain_011.uasset" 2325
"C:/Users/2101501/Documents/GitHub/PenGwyn-Honours-Project/PenGwyn/Content/ParagonGreystone/Audio/Wavs/Greystone_Effort_Pain_011.uexp" 2326
"C:/Users/2101501/Documents/GitHub/PenGwyn-Honours-Project/PenGwyn/Content/ParagonGreystone/Audio/Wavs/Greystone_Effort_Pain_010.ubulk" 2327
"C:/Users/2101501/Documents/GitHub/PenGwyn-Honours-Project/PenGwyn/Content/ParagonGreystone/Audio/Wavs/Greystone_Effort_Pain_010.uasset" 2328
"C:/Users/2101501/Documents/GitHub/PenGwyn-Honours-Project/PenGwyn/Content/ParagonGreystone/Audio/Wavs/Greystone_Effort_Pain_010.uexp" 2329
"C:/Users/2101501/Documents/GitHub/PenGwyn-Honours-Project/PenGwyn/Content/ParagonGreystone/Audio/Wavs/Greystone_Effort_PainHeavy_013.ubulk" 2330
"C:/Users/2101501/Documents/GitHub/PenGwyn-Honours-Project/PenGwyn/Content/ParagonGreystone/Audio/Wavs/Greystone_Effort_PainHeavy_013.uasset" 2331
"C:/Users/2101501/Documents/GitHub/PenGwyn-Honours-Project/PenGwyn/Content/ParagonGreystone/Audio/Wavs/Greystone_Effort_PainHeavy_013.uexp" 2332
"C:/Users/2101501/Documents/GitHub/PenGwyn-Honours-Project/PenGwyn/Content/ParagonGreystone/Audio/Wavs/Greystone_Effort_PainHeavy_012.ubulk" 2333
"C:/Users/2101501/Documents/GitHub/PenGwyn-Honours-Project/PenGwyn/Content/ParagonGreystone/Audio/Wavs/Greystone_Effort_PainHeavy_012.uasset" 2334
"C:/Users/2101501/Documents/GitHub/PenGwyn-Honours-Project/PenGwyn/Content/ParagonGreystone/Audio/Wavs/Greystone_Effort_PainHeavy_012.uexp" 2335
"C:/Users/2101501/Documents/GitHub/PenGwyn-Honours-Project/PenGwyn/Content/ParagonGreystone/Audio/Wavs/Greystone_Effort_PainHeavy_011.ubulk" 2336
"C:/Users/2101501/Documents/GitHub/PenGwyn-Honours-Project/PenGwyn/Content/ParagonGreystone/Audio/Wavs/Greystone_Effort_PainHeavy_011.uasset" 2337
"C:/Users/2101501/Documents/GitHub/PenGwyn-Honours-Project/PenGwyn/Content/ParagonGreystone/Audio/Wavs/Greystone_Effort_PainHeavy_011.uexp" 2338
"C:/Users/2101501/Documents/GitHub/PenGwyn-Honours-Project/PenGwyn/Content/ParagonGreystone/Audio/Wavs/Greystone_Effort_PainHeavy_010.ubulk" 2339
"C:/Users/2101501/Documents/GitHub/PenGwyn-Honours-Project/PenGwyn/Content/ParagonGreystone/Audio/Wavs/Greystone_Effort_PainHeavy_010.uasset" 2340
"C:/Users/2101501/Documents/GitHub/PenGwyn-Honours-Project/PenGwyn/Content/ParagonGreystone/Audio/Wavs/Greystone_Effort_PainHeavy_010.uexp" 2341
"C:/Users/2101501/Documents/GitHub/PenGwyn-Honours-Project/PenGwyn/Content/Experience/Sound/SC_PlayerTakeDamage.uasset" 2342
"C:/Users/2101501/Documents/GitHub/PenGwyn-Honours-Project/PenGwyn/Content/Experience/Sound/SC_PlayerTakeDamage.uexp" 2343
"C:/Users/2101501/Documents/GitHub/PenGwyn-Honours-Project/PenGwyn/Content/ParagonGreystone/Audio/Wavs/Greystone_Effort_Death_013.ubulk" 2344
"C:/Users/2101501/Documents/GitHub/PenGwyn-Honours-Project/PenGwyn/Content/ParagonGreystone/Audio/Wavs/Greystone_Effort_Death_013.uasset" 2345
"C:/Users/2101501/Documents/GitHub/PenGwyn-Honours-Project/PenGwyn/Content/ParagonGreystone/Audio/Wavs/Greystone_Effort_Death_013.uexp" 2346
"C:/Users/2101501/Documents/GitHub/PenGwyn-Honours-Project/PenGwyn/Content/ParagonGreystone/Audio/Wavs/Greystone_Effort_Death_012.ubulk" 2347
"C:/Users/2101501/Documents/GitHub/PenGwyn-Honours-Project/PenGwyn/Content/ParagonGreystone/Audio/Wavs/Greystone_Effort_Death_012.uasset" 2348
"C:/Users/2101501/Documents/GitHub/PenGwyn-Honours-Project/PenGwyn/Content/ParagonGreystone/Audio/Wavs/Greystone_Effort_Death_012.uexp" 2349
"C:/Users/2101501/Documents/GitHub/PenGwyn-Honours-Project/PenGwyn/Content/ParagonGreystone/Audio/Wavs/Greystone_Effort_Death_011.ubulk" 2350
"C:/Users/2101501/Documents/GitHub/PenGwyn-Honours-Project/PenGwyn/Content/ParagonGreystone/Audio/Wavs/Greystone_Effort_Death_011.uasset" 2351
"C:/Users/2101501/Documents/GitHub/PenGwyn-Honours-Project/PenGwyn/Content/ParagonGreystone/Audio/Wavs/Greystone_Effort_Death_011.uexp" 2352
"C:/Users/2101501/Documents/GitHub/PenGwyn-Honours-Project/PenGwyn/Content/ParagonGreystone/Audio/Wavs/Greystone_Effort_Death_010.ubulk" 2353
"C:/Users/2101501/Documents/GitHub/PenGwyn-Honours-Project/PenGwyn/Content/ParagonGreystone/Audio/Wavs/Greystone_Effort_Death_010.uasset" 2354
"C:/Users/2101501/Documents/GitHub/PenGwyn-Honours-Project/PenGwyn/Content/ParagonGreystone/Audio/Wavs/Greystone_Effort_Death_010.uexp" 2355
"C:/Users/2101501/Documents/GitHub/PenGwyn-Honours-Project/PenGwyn/Content/Experience/Sound/SC_PlayerDeath.uasset" 2356
"C:/Users/2101501/Documents/GitHub/PenGwyn-Honours-Project/PenGwyn/Content/Experience/Sound/SC_PlayerDeath.uexp" 2357
"C:/Users/2101501/Documents/GitHub/PenGwyn-Honours-Project/PenGwyn/Content/ParagonGreystone/Audio/Wavs/Greystone_Effort_Block_014.ubulk" 2358
"C:/Users/2101501/Documents/GitHub/PenGwyn-Honours-Project/PenGwyn/Content/ParagonGreystone/Audio/Wavs/Greystone_Effort_Block_014.uasset" 2359
"C:/Users/2101501/Documents/GitHub/PenGwyn-Honours-Project/PenGwyn/Content/ParagonGreystone/Audio/Wavs/Greystone_Effort_Block_014.uexp" 2360
"C:/Users/2101501/Documents/GitHub/PenGwyn-Honours-Project/PenGwyn/Content/ParagonGreystone/Audio/Wavs/Greystone_Effort_Block_013.ubulk" 2361
"C:/Users/2101501/Documents/GitHub/PenGwyn-Honours-Project/PenGwyn/Content/ParagonGreystone/Audio/Wavs/Greystone_Effort_Block_013.uasset" 2362
"C:/Users/2101501/Documents/GitHub/PenGwyn-Honours-Project/PenGwyn/Content/ParagonGreystone/Audio/Wavs/Greystone_Effort_Block_013.uexp" 2363
"C:/Users/2101501/Documents/GitHub/PenGwyn-Honours-Project/PenGwyn/Content/ParagonGreystone/Audio/Wavs/Greystone_Effort_Block_012.ubulk" 2364
"C:/Users/2101501/Documents/GitHub/PenGwyn-Honours-Project/PenGwyn/Content/ParagonGreystone/Audio/Wavs/Greystone_Effort_Block_012.uasset" 2365
"C:/Users/2101501/Documents/GitHub/PenGwyn-Honours-Project/PenGwyn/Content/ParagonGreystone/Audio/Wavs/Greystone_Effort_Block_012.uexp" 2366
"C:/Users/2101501/Documents/GitHub/PenGwyn-Honours-Project/PenGwyn/Content/ParagonGreystone/Audio/Wavs/Greystone_Effort_Block_011.ubulk" 2367
"C:/Users/2101501/Documents/GitHub/PenGwyn-Honours-Project/PenGwyn/Content/ParagonGreystone/Audio/Wavs/Greystone_Effort_Block_011.uasset" 2368
"C:/Users/2101501/Documents/GitHub/PenGwyn-Honours-Project/PenGwyn/Content/ParagonGreystone/Audio/Wavs/Greystone_Effort_Block_011.uexp" 2369
"C:/Users/2101501/Documents/GitHub/PenGwyn-Honours-Project/PenGwyn/Content/ParagonGreystone/Audio/Wavs/Greystone_Effort_Block_010.ubulk" 2370
"C:/Users/2101501/Documents/GitHub/PenGwyn-Honours-Project/PenGwyn/Content/ParagonGreystone/Audio/Wavs/Greystone_Effort_Block_010.uasset" 2371
"C:/Users/2101501/Documents/GitHub/PenGwyn-Honours-Project/PenGwyn/Content/ParagonGreystone/Audio/Wavs/Greystone_Effort_Block_010.uexp" 2372
"C:/Users/2101501/Documents/GitHub/PenGwyn-Honours-Project/PenGwyn/Content/Experience/Sound/SC_PlayerBlock.uasset" 2373
"C:/Users/2101501/Documents/GitHub/PenGwyn-Honours-Project/PenGwyn/Content/Experience/Sound/SC_PlayerBlock.uexp" 2374
"C:/Users/2101501/Documents/GitHub/PenGwyn-Honours-Project/PenGwyn/Content/Experience/Blueprints/Items/ItemType.uasset" 2375
"C:/Users/2101501/Documents/GitHub/PenGwyn-Honours-Project/PenGwyn/Content/Experience/Blueprints/Items/ItemType.uexp" 2376
"C:/Users/2101501/Documents/GitHub/PenGwyn-Honours-Project/PenGwyn/Content/Experience/Blueprints/Items/ItemInfo.uasset" 2377
"C:/Users/2101501/Documents/GitHub/PenGwyn-Honours-Project/PenGwyn/Content/Experience/Blueprints/Items/ItemInfo.uexp" 2378
"C:/Users/2101501/Documents/GitHub/PenGwyn-Honours-Project/PenGwyn/Content/Weapon_Pack/Textures/Weapons/T_Weapon_Set1_OcclusionRoughnessMetallic.ubulk" 2379
"C:/Users/2101501/Documents/GitHub/PenGwyn-Honours-Project/PenGwyn/Content/Weapon_Pack/Textures/Weapons/T_Weapon_Set1_OcclusionRoughnessMetallic.uasset" 2380
"C:/Users/2101501/Documents/GitHub/PenGwyn-Honours-Project/PenGwyn/Content/Weapon_Pack/Textures/Weapons/T_Weapon_Set1_OcclusionRoughnessMetallic.uexp" 2381
"C:/Users/2101501/Documents/GitHub/PenGwyn-Honours-Project/PenGwyn/Content/Weapon_Pack/Textures/Weapons/T_Weapon_Set1_Normal.ubulk" 2382
"C:/Users/2101501/Documents/GitHub/PenGwyn-Honours-Project/PenGwyn/Content/Weapon_Pack/Textures/Weapons/T_Weapon_Set1_Normal.uasset" 2383
"C:/Users/2101501/Documents/GitHub/PenGwyn-Honours-Project/PenGwyn/Content/Weapon_Pack/Textures/Weapons/T_Weapon_Set1_Normal.uexp" 2384
"C:/Users/2101501/Documents/GitHub/PenGwyn-Honours-Project/PenGwyn/Content/Weapon_Pack/Textures/Weapons/T_Weapon_Set1_BaseColor.ubulk" 2385
"C:/Users/2101501/Documents/GitHub/PenGwyn-Honours-Project/PenGwyn/Content/Weapon_Pack/Textures/Weapons/T_Weapon_Set1_BaseColor.uasset" 2386
"C:/Users/2101501/Documents/GitHub/PenGwyn-Honours-Project/PenGwyn/Content/Weapon_Pack/Textures/Weapons/T_Weapon_Set1_BaseColor.uexp" 2387
"C:/Users/2101501/Documents/GitHub/PenGwyn-Honours-Project/PenGwyn/Content/Weapon_Pack/Materials/Weapons/M_WeaponSet_1.uasset" 2388
"C:/Users/2101501/Documents/GitHub/PenGwyn-Honours-Project/PenGwyn/Content/Weapon_Pack/Materials/Weapons/M_WeaponSet_1.uexp" 2389
"C:/Users/2101501/Documents/GitHub/PenGwyn-Honours-Project/PenGwyn/Content/Weapon_Pack/Skeletal_Mesh/SK_Shield_Skeleton.uasset" 2390
"C:/Users/2101501/Documents/GitHub/PenGwyn-Honours-Project/PenGwyn/Content/Weapon_Pack/Skeletal_Mesh/SK_Shield_Skeleton.uexp" 2391
"C:/Users/2101501/Documents/GitHub/PenGwyn-Honours-Project/PenGwyn/Content/Weapon_Pack/Skeletal_Mesh/SK_Shield_PhysicsAsset.uasset" 2392
"C:/Users/2101501/Documents/GitHub/PenGwyn-Honours-Project/PenGwyn/Content/Weapon_Pack/Skeletal_Mesh/SK_Shield_PhysicsAsset.uexp" 2393
"C:/Users/2101501/Documents/GitHub/PenGwyn-Honours-Project/PenGwyn/Content/Weapon_Pack/Skeletal_Mesh/SK_Shield.uasset" 2394
"C:/Users/2101501/Documents/GitHub/PenGwyn-Honours-Project/PenGwyn/Content/Weapon_Pack/Skeletal_Mesh/SK_Shield.uexp" 2395
"C:/Users/2101501/Documents/GitHub/PenGwyn-Honours-Project/PenGwyn/Content/Experience/Blueprints/Equipment/BP_Shield.uasset" 2396
"C:/Users/2101501/Documents/GitHub/PenGwyn-Honours-Project/PenGwyn/Content/Experience/Blueprints/Equipment/BP_Shield.uexp" 2397
"C:/Users/2101501/Documents/GitHub/PenGwyn-Honours-Project/PenGwyn/Content/Weapon_Pack/Skeletal_Mesh/SK_Sword_Skeleton.uasset" 2398
"C:/Users/2101501/Documents/GitHub/PenGwyn-Honours-Project/PenGwyn/Content/Weapon_Pack/Skeletal_Mesh/SK_Sword_Skeleton.uexp" 2399
"C:/Users/2101501/Documents/GitHub/PenGwyn-Honours-Project/PenGwyn/Content/Weapon_Pack/Skeletal_Mesh/SK_Sword_PhysicsAsset.uasset" 2400
"C:/Users/2101501/Documents/GitHub/PenGwyn-Honours-Project/PenGwyn/Content/Weapon_Pack/Skeletal_Mesh/SK_Sword_PhysicsAsset.uexp" 2401
"C:/Users/2101501/Documents/GitHub/PenGwyn-Honours-Project/PenGwyn/Content/Weapon_Pack/Skeletal_Mesh/SK_Sword.uasset" 2402
"C:/Users/2101501/Documents/GitHub/PenGwyn-Honours-Project/PenGwyn/Content/Weapon_Pack/Skeletal_Mesh/SK_Sword.uexp" 2403
"C:/Users/2101501/Documents/GitHub/PenGwyn-Honours-Project/PenGwyn/Content/Experience/Blueprints/Equipment/BP_GreatSword.uasset" 2404
"C:/Users/2101501/Documents/GitHub/PenGwyn-Honours-Project/PenGwyn/Content/Experience/Blueprints/Equipment/BP_GreatSword.uexp" 2405
"C:/Users/2101501/Documents/GitHub/PenGwyn-Honours-Project/PenGwyn/Content/Experience/Blueprints/Enum/E_RollDirection.uasset" 2406
"C:/Users/2101501/Documents/GitHub/PenGwyn-Honours-Project/PenGwyn/Content/Experience/Blueprints/Enum/E_RollDirection.uexp" 2407
"C:/Users/2101501/Documents/GitHub/PenGwyn-Honours-Project/PenGwyn/Content/Experience/Blueprints/Enum/E_PlayerState.uasset" 2408
"C:/Users/2101501/Documents/GitHub/PenGwyn-Honours-Project/PenGwyn/Content/Experience/Blueprints/Enum/E_PlayerState.uexp" 2409
"C:/Users/2101501/Documents/GitHub/PenGwyn-Honours-Project/PenGwyn/Content/Experience/Blueprints/Abilities/GE_IsGrounded.uasset" 2410
"C:/Users/2101501/Documents/GitHub/PenGwyn-Honours-Project/PenGwyn/Content/Experience/Blueprints/Abilities/GE_IsGrounded.uexp" 2411
"C:/Users/2101501/Documents/GitHub/PenGwyn-Honours-Project/PenGwyn/Content/Experience/Blueprints/Abilities/GE_IsAirborne.uasset" 2412
"C:/Users/2101501/Documents/GitHub/PenGwyn-Honours-Project/PenGwyn/Content/Experience/Blueprints/Abilities/GE_IsAirborne.uexp" 2413
"C:/Users/2101501/Documents/GitHub/PenGwyn-Honours-Project/PenGwyn/Content/Experience/Blueprints/Abilities/GE_IsRolling.uasset" 2414
"C:/Users/2101501/Documents/GitHub/PenGwyn-Honours-Project/PenGwyn/Content/Experience/Blueprints/Abilities/GE_IsRolling.uexp" 2415
"C:/Users/2101501/Documents/GitHub/PenGwyn-Honours-Project/PenGwyn/Content/Experience/Blueprints/Abilities/GA_Roll.uasset" 2416
"C:/Users/2101501/Documents/GitHub/PenGwyn-Honours-Project/PenGwyn/Content/Experience/Blueprints/Abilities/GA_Roll.uexp" 2417
"C:/Users/2101501/Documents/GitHub/PenGwyn-Honours-Project/PenGwyn/Content/ParagonGreystone/Audio/Wavs/Greystone_Effort_Jump_014.ubulk" 2418
"C:/Users/2101501/Documents/GitHub/PenGwyn-Honours-Project/PenGwyn/Content/ParagonGreystone/Audio/Wavs/Greystone_Effort_Jump_014.uasset" 2419
"C:/Users/2101501/Documents/GitHub/PenGwyn-Honours-Project/PenGwyn/Content/ParagonGreystone/Audio/Wavs/Greystone_Effort_Jump_014.uexp" 2420
"C:/Users/2101501/Documents/GitHub/PenGwyn-Honours-Project/PenGwyn/Content/ParagonGreystone/Audio/Wavs/Greystone_Effort_Jump_013.ubulk" 2421
"C:/Users/2101501/Documents/GitHub/PenGwyn-Honours-Project/PenGwyn/Content/ParagonGreystone/Audio/Wavs/Greystone_Effort_Jump_013.uasset" 2422
"C:/Users/2101501/Documents/GitHub/PenGwyn-Honours-Project/PenGwyn/Content/ParagonGreystone/Audio/Wavs/Greystone_Effort_Jump_013.uexp" 2423
"C:/Users/2101501/Documents/GitHub/PenGwyn-Honours-Project/PenGwyn/Content/ParagonGreystone/Audio/Wavs/Greystone_Effort_Jump_012.ubulk" 2424
"C:/Users/2101501/Documents/GitHub/PenGwyn-Honours-Project/PenGwyn/Content/ParagonGreystone/Audio/Wavs/Greystone_Effort_Jump_012.uasset" 2425
"C:/Users/2101501/Documents/GitHub/PenGwyn-Honours-Project/PenGwyn/Content/ParagonGreystone/Audio/Wavs/Greystone_Effort_Jump_012.uexp" 2426
"C:/Users/2101501/Documents/GitHub/PenGwyn-Honours-Project/PenGwyn/Content/ParagonGreystone/Audio/Wavs/Greystone_Effort_Jump_011.ubulk" 2427
"C:/Users/2101501/Documents/GitHub/PenGwyn-Honours-Project/PenGwyn/Content/ParagonGreystone/Audio/Wavs/Greystone_Effort_Jump_011.uasset" 2428
"C:/Users/2101501/Documents/GitHub/PenGwyn-Honours-Project/PenGwyn/Content/ParagonGreystone/Audio/Wavs/Greystone_Effort_Jump_011.uexp" 2429
"C:/Users/2101501/Documents/GitHub/PenGwyn-Honours-Project/PenGwyn/Content/ParagonGreystone/Audio/Wavs/Greystone_Effort_Jump_010.ubulk" 2430
"C:/Users/2101501/Documents/GitHub/PenGwyn-Honours-Project/PenGwyn/Content/ParagonGreystone/Audio/Wavs/Greystone_Effort_Jump_010.uasset" 2431
"C:/Users/2101501/Documents/GitHub/PenGwyn-Honours-Project/PenGwyn/Content/ParagonGreystone/Audio/Wavs/Greystone_Effort_Jump_010.uexp" 2432
"C:/Users/2101501/Documents/GitHub/PenGwyn-Honours-Project/PenGwyn/Content/Experience/Sound/SC_PlayerJumpLight.uasset" 2433
"C:/Users/2101501/Documents/GitHub/PenGwyn-Honours-Project/PenGwyn/Content/Experience/Sound/SC_PlayerJumpLight.uexp" 2434
"C:/Users/2101501/Documents/GitHub/PenGwyn-Honours-Project/PenGwyn/Content/ParagonGreystone/Audio/Wavs/Greystone_Effort_JumpHeavy_014.ubulk" 2435
"C:/Users/2101501/Documents/GitHub/PenGwyn-Honours-Project/PenGwyn/Content/ParagonGreystone/Audio/Wavs/Greystone_Effort_JumpHeavy_014.uasset" 2436
"C:/Users/2101501/Documents/GitHub/PenGwyn-Honours-Project/PenGwyn/Content/ParagonGreystone/Audio/Wavs/Greystone_Effort_JumpHeavy_014.uexp" 2437
"C:/Users/2101501/Documents/GitHub/PenGwyn-Honours-Project/PenGwyn/Content/ParagonGreystone/Audio/Wavs/Greystone_Effort_JumpHeavy_013.ubulk" 2438
"C:/Users/2101501/Documents/GitHub/PenGwyn-Honours-Project/PenGwyn/Content/ParagonGreystone/Audio/Wavs/Greystone_Effort_JumpHeavy_013.uasset" 2439
"C:/Users/2101501/Documents/GitHub/PenGwyn-Honours-Project/PenGwyn/Content/ParagonGreystone/Audio/Wavs/Greystone_Effort_JumpHeavy_013.uexp" 2440
"C:/Users/2101501/Documents/GitHub/PenGwyn-Honours-Project/PenGwyn/Content/ParagonGreystone/Audio/Wavs/Greystone_Effort_JumpHeavy_012.ubulk" 2441
"C:/Users/2101501/Documents/GitHub/PenGwyn-Honours-Project/PenGwyn/Content/ParagonGreystone/Audio/Wavs/Greystone_Effort_JumpHeavy_012.uasset" 2442
"C:/Users/2101501/Documents/GitHub/PenGwyn-Honours-Project/PenGwyn/Content/ParagonGreystone/Audio/Wavs/Greystone_Effort_JumpHeavy_012.uexp" 2443
"C:/Users/2101501/Documents/GitHub/PenGwyn-Honours-Project/PenGwyn/Content/ParagonGreystone/Audio/Wavs/Greystone_Effort_JumpHeavy_011.ubulk" 2444
"C:/Users/2101501/Documents/GitHub/PenGwyn-Honours-Project/PenGwyn/Content/ParagonGreystone/Audio/Wavs/Greystone_Effort_JumpHeavy_011.uasset" 2445
"C:/Users/2101501/Documents/GitHub/PenGwyn-Honours-Project/PenGwyn/Content/ParagonGreystone/Audio/Wavs/Greystone_Effort_JumpHeavy_011.uexp" 2446
"C:/Users/2101501/Documents/GitHub/PenGwyn-Honours-Project/PenGwyn/Content/ParagonGreystone/Audio/Wavs/Greystone_Effort_JumpHeavy_010.ubulk" 2447
"C:/Users/2101501/Documents/GitHub/PenGwyn-Honours-Project/PenGwyn/Content/ParagonGreystone/Audio/Wavs/Greystone_Effort_JumpHeavy_010.uasset" 2448
"C:/Users/2101501/Documents/GitHub/PenGwyn-Honours-Project/PenGwyn/Content/ParagonGreystone/Audio/Wavs/Greystone_Effort_JumpHeavy_010.uexp" 2449
"C:/Users/2101501/Documents/GitHub/PenGwyn-Honours-Project/PenGwyn/Content/Experience/Sound/SC_PlayerJumpHeavy.uasset" 2450
"C:/Users/2101501/Documents/GitHub/PenGwyn-Honours-Project/PenGwyn/Content/Experience/Sound/SC_PlayerJumpHeavy.uexp" 2451
"C:/Users/2101501/Documents/GitHub/PenGwyn-Honours-Project/PenGwyn/Content/Experience/Blueprints/Abilities/GA_Jump.uasset" 2452
"C:/Users/2101501/Documents/GitHub/PenGwyn-Honours-Project/PenGwyn/Content/Experience/Blueprints/Abilities/GA_Jump.uexp" 2453
"C:/Users/2101501/Documents/GitHub/PenGwyn-Honours-Project/PenGwyn/Content/Experience/Animations/Attack_PrimaryB.uasset" 2454
"C:/Users/2101501/Documents/GitHub/PenGwyn-Honours-Project/PenGwyn/Content/Experience/Animations/Attack_PrimaryB.uexp" 2455
"C:/Users/2101501/Documents/GitHub/PenGwyn-Honours-Project/PenGwyn/Content/Experience/Animations/Attack_2.uasset" 2456
"C:/Users/2101501/Documents/GitHub/PenGwyn-Honours-Project/PenGwyn/Content/Experience/Animations/Attack_2.uexp" 2457
"C:/Users/2101501/Documents/GitHub/PenGwyn-Honours-Project/PenGwyn/Content/Experience/Animations/Attack_PrimaryC.uasset" 2458
"C:/Users/2101501/Documents/GitHub/PenGwyn-Honours-Project/PenGwyn/Content/Experience/Animations/Attack_PrimaryC.uexp" 2459
"C:/Users/2101501/Documents/GitHub/PenGwyn-Honours-Project/PenGwyn/Content/Experience/Animations/Attack_3.uasset" 2460
"C:/Users/2101501/Documents/GitHub/PenGwyn-Honours-Project/PenGwyn/Content/Experience/Animations/Attack_3.uexp" 2461
"C:/Users/2101501/Documents/GitHub/PenGwyn-Honours-Project/PenGwyn/Content/ParagonGreystone/Audio/Wavs/Greystone_Effort_Attack_014.ubulk" 2462
"C:/Users/2101501/Documents/GitHub/PenGwyn-Honours-Project/PenGwyn/Content/ParagonGreystone/Audio/Wavs/Greystone_Effort_Attack_014.uasset" 2463
"C:/Users/2101501/Documents/GitHub/PenGwyn-Honours-Project/PenGwyn/Content/ParagonGreystone/Audio/Wavs/Greystone_Effort_Attack_014.uexp" 2464
"C:/Users/2101501/Documents/GitHub/PenGwyn-Honours-Project/PenGwyn/Content/ParagonGreystone/Audio/Wavs/Greystone_Effort_Attack_013.ubulk" 2465
"C:/Users/2101501/Documents/GitHub/PenGwyn-Honours-Project/PenGwyn/Content/ParagonGreystone/Audio/Wavs/Greystone_Effort_Attack_013.uasset" 2466
"C:/Users/2101501/Documents/GitHub/PenGwyn-Honours-Project/PenGwyn/Content/ParagonGreystone/Audio/Wavs/Greystone_Effort_Attack_013.uexp" 2467
"C:/Users/2101501/Documents/GitHub/PenGwyn-Honours-Project/PenGwyn/Content/ParagonGreystone/Audio/Wavs/Greystone_Effort_Attack_012.ubulk" 2468
"C:/Users/2101501/Documents/GitHub/PenGwyn-Honours-Project/PenGwyn/Content/ParagonGreystone/Audio/Wavs/Greystone_Effort_Attack_012.uasset" 2469
"C:/Users/2101501/Documents/GitHub/PenGwyn-Honours-Project/PenGwyn/Content/ParagonGreystone/Audio/Wavs/Greystone_Effort_Attack_012.uexp" 2470
"C:/Users/2101501/Documents/GitHub/PenGwyn-Honours-Project/PenGwyn/Content/ParagonGreystone/Audio/Wavs/Greystone_Effort_Attack_011.ubulk" 2471
"C:/Users/2101501/Documents/GitHub/PenGwyn-Honours-Project/PenGwyn/Content/ParagonGreystone/Audio/Wavs/Greystone_Effort_Attack_011.uasset" 2472
"C:/Users/2101501/Documents/GitHub/PenGwyn-Honours-Project/PenGwyn/Content/ParagonGreystone/Audio/Wavs/Greystone_Effort_Attack_011.uexp" 2473
"C:/Users/2101501/Documents/GitHub/PenGwyn-Honours-Project/PenGwyn/Content/ParagonGreystone/Audio/Wavs/Greystone_Effort_Attack_010.ubulk" 2474
"C:/Users/2101501/Documents/GitHub/PenGwyn-Honours-Project/PenGwyn/Content/ParagonGreystone/Audio/Wavs/Greystone_Effort_Attack_010.uasset" 2475
"C:/Users/2101501/Documents/GitHub/PenGwyn-Honours-Project/PenGwyn/Content/ParagonGreystone/Audio/Wavs/Greystone_Effort_Attack_010.uexp" 2476
"C:/Users/2101501/Documents/GitHub/PenGwyn-Honours-Project/PenGwyn/Content/Experience/Sound/SC_PlayerAttack.uasset" 2477
"C:/Users/2101501/Documents/GitHub/PenGwyn-Honours-Project/PenGwyn/Content/Experience/Sound/SC_PlayerAttack.uexp" 2478
"C:/Users/2101501/Documents/GitHub/PenGwyn-Honours-Project/PenGwyn/Content/Experience/Blueprints/Abilities/GA_Greatsword_Attack_Light_1.uasset" 2479
"C:/Users/2101501/Documents/GitHub/PenGwyn-Honours-Project/PenGwyn/Content/Experience/Blueprints/Abilities/GA_Greatsword_Attack_Light_1.uexp" 2480
"C:/Users/2101501/Documents/GitHub/PenGwyn-Honours-Project/PenGwyn/Content/Experience/Animations/Ability_R.uasset" 2481
"C:/Users/2101501/Documents/GitHub/PenGwyn-Honours-Project/PenGwyn/Content/Experience/Animations/Ability_R.uexp" 2482
"C:/Users/2101501/Documents/GitHub/PenGwyn-Honours-Project/PenGwyn/Content/Experience/Animations/AM_Heavy_Attack3.uasset" 2483
"C:/Users/2101501/Documents/GitHub/PenGwyn-Honours-Project/PenGwyn/Content/Experience/Animations/AM_Heavy_Attack3.uexp" 2484
"C:/Users/2101501/Documents/GitHub/PenGwyn-Honours-Project/PenGwyn/Content/Experience/Animations/Ability_E.uasset" 2485
"C:/Users/2101501/Documents/GitHub/PenGwyn-Honours-Project/PenGwyn/Content/Experience/Animations/Ability_E.uexp" 2486
"C:/Users/2101501/Documents/GitHub/PenGwyn-Honours-Project/PenGwyn/Content/Experience/Animations/AM_Heavy_Attack2.uasset" 2487
"C:/Users/2101501/Documents/GitHub/PenGwyn-Honours-Project/PenGwyn/Content/Experience/Animations/AM_Heavy_Attack2.uexp" 2488
"C:/Users/2101501/Documents/GitHub/PenGwyn-Honours-Project/PenGwyn/Content/Experience/Blueprints/Abilities/GA_Greatsword_Attack_Heavy_1.uasset" 2489
"C:/Users/2101501/Documents/GitHub/PenGwyn-Honours-Project/PenGwyn/Content/Experience/Blueprints/Abilities/GA_Greatsword_Attack_Heavy_1.uexp" 2490
"C:/Users/2101501/Documents/GitHub/PenGwyn-Honours-Project/PenGwyn/Content/ThirdPerson/Blueprints/BP_BaseCharacter.uasset" 2491
"C:/Users/2101501/Documents/GitHub/PenGwyn-Honours-Project/PenGwyn/Content/ThirdPerson/Blueprints/BP_BaseCharacter.uexp" 2492
"C:/Users/2101501/Documents/GitHub/PenGwyn-Honours-Project/PenGwyn/Content/Experience/Blueprints/Abilities/GE_IsBlocking.uasset" 2493
"C:/Users/2101501/Documents/GitHub/PenGwyn-Honours-Project/PenGwyn/Content/Experience/Blueprints/Abilities/GE_IsBlocking.uexp" 2494
"C:/Users/2101501/Documents/GitHub/PenGwyn-Honours-Project/PenGwyn/Content/Experience/Blueprints/Abilities/GA_Block.uasset" 2495
"C:/Users/2101501/Documents/GitHub/PenGwyn-Honours-Project/PenGwyn/Content/Experience/Blueprints/Abilities/GA_Block.uexp" 2496
"C:/Users/2101501/Documents/GitHub/PenGwyn-Honours-Project/PenGwyn/Content/Experience/Animations/AN_StartIFrames.uasset" 2497
"C:/Users/2101501/Documents/GitHub/PenGwyn-Honours-Project/PenGwyn/Content/Experience/Animations/AN_StartIFrames.uexp" 2498
"C:/Users/2101501/Documents/GitHub/PenGwyn-Honours-Project/PenGwyn/Content/Experience/Animations/AN_EndIFrames.uasset" 2499
"C:/Users/2101501/Documents/GitHub/PenGwyn-Honours-Project/PenGwyn/Content/Experience/Animations/AN_EndIFrames.uexp" 2500
"C:/Users/2101501/Documents/GitHub/PenGwyn-Honours-Project/PenGwyn/Content/Experience/Animations/Roll/A_Roll_IdleBwd.uasset" 2501
"C:/Users/2101501/Documents/GitHub/PenGwyn-Honours-Project/PenGwyn/Content/Experience/Animations/Roll/A_Roll_IdleBwd.uexp" 2502
"C:/Users/2101501/Documents/GitHub/PenGwyn-Honours-Project/PenGwyn/Content/Experience/Animations/Roll/IFrameLevel3/AM_Roll_IdleBwd_LV3.uasset" 2503
"C:/Users/2101501/Documents/GitHub/PenGwyn-Honours-Project/PenGwyn/Content/Experience/Animations/Roll/IFrameLevel3/AM_Roll_IdleBwd_LV3.uexp" 2504
"C:/Users/2101501/Documents/GitHub/PenGwyn-Honours-Project/PenGwyn/Content/Experience/Animations/Roll/A_Roll_IdleFwd.uasset" 2505
"C:/Users/2101501/Documents/GitHub/PenGwyn-Honours-Project/PenGwyn/Content/Experience/Animations/Roll/A_Roll_IdleFwd.uexp" 2506
"C:/Users/2101501/Documents/GitHub/PenGwyn-Honours-Project/PenGwyn/Content/Experience/Animations/Roll/IFrameLevel3/AM_Roll_Fwd_LV3.uasset" 2507
"C:/Users/2101501/Documents/GitHub/PenGwyn-Honours-Project/PenGwyn/Content/Experience/Animations/Roll/IFrameLevel3/AM_Roll_Fwd_LV3.uexp" 2508
"C:/Users/2101501/Documents/GitHub/PenGwyn-Honours-Project/PenGwyn/Content/Experience/Animations/Roll/A_Roll_IdleFwdRt_90.uasset" 2509
"C:/Users/2101501/Documents/GitHub/PenGwyn-Honours-Project/PenGwyn/Content/Experience/Animations/Roll/A_Roll_IdleFwdRt_90.uexp" 2510
"C:/Users/2101501/Documents/GitHub/PenGwyn-Honours-Project/PenGwyn/Content/Experience/Animations/Roll/IFrameLevel3/AM_Roll_FwdRt_90_LV3.uasset" 2511
"C:/Users/2101501/Documents/GitHub/PenGwyn-Honours-Project/PenGwyn/Content/Experience/Animations/Roll/IFrameLevel3/AM_Roll_FwdRt_90_LV3.uexp" 2512
"C:/Users/2101501/Documents/GitHub/PenGwyn-Honours-Project/PenGwyn/Content/Experience/Animations/Roll/A_Roll_IdleFwdRt_45.uasset" 2513
"C:/Users/2101501/Documents/GitHub/PenGwyn-Honours-Project/PenGwyn/Content/Experience/Animations/Roll/A_Roll_IdleFwdRt_45.uexp" 2514
"C:/Users/2101501/Documents/GitHub/PenGwyn-Honours-Project/PenGwyn/Content/Experience/Animations/Roll/IFrameLevel3/AM_Roll_FwdRt_45_LV3.uasset" 2515
"C:/Users/2101501/Documents/GitHub/PenGwyn-Honours-Project/PenGwyn/Content/Experience/Animations/Roll/IFrameLevel3/AM_Roll_FwdRt_45_LV3.uexp" 2516
"C:/Users/2101501/Documents/GitHub/PenGwyn-Honours-Project/PenGwyn/Content/Experience/Animations/Roll/A_Roll_IdleFwdLt_90.uasset" 2517
"C:/Users/2101501/Documents/GitHub/PenGwyn-Honours-Project/PenGwyn/Content/Experience/Animations/Roll/A_Roll_IdleFwdLt_90.uexp" 2518
"C:/Users/2101501/Documents/GitHub/PenGwyn-Honours-Project/PenGwyn/Content/Experience/Animations/Roll/IFrameLevel3/AM_Roll_FwdLt_90_LV3.uasset" 2519
"C:/Users/2101501/Documents/GitHub/PenGwyn-Honours-Project/PenGwyn/Content/Experience/Animations/Roll/IFrameLevel3/AM_Roll_FwdLt_90_LV3.uexp" 2520
"C:/Users/2101501/Documents/GitHub/PenGwyn-Honours-Project/PenGwyn/Content/Experience/Animations/Roll/A_Roll_IdleFwdLt_45.uasset" 2521
"C:/Users/2101501/Documents/GitHub/PenGwyn-Honours-Project/PenGwyn/Content/Experience/Animations/Roll/A_Roll_IdleFwdLt_45.uexp" 2522
"C:/Users/2101501/Documents/GitHub/PenGwyn-Honours-Project/PenGwyn/Content/Experience/Animations/Roll/IFrameLevel3/AM_Roll_FwdLt_45_LV3.uasset" 2523
"C:/Users/2101501/Documents/GitHub/PenGwyn-Honours-Project/PenGwyn/Content/Experience/Animations/Roll/IFrameLevel3/AM_Roll_FwdLt_45_LV3.uexp" 2524
"C:/Users/2101501/Documents/GitHub/PenGwyn-Honours-Project/PenGwyn/Content/Experience/Animations/Roll/A_Roll_IdleBwdRt_135.uasset" 2525
"C:/Users/2101501/Documents/GitHub/PenGwyn-Honours-Project/PenGwyn/Content/Experience/Animations/Roll/A_Roll_IdleBwdRt_135.uexp" 2526
"C:/Users/2101501/Documents/GitHub/PenGwyn-Honours-Project/PenGwyn/Content/Experience/Animations/Roll/IFrameLevel3/AM_Roll_BwdRt_135_LV3.uasset" 2527
"C:/Users/2101501/Documents/GitHub/PenGwyn-Honours-Project/PenGwyn/Content/Experience/Animations/Roll/IFrameLevel3/AM_Roll_BwdRt_135_LV3.uexp" 2528
"C:/Users/2101501/Documents/GitHub/PenGwyn-Honours-Project/PenGwyn/Content/Experience/Animations/Roll/A_Roll_IdleBwdLt_135.uasset" 2529
"C:/Users/2101501/Documents/GitHub/PenGwyn-Honours-Project/PenGwyn/Content/Experience/Animations/Roll/A_Roll_IdleBwdLt_135.uexp" 2530
"C:/Users/2101501/Documents/GitHub/PenGwyn-Honours-Project/PenGwyn/Content/Experience/Animations/Roll/IFrameLevel3/AM_Roll_BwdLt_135_LV3.uasset" 2531
"C:/Users/2101501/Documents/GitHub/PenGwyn-Honours-Project/PenGwyn/Content/Experience/Animations/Roll/IFrameLevel3/AM_Roll_BwdLt_135_LV3.uexp" 2532
"C:/Users/2101501/Documents/GitHub/PenGwyn-Honours-Project/PenGwyn/Content/Experience/Animations/Roll/IFrameLevel2/AM_Roll_IdleBwd_LV2.uasset" 2533
"C:/Users/2101501/Documents/GitHub/PenGwyn-Honours-Project/PenGwyn/Content/Experience/Animations/Roll/IFrameLevel2/AM_Roll_IdleBwd_LV2.uexp" 2534
"C:/Users/2101501/Documents/GitHub/PenGwyn-Honours-Project/PenGwyn/Content/Experience/Animations/Roll/IFrameLevel2/AM_Roll_Fwd_LV2.uasset" 2535
"C:/Users/2101501/Documents/GitHub/PenGwyn-Honours-Project/PenGwyn/Content/Experience/Animations/Roll/IFrameLevel2/AM_Roll_Fwd_LV2.uexp" 2536
"C:/Users/2101501/Documents/GitHub/PenGwyn-Honours-Project/PenGwyn/Content/Experience/Animations/Roll/IFrameLevel2/AM_Roll_FwdRt_90_LV2.uasset" 2537
"C:/Users/2101501/Documents/GitHub/PenGwyn-Honours-Project/PenGwyn/Content/Experience/Animations/Roll/IFrameLevel2/AM_Roll_FwdRt_90_LV2.uexp" 2538
"C:/Users/2101501/Documents/GitHub/PenGwyn-Honours-Project/PenGwyn/Content/Experience/Animations/Roll/IFrameLevel2/AM_Roll_FwdRt_45_LV2.uasset" 2539
"C:/Users/2101501/Documents/GitHub/PenGwyn-Honours-Project/PenGwyn/Content/Experience/Animations/Roll/IFrameLevel2/AM_Roll_FwdRt_45_LV2.uexp" 2540
"C:/Users/2101501/Documents/GitHub/PenGwyn-Honours-Project/PenGwyn/Content/Experience/Animations/Roll/IFrameLevel2/AM_Roll_FwdLt_90_LV2.uasset" 2541
"C:/Users/2101501/Documents/GitHub/PenGwyn-Honours-Project/PenGwyn/Content/Experience/Animations/Roll/IFrameLevel2/AM_Roll_FwdLt_90_LV2.uexp" 2542
"C:/Users/2101501/Documents/GitHub/PenGwyn-Honours-Project/PenGwyn/Content/Experience/Animations/Roll/IFrameLevel2/AM_Roll_FwdLt_45_LV2.uasset" 2543
"C:/Users/2101501/Documents/GitHub/PenGwyn-Honours-Project/PenGwyn/Content/Experience/Animations/Roll/IFrameLevel2/AM_Roll_FwdLt_45_LV2.uexp" 2544
"C:/Users/2101501/Documents/GitHub/PenGwyn-Honours-Project/PenGwyn/Content/Experience/Animations/Roll/IFrameLevel2/AM_Roll_BwdRt_135_LV2.uasset" 2545
"C:/Users/2101501/Documents/GitHub/PenGwyn-Honours-Project/PenGwyn/Content/Experience/Animations/Roll/IFrameLevel2/AM_Roll_BwdRt_135_LV2.uexp" 2546
"C:/Users/2101501/Documents/GitHub/PenGwyn-Honours-Project/PenGwyn/Content/Experience/Animations/Roll/IFrameLevel2/AM_Roll_BwdLt_135_LV2.uasset" 2547
"C:/Users/2101501/Documents/GitHub/PenGwyn-Honours-Project/PenGwyn/Content/Experience/Animations/Roll/IFrameLevel2/AM_Roll_BwdLt_135_LV2.uexp" 2548
"C:/Users/2101501/Documents/GitHub/PenGwyn-Honours-Project/PenGwyn/Content/Experience/Animations/Roll/IFrameLevel1/AM_Roll_IdleBwd_LV1.uasset" 2549
"C:/Users/2101501/Documents/GitHub/PenGwyn-Honours-Project/PenGwyn/Content/Experience/Animations/Roll/IFrameLevel1/AM_Roll_IdleBwd_LV1.uexp" 2550
"C:/Users/2101501/Documents/GitHub/PenGwyn-Honours-Project/PenGwyn/Content/Experience/Animations/Roll/IFrameLevel1/AM_Roll_Fwd_LV1.uasset" 2551
"C:/Users/2101501/Documents/GitHub/PenGwyn-Honours-Project/PenGwyn/Content/Experience/Animations/Roll/IFrameLevel1/AM_Roll_Fwd_LV1.uexp" 2552
"C:/Users/2101501/Documents/GitHub/PenGwyn-Honours-Project/PenGwyn/Content/Experience/Animations/Roll/IFrameLevel1/AM_Roll_FwdRt_90_LV1.uasset" 2553
"C:/Users/2101501/Documents/GitHub/PenGwyn-Honours-Project/PenGwyn/Content/Experience/Animations/Roll/IFrameLevel1/AM_Roll_FwdRt_90_LV1.uexp" 2554
"C:/Users/2101501/Documents/GitHub/PenGwyn-Honours-Project/PenGwyn/Content/Experience/Animations/Roll/IFrameLevel1/AM_Roll_FwdRt_45_LV1.uasset" 2555
"C:/Users/2101501/Documents/GitHub/PenGwyn-Honours-Project/PenGwyn/Content/Experience/Animations/Roll/IFrameLevel1/AM_Roll_FwdRt_45_LV1.uexp" 2556
"C:/Users/2101501/Documents/GitHub/PenGwyn-Honours-Project/PenGwyn/Content/Experience/Animations/Roll/IFrameLevel1/AM_Roll_FwdLt_90_LV1.uasset" 2557
"C:/Users/2101501/Documents/GitHub/PenGwyn-Honours-Project/PenGwyn/Content/Experience/Animations/Roll/IFrameLevel1/AM_Roll_FwdLt_90_LV1.uexp" 2558
"C:/Users/2101501/Documents/GitHub/PenGwyn-Honours-Project/PenGwyn/Content/Experience/Animations/Roll/IFrameLevel1/AM_Roll_FwdLt_45_LV1.uasset" 2559
"C:/Users/2101501/Documents/GitHub/PenGwyn-Honours-Project/PenGwyn/Content/Experience/Animations/Roll/IFrameLevel1/AM_Roll_FwdLt_45_LV1.uexp" 2560
"C:/Users/2101501/Documents/GitHub/PenGwyn-Honours-Project/PenGwyn/Content/Experience/Animations/Roll/IFrameLevel1/AM_Roll_BwdRt_135_LV1.uasset" 2561
"C:/Users/2101501/Documents/GitHub/PenGwyn-Honours-Project/PenGwyn/Content/Experience/Animations/Roll/IFrameLevel1/AM_Roll_BwdRt_135_LV1.uexp" 2562
"C:/Users/2101501/Documents/GitHub/PenGwyn-Honours-Project/PenGwyn/Content/Experience/Animations/Roll/IFrameLevel1/AM_Roll_BwdLt_135_LV1.uasset" 2563
"C:/Users/2101501/Documents/GitHub/PenGwyn-Honours-Project/PenGwyn/Content/Experience/Animations/Roll/IFrameLevel1/AM_Roll_BwdLt_135_LV1.uexp" 2564
"C:/Users/2101501/Documents/GitHub/PenGwyn-Honours-Project/PenGwyn/Content/Experience/Animations/Roll/IframeLevel0/AM_Roll_IdleBwd_LV0.uasset" 2565
"C:/Users/2101501/Documents/GitHub/PenGwyn-Honours-Project/PenGwyn/Content/Experience/Animations/Roll/IframeLevel0/AM_Roll_IdleBwd_LV0.uexp" 2566
"C:/Users/2101501/Documents/GitHub/PenGwyn-Honours-Project/PenGwyn/Content/Experience/Animations/Roll/IframeLevel0/AM_Roll_Fwd_LV0.uasset" 2567
"C:/Users/2101501/Documents/GitHub/PenGwyn-Honours-Project/PenGwyn/Content/Experience/Animations/Roll/IframeLevel0/AM_Roll_Fwd_LV0.uexp" 2568
"C:/Users/2101501/Documents/GitHub/PenGwyn-Honours-Project/PenGwyn/Content/Experience/Animations/Roll/IframeLevel0/AM_Roll_FwdRt_90_LV0.uasset" 2569
"C:/Users/2101501/Documents/GitHub/PenGwyn-Honours-Project/PenGwyn/Content/Experience/Animations/Roll/IframeLevel0/AM_Roll_FwdRt_90_LV0.uexp" 2570
"C:/Users/2101501/Documents/GitHub/PenGwyn-Honours-Project/PenGwyn/Content/Experience/Animations/Roll/IframeLevel0/AM_Roll_FwdRt_45_LV0.uasset" 2571
"C:/Users/2101501/Documents/GitHub/PenGwyn-Honours-Project/PenGwyn/Content/Experience/Animations/Roll/IframeLevel0/AM_Roll_FwdRt_45_LV0.uexp" 2572
"C:/Users/2101501/Documents/GitHub/PenGwyn-Honours-Project/PenGwyn/Content/Experience/Animations/Roll/IframeLevel0/AM_Roll_FwdLt_90_LV0.uasset" 2573
"C:/Users/2101501/Documents/GitHub/PenGwyn-Honours-Project/PenGwyn/Content/Experience/Animations/Roll/IframeLevel0/AM_Roll_FwdLt_90_LV0.uexp" 2574
"C:/Users/2101501/Documents/GitHub/PenGwyn-Honours-Project/PenGwyn/Content/Experience/Animations/Roll/IframeLevel0/AM_Roll_FwdLt_45_LV0.uasset" 2575
"C:/Users/2101501/Documents/GitHub/PenGwyn-Honours-Project/PenGwyn/Content/Experience/Animations/Roll/IframeLevel0/AM_Roll_FwdLt_45_LV0.uexp" 2576
"C:/Users/2101501/Documents/GitHub/PenGwyn-Honours-Project/PenGwyn/Content/Experience/Animations/Roll/IframeLevel0/AM_Roll_BwdRt_135_LV0.uasset" 2577
"C:/Users/2101501/Documents/GitHub/PenGwyn-Honours-Project/PenGwyn/Content/Experience/Animations/Roll/IframeLevel0/AM_Roll_BwdRt_135_LV0.uexp" 2578
"C:/Users/2101501/Documents/GitHub/PenGwyn-Honours-Project/PenGwyn/Content/Experience/Animations/Roll/IframeLevel0/AM_Roll_BwdLt_135_LV0.uasset" 2579
"C:/Users/2101501/Documents/GitHub/PenGwyn-Honours-Project/PenGwyn/Content/Experience/Animations/Roll/IframeLevel0/AM_Roll_BwdLt_135_LV0.uexp" 2580
"C:/Users/2101501/Documents/GitHub/PenGwyn-Honours-Project/PenGwyn/Content/Characters/Mannequins/Animations/Manny/AM_FogWallWalk.uasset" 2581
"C:/Users/2101501/Documents/GitHub/PenGwyn-Honours-Project/PenGwyn/Content/Characters/Mannequins/Animations/Manny/AM_FogWallWalk.uexp" 2582
"C:/Users/2101501/Documents/GitHub/PenGwyn-Honours-Project/PenGwyn/Content/UI/Widgits/UI_InteractButton.uasset" 2583
"C:/Users/2101501/Documents/GitHub/PenGwyn-Honours-Project/PenGwyn/Content/UI/Widgits/UI_InteractButton.uexp" 2584
"C:/Users/2101501/Documents/GitHub/PenGwyn-Honours-Project/PenGwyn/Content/UI/textures/PenguingKnightAction.uasset" 2585
"C:/Users/2101501/Documents/GitHub/PenGwyn-Honours-Project/PenGwyn/Content/UI/textures/PenguingKnightAction.uexp" 2586
"C:/Users/2101501/Documents/GitHub/PenGwyn-Honours-Project/PenGwyn/Content/StarterContent/Materials/M_Basic_Wall.uasset" 2587
"C:/Users/2101501/Documents/GitHub/PenGwyn-Honours-Project/PenGwyn/Content/StarterContent/Materials/M_Basic_Wall.uexp" 2588
"C:/Users/2101501/Documents/GitHub/PenGwyn-Honours-Project/PenGwyn/Content/StarterContent/Shapes/Shape_Cube.ubulk" 2589
"C:/Users/2101501/Documents/GitHub/PenGwyn-Honours-Project/PenGwyn/Content/StarterContent/Shapes/Shape_Cube.uasset" 2590
"C:/Users/2101501/Documents/GitHub/PenGwyn-Honours-Project/PenGwyn/Content/StarterContent/Shapes/Shape_Cube.uexp" 2591
"C:/Users/2101501/Documents/GitHub/PenGwyn-Honours-Project/PenGwyn/Content/ParagonGreystone/FX/Textures/Sparks/T_Spark_Soft.ubulk" 2592
"C:/Users/2101501/Documents/GitHub/PenGwyn-Honours-Project/PenGwyn/Content/ParagonGreystone/FX/Textures/Sparks/T_Spark_Soft.uasset" 2593
"C:/Users/2101501/Documents/GitHub/PenGwyn-Honours-Project/PenGwyn/Content/ParagonGreystone/FX/Textures/Sparks/T_Spark_Soft.uexp" 2594
"C:/Users/2101501/Documents/GitHub/PenGwyn-Honours-Project/PenGwyn/Content/ParagonGreystone/FX/Materials/Functions/M_FX_EmissiveModulate.uasset" 2595
"C:/Users/2101501/Documents/GitHub/PenGwyn-Honours-Project/PenGwyn/Content/ParagonGreystone/FX/Materials/Functions/M_FX_EmissiveModulate.uexp" 2596
"C:/Users/2101501/Documents/GitHub/PenGwyn-Honours-Project/PenGwyn/Content/ParagonGreystone/FX/Materials/Sparks/M_Hotdog_Spark_VLerp_COLOUR.uasset" 2597
"C:/Users/2101501/Documents/GitHub/PenGwyn-Honours-Project/PenGwyn/Content/ParagonGreystone/FX/Materials/Sparks/M_Hotdog_Spark_VLerp_COLOUR.uexp" 2598
"C:/Users/2101501/Documents/GitHub/PenGwyn-Honours-Project/PenGwyn/Content/ParagonGreystone/FX/Materials/Sparks/MI_Hotdog_Spark_VLerp_Colour_Shockwave_Slow.uasset" 2599
"C:/Users/2101501/Documents/GitHub/PenGwyn-Honours-Project/PenGwyn/Content/ParagonGreystone/FX/Materials/Sparks/MI_Hotdog_Spark_VLerp_Colour_Shockwave_Slow.uexp" 2600
"C:/Users/2101501/Documents/GitHub/PenGwyn-Honours-Project/PenGwyn/Content/SFX_Essentials_FREE_SAMPLE/SFX_Essentials_14_DUST/Wavs/DIRTDust_InsJ_Snow_Settling_Moderate_01-01.ubulk" 2601
"C:/Users/2101501/Documents/GitHub/PenGwyn-Honours-Project/PenGwyn/Content/SFX_Essentials_FREE_SAMPLE/SFX_Essentials_14_DUST/Wavs/DIRTDust_InsJ_Snow_Settling_Moderate_01-01.uasset" 2602
"C:/Users/2101501/Documents/GitHub/PenGwyn-Honours-Project/PenGwyn/Content/SFX_Essentials_FREE_SAMPLE/SFX_Essentials_14_DUST/Wavs/DIRTDust_InsJ_Snow_Settling_Moderate_01-01.uexp" 2603
"C:/Users/2101501/Documents/GitHub/PenGwyn-Honours-Project/PenGwyn/Content/Experience/Sound/SC_FogWallActivated.uasset" 2604
"C:/Users/2101501/Documents/GitHub/PenGwyn-Honours-Project/PenGwyn/Content/Experience/Sound/SC_FogWallActivated.uexp" 2605
"C:/Users/2101501/Documents/GitHub/PenGwyn-Honours-Project/PenGwyn/Content/Experience/Blueprints/Enviroment/BP_FogWall.uasset" 2606
"C:/Users/2101501/Documents/GitHub/PenGwyn-Honours-Project/PenGwyn/Content/Experience/Blueprints/Enviroment/BP_FogWall.uexp" 2607
"C:/Users/2101501/Documents/GitHub/PenGwyn-Honours-Project/PenGwyn/Content/RPG_Starter_Pack_III/RPG_Music_Themes/WAVs/Prelude_to_War/Prelude_to_War_FullSong.ubulk" 2608
"C:/Users/2101501/Documents/GitHub/PenGwyn-Honours-Project/PenGwyn/Content/RPG_Starter_Pack_III/RPG_Music_Themes/WAVs/Prelude_to_War/Prelude_to_War_FullSong.uasset" 2609
"C:/Users/2101501/Documents/GitHub/PenGwyn-Honours-Project/PenGwyn/Content/RPG_Starter_Pack_III/RPG_Music_Themes/WAVs/Prelude_to_War/Prelude_to_War_FullSong.uexp" 2610
"C:/Users/2101501/Documents/GitHub/PenGwyn-Honours-Project/PenGwyn/Content/Experience/Blueprints/Enviroment/BPI_Music.uasset" 2611
"C:/Users/2101501/Documents/GitHub/PenGwyn-Honours-Project/PenGwyn/Content/Experience/Blueprints/Enviroment/BPI_Music.uexp" 2612
"C:/Users/2101501/Documents/GitHub/PenGwyn-Honours-Project/PenGwyn/Content/RPG_Starter_Pack_III/RPG_Music_Themes/WAVs/Titan_March/Titan_March_FullSong.ubulk" 2613
"C:/Users/2101501/Documents/GitHub/PenGwyn-Honours-Project/PenGwyn/Content/RPG_Starter_Pack_III/RPG_Music_Themes/WAVs/Titan_March/Titan_March_FullSong.uasset" 2614
"C:/Users/2101501/Documents/GitHub/PenGwyn-Honours-Project/PenGwyn/Content/RPG_Starter_Pack_III/RPG_Music_Themes/WAVs/Titan_March/Titan_March_FullSong.uexp" 2615
"C:/Users/2101501/Documents/GitHub/PenGwyn-Honours-Project/PenGwyn/Content/Experience/Blueprints/Enviroment/BP_MusicManager.uasset" 2616
"C:/Users/2101501/Documents/GitHub/PenGwyn-Honours-Project/PenGwyn/Content/Experience/Blueprints/Enviroment/BP_MusicManager.uexp" 2617
"C:/Users/2101501/Documents/GitHub/PenGwyn-Honours-Project/PenGwyn/Content/Experience/Blueprints/Enviroment/BP_End_Detector.uasset" 2618
"C:/Users/2101501/Documents/GitHub/PenGwyn-Honours-Project/PenGwyn/Content/Experience/Blueprints/Enviroment/BP_End_Detector.uexp" 2619
"C:/Users/2101501/Documents/GitHub/PenGwyn-Honours-Project/PenGwyn/Content/ParagonGreystone/FX/VectorFields/VF_RandomNoise_01_90.uasset" 2620
"C:/Users/2101501/Documents/GitHub/PenGwyn-Honours-Project/PenGwyn/Content/ParagonGreystone/FX/VectorFields/VF_RandomNoise_01_90.uexp" 2621
"../../../Engine/Content/Functions/Engine_MaterialFunctions01/ImageAdjustment/3ColorBlend.uasset" 2622
"../../../Engine/Content/Functions/Engine_MaterialFunctions01/ImageAdjustment/3ColorBlend.uexp" 2623
"C:/Users/2101501/Documents/GitHub/PenGwyn-Honours-Project/PenGwyn/Content/ParagonGreystone/FX/Materials/Heroes/Greystone/Abilities/MF_GreystoneFX_Colors.uasset" 2624
"C:/Users/2101501/Documents/GitHub/PenGwyn-Honours-Project/PenGwyn/Content/ParagonGreystone/FX/Materials/Heroes/Greystone/Abilities/MF_GreystoneFX_Colors.uexp" 2625
"C:/Users/2101501/Documents/GitHub/PenGwyn-Honours-Project/PenGwyn/Content/ParagonGreystone/FX/Materials/Heroes/Greystone/Abilities/M_Greystone_Sparks.uasset" 2626
"C:/Users/2101501/Documents/GitHub/PenGwyn-Honours-Project/PenGwyn/Content/ParagonGreystone/FX/Materials/Heroes/Greystone/Abilities/M_Greystone_Sparks.uexp" 2627
"../../../Engine/Content/Functions/Engine_MaterialFunctions01/ImageAdjustment/DeriveHDRfromLDR.uasset" 2628
"../../../Engine/Content/Functions/Engine_MaterialFunctions01/ImageAdjustment/DeriveHDRfromLDR.uexp" 2629
"C:/Users/2101501/Documents/GitHub/PenGwyn-Honours-Project/PenGwyn/Content/ParagonGreystone/FX/Textures/Flares/T_Flare_Spikeball.ubulk" 2630
"C:/Users/2101501/Documents/GitHub/PenGwyn-Honours-Project/PenGwyn/Content/ParagonGreystone/FX/Textures/Flares/T_Flare_Spikeball.uasset" 2631
"C:/Users/2101501/Documents/GitHub/PenGwyn-Honours-Project/PenGwyn/Content/ParagonGreystone/FX/Textures/Flares/T_Flare_Spikeball.uexp" 2632
"C:/Users/2101501/Documents/GitHub/PenGwyn-Honours-Project/PenGwyn/Content/ParagonGreystone/FX/Materials/Heroes/M_ArrowFlare.uasset" 2633
"C:/Users/2101501/Documents/GitHub/PenGwyn-Honours-Project/PenGwyn/Content/ParagonGreystone/FX/Materials/Heroes/M_ArrowFlare.uexp" 2634
"../../../Engine/Content/Functions/Engine_MaterialFunctions02/Utility/Sign.uasset" 2635
"../../../Engine/Content/Functions/Engine_MaterialFunctions02/Utility/Sign.uexp" 2636
"../../../Engine/Content/Functions/Engine_MaterialFunctions02/Utility/Round.uasset" 2637
"../../../Engine/Content/Functions/Engine_MaterialFunctions02/Utility/Round.uexp" 2638
"../../../Engine/Content/Functions/Engine_MaterialFunctions01/Density/ExponentialDensity.uasset" 2639
"../../../Engine/Content/Functions/Engine_MaterialFunctions01/Density/ExponentialDensity.uexp" 2640
"../../../Engine/Content/Functions/Engine_MaterialFunctions01/Gradient/RadialGradientExponential.uasset" 2641
"../../../Engine/Content/Functions/Engine_MaterialFunctions01/Gradient/RadialGradientExponential.uexp" 2642
"C:/Users/2101501/Documents/GitHub/PenGwyn-Honours-Project/PenGwyn/Content/ParagonGreystone/FX/Textures/Energy/T_Swirly_Noise.ubulk" 2643
"C:/Users/2101501/Documents/GitHub/PenGwyn-Honours-Project/PenGwyn/Content/ParagonGreystone/FX/Textures/Energy/T_Swirly_Noise.uasset" 2644
"C:/Users/2101501/Documents/GitHub/PenGwyn-Honours-Project/PenGwyn/Content/ParagonGreystone/FX/Textures/Energy/T_Swirly_Noise.uexp" 2645
"C:/Users/2101501/Documents/GitHub/PenGwyn-Honours-Project/PenGwyn/Content/ParagonGreystone/FX/Materials/Sparks/M_hardSpark_Alpha_GPU_Random.uasset" 2646
"C:/Users/2101501/Documents/GitHub/PenGwyn-Honours-Project/PenGwyn/Content/ParagonGreystone/FX/Materials/Sparks/M_hardSpark_Alpha_GPU_Random.uexp" 2647
"C:/Users/2101501/Documents/GitHub/PenGwyn-Honours-Project/PenGwyn/Content/ParagonGreystone/FX/Materials/Game/M_Tri_Test.uasset" 2648
"C:/Users/2101501/Documents/GitHub/PenGwyn-Honours-Project/PenGwyn/Content/ParagonGreystone/FX/Materials/Game/M_Tri_Test.uexp" 2649
"../../../Engine/Content/Functions/Engine_MaterialFunctions02/Utility/DebugTimeSine.uasset" 2650
"../../../Engine/Content/Functions/Engine_MaterialFunctions02/Utility/DebugTimeSine.uexp" 2651
"C:/Users/2101501/Documents/GitHub/PenGwyn-Honours-Project/PenGwyn/Content/ParagonGreystone/FX/Textures/NormalShapes/T_Radial_Refraction_Blur_N.ubulk" 2652
"C:/Users/2101501/Documents/GitHub/PenGwyn-Honours-Project/PenGwyn/Content/ParagonGreystone/FX/Textures/NormalShapes/T_Radial_Refraction_Blur_N.uasset" 2653
"C:/Users/2101501/Documents/GitHub/PenGwyn-Honours-Project/PenGwyn/Content/ParagonGreystone/FX/Textures/NormalShapes/T_Radial_Refraction_Blur_N.uexp" 2654
"C:/Users/2101501/Documents/GitHub/PenGwyn-Honours-Project/PenGwyn/Content/ParagonGreystone/FX/Textures/Masks/T_Radial_Burst.ubulk" 2655
"C:/Users/2101501/Documents/GitHub/PenGwyn-Honours-Project/PenGwyn/Content/ParagonGreystone/FX/Textures/Masks/T_Radial_Burst.uasset" 2656
"C:/Users/2101501/Documents/GitHub/PenGwyn-Honours-Project/PenGwyn/Content/ParagonGreystone/FX/Textures/Masks/T_Radial_Burst.uexp" 2657
"C:/Users/2101501/Documents/GitHub/PenGwyn-Honours-Project/PenGwyn/Content/ParagonGreystone/FX/Materials/Functions/MF_DitheredRefraction.uasset" 2658
"C:/Users/2101501/Documents/GitHub/PenGwyn-Honours-Project/PenGwyn/Content/ParagonGreystone/FX/Materials/Functions/MF_DitheredRefraction.uexp" 2659
"C:/Users/2101501/Documents/GitHub/PenGwyn-Honours-Project/PenGwyn/Content/ParagonGreystone/FX/Materials/Heroes/M_Radial_Blur_Refraction.uasset" 2660
"C:/Users/2101501/Documents/GitHub/PenGwyn-Honours-Project/PenGwyn/Content/ParagonGreystone/FX/Materials/Heroes/M_Radial_Blur_Refraction.uexp" 2661
"../../../Engine/Content/Functions/Engine_MaterialFunctions02/Math/CreateThirdOrthogonalVector.uasset" 2662
"../../../Engine/Content/Functions/Engine_MaterialFunctions02/Math/CreateThirdOrthogonalVector.uexp" 2663
"../../../Engine/Content/Functions/Engine_MaterialFunctions02/TangentBasis.uasset" 2664
"../../../Engine/Content/Functions/Engine_MaterialFunctions02/TangentBasis.uexp" 2665
"../../../Engine/Content/Functions/Engine_MaterialFunctions01/WorldPositionOffset/SplineThicken.uasset" 2666
"../../../Engine/Content/Functions/Engine_MaterialFunctions01/WorldPositionOffset/SplineThicken.uexp" 2667
"C:/Users/2101501/Documents/GitHub/PenGwyn-Honours-Project/PenGwyn/Content/ParagonGreystone/FX/Textures/trails/T_Trail_Mask.ubulk" 2668
"C:/Users/2101501/Documents/GitHub/PenGwyn-Honours-Project/PenGwyn/Content/ParagonGreystone/FX/Textures/trails/T_Trail_Mask.uasset" 2669
"C:/Users/2101501/Documents/GitHub/PenGwyn-Honours-Project/PenGwyn/Content/ParagonGreystone/FX/Textures/trails/T_Trail_Mask.uexp" 2670
"C:/Users/2101501/Documents/GitHub/PenGwyn-Honours-Project/PenGwyn/Content/ParagonGreystone/FX/Textures/trails/T_Smoke_Trail_Soft.ubulk" 2671
"C:/Users/2101501/Documents/GitHub/PenGwyn-Honours-Project/PenGwyn/Content/ParagonGreystone/FX/Textures/trails/T_Smoke_Trail_Soft.uasset" 2672
"C:/Users/2101501/Documents/GitHub/PenGwyn-Honours-Project/PenGwyn/Content/ParagonGreystone/FX/Textures/trails/T_Smoke_Trail_Soft.uexp" 2673
"C:/Users/2101501/Documents/GitHub/PenGwyn-Honours-Project/PenGwyn/Content/ParagonGreystone/FX/Textures/trails/T_Silky_Smoke_Trail.ubulk" 2674
"C:/Users/2101501/Documents/GitHub/PenGwyn-Honours-Project/PenGwyn/Content/ParagonGreystone/FX/Textures/trails/T_Silky_Smoke_Trail.uasset" 2675
"C:/Users/2101501/Documents/GitHub/PenGwyn-Honours-Project/PenGwyn/Content/ParagonGreystone/FX/Textures/trails/T_Silky_Smoke_Trail.uexp" 2676
"C:/Users/2101501/Documents/GitHub/PenGwyn-Honours-Project/PenGwyn/Content/ParagonGreystone/FX/Textures/Tile/Noise/T_Soft_Noise.ubulk" 2677
"C:/Users/2101501/Documents/GitHub/PenGwyn-Honours-Project/PenGwyn/Content/ParagonGreystone/FX/Textures/Tile/Noise/T_Soft_Noise.uasset" 2678
"C:/Users/2101501/Documents/GitHub/PenGwyn-Honours-Project/PenGwyn/Content/ParagonGreystone/FX/Textures/Tile/Noise/T_Soft_Noise.uexp" 2679
"C:/Users/2101501/Documents/GitHub/PenGwyn-Honours-Project/PenGwyn/Content/ParagonGreystone/FX/Materials/Functions/MF_FX_NearCameraFade.uasset" 2680
"C:/Users/2101501/Documents/GitHub/PenGwyn-Honours-Project/PenGwyn/Content/ParagonGreystone/FX/Materials/Functions/MF_FX_NearCameraFade.uexp" 2681
"C:/Users/2101501/Documents/GitHub/PenGwyn-Honours-Project/PenGwyn/Content/ParagonGreystone/FX/Materials/Heroes/M_Wisp_SplineThicken_Small.uasset" 2682
"C:/Users/2101501/Documents/GitHub/PenGwyn-Honours-Project/PenGwyn/Content/ParagonGreystone/FX/Materials/Heroes/M_Wisp_SplineThicken_Small.uexp" 2683
"C:/Users/2101501/Documents/GitHub/PenGwyn-Honours-Project/PenGwyn/Content/ParagonGreystone/FX/Meshes/Heroes/SM_Spline_X_Aligned.ubulk" 2684
"C:/Users/2101501/Documents/GitHub/PenGwyn-Honours-Project/PenGwyn/Content/ParagonGreystone/FX/Meshes/Heroes/SM_Spline_X_Aligned.uasset" 2685
"C:/Users/2101501/Documents/GitHub/PenGwyn-Honours-Project/PenGwyn/Content/ParagonGreystone/FX/Meshes/Heroes/SM_Spline_X_Aligned.uexp" 2686
"C:/Users/2101501/Documents/GitHub/PenGwyn-Honours-Project/PenGwyn/Content/ParagonGreystone/FX/Materials/Heroes/Greystone/Abilities/M_Greystone_Wisp_SplineThicken_Claw.uasset" 2687
"C:/Users/2101501/Documents/GitHub/PenGwyn-Honours-Project/PenGwyn/Content/ParagonGreystone/FX/Materials/Heroes/Greystone/Abilities/M_Greystone_Wisp_SplineThicken_Claw.uexp" 2688
"C:/Users/2101501/Documents/GitHub/PenGwyn-Honours-Project/PenGwyn/Content/ParagonGreystone/FX/Textures/Tile/Noise/T_Inky_Smoke_Tile.ubulk" 2689
"C:/Users/2101501/Documents/GitHub/PenGwyn-Honours-Project/PenGwyn/Content/ParagonGreystone/FX/Textures/Tile/Noise/T_Inky_Smoke_Tile.uasset" 2690
"C:/Users/2101501/Documents/GitHub/PenGwyn-Honours-Project/PenGwyn/Content/ParagonGreystone/FX/Textures/Tile/Noise/T_Inky_Smoke_Tile.uexp" 2691
"C:/Users/2101501/Documents/GitHub/PenGwyn-Honours-Project/PenGwyn/Content/ParagonGreystone/FX/Textures/Energy/Plasma/T_Inky_Smoke.ubulk" 2692
"C:/Users/2101501/Documents/GitHub/PenGwyn-Honours-Project/PenGwyn/Content/ParagonGreystone/FX/Textures/Energy/Plasma/T_Inky_Smoke.uasset" 2693
"C:/Users/2101501/Documents/GitHub/PenGwyn-Honours-Project/PenGwyn/Content/ParagonGreystone/FX/Textures/Energy/Plasma/T_Inky_Smoke.uexp" 2694
"C:/Users/2101501/Documents/GitHub/PenGwyn-Honours-Project/PenGwyn/Content/ParagonGreystone/FX/Materials/Heroes/Greystone/Abilities/M_Greystone_Smoke_Burst.uasset" 2695
"C:/Users/2101501/Documents/GitHub/PenGwyn-Honours-Project/PenGwyn/Content/ParagonGreystone/FX/Materials/Heroes/Greystone/Abilities/M_Greystone_Smoke_Burst.uexp" 2696
"C:/Users/2101501/Documents/GitHub/PenGwyn-Honours-Project/PenGwyn/Content/ParagonGreystone/FX/Particles/Greystone/Abilities/Primary/FX/P_Greystone_Primary_Impact.uasset" 2697
"C:/Users/2101501/Documents/GitHub/PenGwyn-Honours-Project/PenGwyn/Content/ParagonGreystone/FX/Particles/Greystone/Abilities/Primary/FX/P_Greystone_Primary_Impact.uexp" 2698
"C:/Users/2101501/Documents/GitHub/PenGwyn-Honours-Project/PenGwyn/Content/ThirdPerson/Blueprints/BP_ThirdPersonCharacter.uasset" 2699
"C:/Users/2101501/Documents/GitHub/PenGwyn-Honours-Project/PenGwyn/Content/ThirdPerson/Blueprints/BP_ThirdPersonCharacter.uexp" 2700
"C:/Users/2101501/Documents/GitHub/PenGwyn-Honours-Project/PenGwyn/Content/UI/textures/PenguinKnightStanding_2_.uasset" 2701
"C:/Users/2101501/Documents/GitHub/PenGwyn-Honours-Project/PenGwyn/Content/UI/textures/PenguinKnightStanding_2_.uexp" 2702
"C:/Users/2101501/Documents/GitHub/PenGwyn-Honours-Project/PenGwyn/Content/UI/textures/PenguinKnightStanding_2__Mat.uasset" 2703
"C:/Users/2101501/Documents/GitHub/PenGwyn-Honours-Project/PenGwyn/Content/UI/textures/PenguinKnightStanding_2__Mat.uexp" 2704
"C:/Users/2101501/Documents/GitHub/PenGwyn-Honours-Project/PenGwyn/Content/StarterContent/Shapes/Shape_Sphere.ubulk" 2705
"C:/Users/2101501/Documents/GitHub/PenGwyn-Honours-Project/PenGwyn/Content/StarterContent/Shapes/Shape_Sphere.uasset" 2706
"C:/Users/2101501/Documents/GitHub/PenGwyn-Honours-Project/PenGwyn/Content/StarterContent/Shapes/Shape_Sphere.uexp" 2707
"C:/Users/2101501/Documents/GitHub/PenGwyn-Honours-Project/PenGwyn/Content/AssistiveControlScheme/S_Tracked_Data.uasset" 2708
"C:/Users/2101501/Documents/GitHub/PenGwyn-Honours-Project/PenGwyn/Content/AssistiveControlScheme/S_Tracked_Data.uexp" 2709
"C:/Users/2101501/Documents/GitHub/PenGwyn-Honours-Project/PenGwyn/Content/AssistiveControlScheme/BP_PenGwynAssistant.uasset" 2710
"C:/Users/2101501/Documents/GitHub/PenGwyn-Honours-Project/PenGwyn/Content/AssistiveControlScheme/BP_PenGwynAssistant.uexp" 2711
"C:/Users/2101501/Documents/GitHub/PenGwyn-Honours-Project/PenGwyn/Content/DamageSystem/S_DamageResistsnces.uasset" 2712
"C:/Users/2101501/Documents/GitHub/PenGwyn-Honours-Project/PenGwyn/Content/DamageSystem/S_DamageResistsnces.uexp" 2713
"C:/Users/2101501/Documents/GitHub/PenGwyn-Honours-Project/PenGwyn/Content/DamageSystem/BPC_StatusComponent.uasset" 2714
"C:/Users/2101501/Documents/GitHub/PenGwyn-Honours-Project/PenGwyn/Content/DamageSystem/BPC_StatusComponent.uexp" 2715
"C:/Users/2101501/Documents/GitHub/PenGwyn-Honours-Project/PenGwyn/Content/CraftResourcesIcons/Textures/Tex_reagent_12_b.ubulk" 2716
"C:/Users/2101501/Documents/GitHub/PenGwyn-Honours-Project/PenGwyn/Content/CraftResourcesIcons/Textures/Tex_reagent_12_b.uasset" 2717
"C:/Users/2101501/Documents/GitHub/PenGwyn-Honours-Project/PenGwyn/Content/CraftResourcesIcons/Textures/Tex_reagent_12_b.uexp" 2718
"C:/Users/2101501/Documents/GitHub/PenGwyn-Honours-Project/PenGwyn/Content/CraftResourcesIcons/Textures/Tex_reagent_05_b.ubulk" 2719
"C:/Users/2101501/Documents/GitHub/PenGwyn-Honours-Project/PenGwyn/Content/CraftResourcesIcons/Textures/Tex_reagent_05_b.uasset" 2720
"C:/Users/2101501/Documents/GitHub/PenGwyn-Honours-Project/PenGwyn/Content/CraftResourcesIcons/Textures/Tex_reagent_05_b.uexp" 2721
"C:/Users/2101501/Documents/GitHub/PenGwyn-Honours-Project/PenGwyn/Content/CraftResourcesIcons/Textures/Tex_herbs_06_b.ubulk" 2722
"C:/Users/2101501/Documents/GitHub/PenGwyn-Honours-Project/PenGwyn/Content/CraftResourcesIcons/Textures/Tex_herbs_06_b.uasset" 2723
"C:/Users/2101501/Documents/GitHub/PenGwyn-Honours-Project/PenGwyn/Content/CraftResourcesIcons/Textures/Tex_herbs_06_b.uexp" 2724
"C:/Users/2101501/Documents/GitHub/PenGwyn-Honours-Project/PenGwyn/Content/FlatIconsFreeSamplePack/256/T_Sprint_2_256.uasset" 2725
"C:/Users/2101501/Documents/GitHub/PenGwyn-Honours-Project/PenGwyn/Content/FlatIconsFreeSamplePack/256/T_Sprint_2_256.uexp" 2726
"C:/Users/2101501/Documents/GitHub/PenGwyn-Honours-Project/PenGwyn/Content/FlatIconsFreeSamplePack/256/T_Skill_Shield_256.uasset" 2727
"C:/Users/2101501/Documents/GitHub/PenGwyn-Honours-Project/PenGwyn/Content/FlatIconsFreeSamplePack/256/T_Skill_Shield_256.uexp" 2728
"C:/Users/2101501/Documents/GitHub/PenGwyn-Honours-Project/PenGwyn/Content/FlatIconsFreeSamplePack/256/T_Potion_256.uasset" 2729
"C:/Users/2101501/Documents/GitHub/PenGwyn-Honours-Project/PenGwyn/Content/FlatIconsFreeSamplePack/256/T_Potion_256.uexp" 2730
"C:/Users/2101501/Documents/GitHub/PenGwyn-Honours-Project/PenGwyn/Content/FlatIconsFreeSamplePack/256/T_Gun_256.uasset" 2731
"C:/Users/2101501/Documents/GitHub/PenGwyn-Honours-Project/PenGwyn/Content/FlatIconsFreeSamplePack/256/T_Gun_256.uexp" 2732
"C:/Users/2101501/Documents/GitHub/PenGwyn-Honours-Project/PenGwyn/Content/FlatIconsFreeSamplePack/256/T_Crosshair_256.uasset" 2733
"C:/Users/2101501/Documents/GitHub/PenGwyn-Honours-Project/PenGwyn/Content/FlatIconsFreeSamplePack/256/T_Crosshair_256.uexp" 2734
"C:/Users/2101501/Documents/GitHub/PenGwyn-Honours-Project/PenGwyn/Content/FlatIconsFreeSamplePack/256/T_Arrow_256.uasset" 2735
"C:/Users/2101501/Documents/GitHub/PenGwyn-Honours-Project/PenGwyn/Content/FlatIconsFreeSamplePack/256/T_Arrow_256.uexp" 2736
"C:/Users/2101501/Documents/GitHub/PenGwyn-Honours-Project/PenGwyn/Content/UI/Grim_Ascent_UI/T_Bars/UpscailedBar.uasset" 2737
"C:/Users/2101501/Documents/GitHub/PenGwyn-Honours-Project/PenGwyn/Content/UI/Grim_Ascent_UI/T_Bars/UpscailedBar.uexp" 2738
"C:/Users/2101501/Documents/GitHub/PenGwyn-Honours-Project/PenGwyn/Content/UI/Grim_Ascent_UI/T_Borders/T_Border_v0/T_250x500.uasset" 2739
"C:/Users/2101501/Documents/GitHub/PenGwyn-Honours-Project/PenGwyn/Content/UI/Grim_Ascent_UI/T_Borders/T_Border_v0/T_250x500.uexp" 2740
"C:/Users/2101501/Documents/GitHub/PenGwyn-Honours-Project/PenGwyn/Content/UI/textures/PenguinKnightPortrait_3_.uasset" 2741
"C:/Users/2101501/Documents/GitHub/PenGwyn-Honours-Project/PenGwyn/Content/UI/textures/PenguinKnightPortrait_3_.uexp" 2742
"C:/Users/2101501/Documents/GitHub/PenGwyn-Honours-Project/PenGwyn/Content/ParagonSevarog/Characters/Global/Black_Linear.uasset" 2743
"C:/Users/2101501/Documents/GitHub/PenGwyn-Honours-Project/PenGwyn/Content/ParagonSevarog/Characters/Global/Black_Linear.uexp" 2744
"C:/Users/2101501/Documents/GitHub/PenGwyn-Honours-Project/PenGwyn/Content/UI/Grim_Ascent_UI/T_Borders/T_Border_v4/T_780x540.uasset" 2745
"C:/Users/2101501/Documents/GitHub/PenGwyn-Honours-Project/PenGwyn/Content/UI/Grim_Ascent_UI/T_Borders/T_Border_v4/T_780x540.uexp" 2746
"C:/Users/2101501/Documents/GitHub/PenGwyn-Honours-Project/PenGwyn/Content/UI/Widgits/UI_AsistanceImage.uasset" 2747
"C:/Users/2101501/Documents/GitHub/PenGwyn-Honours-Project/PenGwyn/Content/UI/Widgits/UI_AsistanceImage.uexp" 2748
"C:/Users/2101501/Documents/GitHub/PenGwyn-Honours-Project/PenGwyn/Content/UI/Widgits/UI_PlayerCombat.uasset" 2749
"C:/Users/2101501/Documents/GitHub/PenGwyn-Honours-Project/PenGwyn/Content/UI/Widgits/UI_PlayerCombat.uexp" 2750
"C:/Users/2101501/Documents/GitHub/PenGwyn-Honours-Project/PenGwyn/Content/UI/Widgits/UI_PauseMenu.uasset" 2751
"C:/Users/2101501/Documents/GitHub/PenGwyn-Honours-Project/PenGwyn/Content/UI/Widgits/UI_PauseMenu.uexp" 2752
"C:/Users/2101501/Documents/GitHub/PenGwyn-Honours-Project/PenGwyn/Content/FlatIconsFreeSamplePack/128/T_Sprint_2_128.uasset" 2753
"C:/Users/2101501/Documents/GitHub/PenGwyn-Honours-Project/PenGwyn/Content/FlatIconsFreeSamplePack/128/T_Sprint_2_128.uexp" 2754
"C:/Users/2101501/Documents/GitHub/PenGwyn-Honours-Project/PenGwyn/Content/FlatIconsFreeSamplePack/128/T_Skill_Shield_128.uasset" 2755
"C:/Users/2101501/Documents/GitHub/PenGwyn-Honours-Project/PenGwyn/Content/FlatIconsFreeSamplePack/128/T_Skill_Shield_128.uexp" 2756
"C:/Users/2101501/Documents/GitHub/PenGwyn-Honours-Project/PenGwyn/Content/FlatIconsFreeSamplePack/128/T_Potion_128.uasset" 2757
"C:/Users/2101501/Documents/GitHub/PenGwyn-Honours-Project/PenGwyn/Content/FlatIconsFreeSamplePack/128/T_Potion_128.uexp" 2758
"C:/Users/2101501/Documents/GitHub/PenGwyn-Honours-Project/PenGwyn/Content/FlatIconsFreeSamplePack/128/T_Gun_128.uasset" 2759
"C:/Users/2101501/Documents/GitHub/PenGwyn-Honours-Project/PenGwyn/Content/FlatIconsFreeSamplePack/128/T_Gun_128.uexp" 2760
"C:/Users/2101501/Documents/GitHub/PenGwyn-Honours-Project/PenGwyn/Content/FlatIconsFreeSamplePack/128/T_Crosshair_128.uasset" 2761
"C:/Users/2101501/Documents/GitHub/PenGwyn-Honours-Project/PenGwyn/Content/FlatIconsFreeSamplePack/128/T_Crosshair_128.uexp" 2762
"C:/Users/2101501/Documents/GitHub/PenGwyn-Honours-Project/PenGwyn/Content/FlatIconsFreeSamplePack/128/T_Arrow_128.uasset" 2763
"C:/Users/2101501/Documents/GitHub/PenGwyn-Honours-Project/PenGwyn/Content/FlatIconsFreeSamplePack/128/T_Arrow_128.uexp" 2764
"C:/Users/2101501/Documents/GitHub/PenGwyn-Honours-Project/PenGwyn/Content/UI/Widgits/UI_Options.uasset" 2765
"C:/Users/2101501/Documents/GitHub/PenGwyn-Honours-Project/PenGwyn/Content/UI/Widgits/UI_Options.uexp" 2766
"C:/Users/2101501/Documents/GitHub/PenGwyn-Honours-Project/PenGwyn/Content/IronSpear_Content/Iron_Juggernaut/Meshes/SKM_LowPoly.uasset" 2767
"C:/Users/2101501/Documents/GitHub/PenGwyn-Honours-Project/PenGwyn/Content/IronSpear_Content/Iron_Juggernaut/Meshes/SKM_LowPoly.uexp" 2768
"C:/Users/2101501/Documents/GitHub/PenGwyn-Honours-Project/PenGwyn/Content/Experience/Animations/Emote_Taunt_SwordPoint_T1.uasset" 2769
"C:/Users/2101501/Documents/GitHub/PenGwyn-Honours-Project/PenGwyn/Content/Experience/Animations/Emote_Taunt_SwordPoint_T1.uexp" 2770
"C:/Users/2101501/Documents/GitHub/PenGwyn-Honours-Project/PenGwyn/Content/Experience/Animations/AM_Emote_Taunt_SwordPoint_T1_Montage.uasset" 2771
"C:/Users/2101501/Documents/GitHub/PenGwyn-Honours-Project/PenGwyn/Content/Experience/Animations/AM_Emote_Taunt_SwordPoint_T1_Montage.uexp" 2772
"C:/Users/2101501/Documents/GitHub/PenGwyn-Honours-Project/PenGwyn/Content/Experience/Animations/Emote_Taunt_BringItOn_T1.uasset" 2773
"C:/Users/2101501/Documents/GitHub/PenGwyn-Honours-Project/PenGwyn/Content/Experience/Animations/Emote_Taunt_BringItOn_T1.uexp" 2774
"C:/Users/2101501/Documents/GitHub/PenGwyn-Honours-Project/PenGwyn/Content/Experience/Animations/AM_Emote_Taunt_BringItOn_T1_Montage.uasset" 2775
"C:/Users/2101501/Documents/GitHub/PenGwyn-Honours-Project/PenGwyn/Content/Experience/Animations/AM_Emote_Taunt_BringItOn_T1_Montage.uexp" 2776
"C:/Users/2101501/Documents/GitHub/PenGwyn-Honours-Project/PenGwyn/Content/Experience/Animations/Emote_Boogie.uasset" 2777
"C:/Users/2101501/Documents/GitHub/PenGwyn-Honours-Project/PenGwyn/Content/Experience/Animations/Emote_Boogie.uexp" 2778
"C:/Users/2101501/Documents/GitHub/PenGwyn-Honours-Project/PenGwyn/Content/Experience/Animations/AM_Emote_Boogie_Montage.uasset" 2779
"C:/Users/2101501/Documents/GitHub/PenGwyn-Honours-Project/PenGwyn/Content/Experience/Animations/AM_Emote_Boogie_Montage.uexp" 2780
"C:/Users/2101501/Documents/GitHub/PenGwyn-Honours-Project/PenGwyn/Content/Experience/Animations/Ability_Ultimate.uasset" 2781
"C:/Users/2101501/Documents/GitHub/PenGwyn-Honours-Project/PenGwyn/Content/Experience/Animations/Ability_Ultimate.uexp" 2782
"C:/Users/2101501/Documents/GitHub/PenGwyn-Honours-Project/PenGwyn/Content/Experience/Animations/AM_Ability_Ultimate_Montage.uasset" 2783
"C:/Users/2101501/Documents/GitHub/PenGwyn-Honours-Project/PenGwyn/Content/Experience/Animations/AM_Ability_Ultimate_Montage.uexp" 2784
"C:/Users/2101501/Documents/GitHub/PenGwyn-Honours-Project/PenGwyn/Content/ThirdPerson/Blueprints/MenuCharacter.uasset" 2785
"C:/Users/2101501/Documents/GitHub/PenGwyn-Honours-Project/PenGwyn/Content/ThirdPerson/Blueprints/MenuCharacter.uexp" 2786
"C:/Users/2101501/Documents/GitHub/PenGwyn-Honours-Project/PenGwyn/Content/UI/textures/PenGwynSecondRunFormQR.uasset" 2787
"C:/Users/2101501/Documents/GitHub/PenGwyn-Honours-Project/PenGwyn/Content/UI/textures/PenGwynSecondRunFormQR.uexp" 2788
"C:/Users/2101501/Documents/GitHub/PenGwyn-Honours-Project/PenGwyn/Content/UI/textures/PenGwynFirstRunFormQR.uasset" 2789
"C:/Users/2101501/Documents/GitHub/PenGwyn-Honours-Project/PenGwyn/Content/UI/textures/PenGwynFirstRunFormQR.uexp" 2790
"C:/Users/2101501/Documents/GitHub/PenGwyn-Honours-Project/PenGwyn/Content/UI/textures/ArtistPFP.uasset" 2791
"C:/Users/2101501/Documents/GitHub/PenGwyn-Honours-Project/PenGwyn/Content/UI/textures/ArtistPFP.uexp" 2792
"C:/Users/2101501/Documents/GitHub/PenGwyn-Honours-Project/PenGwyn/Content/UI/Widgits/UI_Info.uasset" 2793
"C:/Users/2101501/Documents/GitHub/PenGwyn-Honours-Project/PenGwyn/Content/UI/Widgits/UI_Info.uexp" 2794
"C:/Users/2101501/Documents/GitHub/PenGwyn-Honours-Project/PenGwyn/Content/UI/Widgits/UI_MainMenu.uasset" 2795
"C:/Users/2101501/Documents/GitHub/PenGwyn-Honours-Project/PenGwyn/Content/UI/Widgits/UI_MainMenu.uexp" 2796
"C:/Users/2101501/Documents/GitHub/PenGwyn-Honours-Project/PenGwyn/Content/ThirdPerson/Maps/MenuGameMode.uasset" 2797
"C:/Users/2101501/Documents/GitHub/PenGwyn-Honours-Project/PenGwyn/Content/ThirdPerson/Maps/MenuGameMode.uexp" 2798
"C:/Users/2101501/Documents/GitHub/PenGwyn-Honours-Project/PenGwyn/Content/Abandoned_Cathedral/Assets/forniture_1-2-3/Static_Mesh/SM_forniture_5.ubulk" 2799
"C:/Users/2101501/Documents/GitHub/PenGwyn-Honours-Project/PenGwyn/Content/Abandoned_Cathedral/Assets/forniture_1-2-3/Static_Mesh/SM_forniture_5.uasset" 2800
"C:/Users/2101501/Documents/GitHub/PenGwyn-Honours-Project/PenGwyn/Content/Abandoned_Cathedral/Assets/forniture_1-2-3/Static_Mesh/SM_forniture_5.uexp" 2801
"C:/Users/2101501/Documents/GitHub/PenGwyn-Honours-Project/PenGwyn/Content/Abandoned_Cathedral/Assets/wall_10_11_12/Static_Mesh/SM_wall_11.ubulk" 2802
"C:/Users/2101501/Documents/GitHub/PenGwyn-Honours-Project/PenGwyn/Content/Abandoned_Cathedral/Assets/wall_10_11_12/Static_Mesh/SM_wall_11.uasset" 2803
"C:/Users/2101501/Documents/GitHub/PenGwyn-Honours-Project/PenGwyn/Content/Abandoned_Cathedral/Assets/wall_10_11_12/Static_Mesh/SM_wall_11.uexp" 2804
"C:/Users/2101501/Documents/GitHub/PenGwyn-Honours-Project/PenGwyn/Content/Abandoned_Cathedral/Assets/Candle/Static_Mesh/SM_Candle_3.ubulk" 2805
"C:/Users/2101501/Documents/GitHub/PenGwyn-Honours-Project/PenGwyn/Content/Abandoned_Cathedral/Assets/Candle/Static_Mesh/SM_Candle_3.uasset" 2806
"C:/Users/2101501/Documents/GitHub/PenGwyn-Honours-Project/PenGwyn/Content/Abandoned_Cathedral/Assets/Candle/Static_Mesh/SM_Candle_3.uexp" 2807
"C:/Users/2101501/Documents/GitHub/PenGwyn-Honours-Project/PenGwyn/Content/Abandoned_Cathedral/Assets/forniture_4/Static_Mesh/SM_forniture_9.ubulk" 2808
"C:/Users/2101501/Documents/GitHub/PenGwyn-Honours-Project/PenGwyn/Content/Abandoned_Cathedral/Assets/forniture_4/Static_Mesh/SM_forniture_9.uasset" 2809
"C:/Users/2101501/Documents/GitHub/PenGwyn-Honours-Project/PenGwyn/Content/Abandoned_Cathedral/Assets/forniture_4/Static_Mesh/SM_forniture_9.uexp" 2810
"C:/Users/2101501/Documents/GitHub/PenGwyn-Honours-Project/PenGwyn/Content/Abandoned_Cathedral/Foliage/Nanite_Foliage/Ivy_01/Material_Instance/MI_ivy_01.uasset" 2811
"C:/Users/2101501/Documents/GitHub/PenGwyn-Honours-Project/PenGwyn/Content/Abandoned_Cathedral/Foliage/Nanite_Foliage/Ivy_01/Material_Instance/MI_ivy_01.uexp" 2812
"C:/Users/2101501/Documents/GitHub/PenGwyn-Honours-Project/PenGwyn/Content/Abandoned_Cathedral/Foliage/Nanite_Foliage/Ivy_01/Material_Instance/MI_Bark_04.uasset" 2813
"C:/Users/2101501/Documents/GitHub/PenGwyn-Honours-Project/PenGwyn/Content/Abandoned_Cathedral/Foliage/Nanite_Foliage/Ivy_01/Material_Instance/MI_Bark_04.uexp" 2814
"C:/Users/2101501/Documents/GitHub/PenGwyn-Honours-Project/PenGwyn/Content/Abandoned_Cathedral/Foliage/Nanite_Foliage/Ivy_01/Static_Mesh/SM_ivy_01.ubulk" 2815
"C:/Users/2101501/Documents/GitHub/PenGwyn-Honours-Project/PenGwyn/Content/Abandoned_Cathedral/Foliage/Nanite_Foliage/Ivy_01/Static_Mesh/SM_ivy_01.uasset" 2816
"C:/Users/2101501/Documents/GitHub/PenGwyn-Honours-Project/PenGwyn/Content/Abandoned_Cathedral/Foliage/Nanite_Foliage/Ivy_01/Static_Mesh/SM_ivy_01.uexp" 2817
"C:/Users/2101501/Documents/GitHub/PenGwyn-Honours-Project/PenGwyn/Content/RPG_Starter_Pack_III/RPG_Music_Themes/WAVs/Legendary_Age/Legendary_Age_FullSong.ubulk" 2818
"C:/Users/2101501/Documents/GitHub/PenGwyn-Honours-Project/PenGwyn/Content/RPG_Starter_Pack_III/RPG_Music_Themes/WAVs/Legendary_Age/Legendary_Age_FullSong.uasset" 2819
"C:/Users/2101501/Documents/GitHub/PenGwyn-Honours-Project/PenGwyn/Content/RPG_Starter_Pack_III/RPG_Music_Themes/WAVs/Legendary_Age/Legendary_Age_FullSong.uexp" 2820
"C:/Users/2101501/Documents/GitHub/PenGwyn-Honours-Project/PenGwyn/Content/ThirdPerson/Maps/MainMenu.uexp" 2821
"C:/Users/2101501/Documents/GitHub/PenGwyn-Honours-Project/PenGwyn/Content/ThirdPerson/Maps/MainMenu.umap" 2822
"C:/Users/2101501/Documents/GitHub/PenGwyn-Honours-Project/PenGwyn/Content/StarterContent/Textures/T_Tech_Panel_M.ubulk" 2823
"C:/Users/2101501/Documents/GitHub/PenGwyn-Honours-Project/PenGwyn/Content/StarterContent/Textures/T_Tech_Panel_M.uasset" 2824
"C:/Users/2101501/Documents/GitHub/PenGwyn-Honours-Project/PenGwyn/Content/StarterContent/Textures/T_Tech_Panel_M.uexp" 2825
"C:/Users/2101501/Documents/GitHub/PenGwyn-Honours-Project/PenGwyn/Content/Experience/Blueprints/AI/BP_AI_Spawner_Base.uasset" 2826
"C:/Users/2101501/Documents/GitHub/PenGwyn-Honours-Project/PenGwyn/Content/Experience/Blueprints/AI/BP_AI_Spawner_Base.uexp" 2827
"C:/Users/2101501/Documents/GitHub/PenGwyn-Honours-Project/PenGwyn/Content/ParagonTerra/Characters/Heroes/Terra/Meshes/Terra_ShadowCyl.uasset" 2828
"C:/Users/2101501/Documents/GitHub/PenGwyn-Honours-Project/PenGwyn/Content/ParagonTerra/Characters/Heroes/Terra/Meshes/Terra_ShadowCyl.uexp" 2829
"C:/Users/2101501/Documents/GitHub/PenGwyn-Honours-Project/PenGwyn/Content/ParagonTerra/Characters/Heroes/Terra/Meshes/Terra_Extents.uasset" 2830
"C:/Users/2101501/Documents/GitHub/PenGwyn-Honours-Project/PenGwyn/Content/ParagonTerra/Characters/Heroes/Terra/Meshes/Terra_Extents.uexp" 2831
"C:/Users/2101501/Documents/GitHub/PenGwyn-Honours-Project/PenGwyn/Content/ParagonTerra/Characters/Heroes/Terra/Meshes/Terra_Cloth_Collisions.uasset" 2832
"C:/Users/2101501/Documents/GitHub/PenGwyn-Honours-Project/PenGwyn/Content/ParagonTerra/Characters/Heroes/Terra/Meshes/Terra_Cloth_Collisions.uexp" 2833
"../../../Engine/Content/Functions/Engine_MaterialFunctions01/ImageAdjustment/BlurSampleOffsets.uasset" 2834
"../../../Engine/Content/Functions/Engine_MaterialFunctions01/ImageAdjustment/BlurSampleOffsets.uexp" 2835
"../../../Engine/Content/Functions/Engine_MaterialFunctions02/Utility/CameraVectorWithWPOOptions.uasset" 2836
"../../../Engine/Content/Functions/Engine_MaterialFunctions02/Utility/CameraVectorWithWPOOptions.uexp" 2837
"../../../Engine/Content/Functions/Engine_MaterialFunctions01/ImageAdjustment/SceneTextureAverage.uasset" 2838
"../../../Engine/Content/Functions/Engine_MaterialFunctions01/ImageAdjustment/SceneTextureAverage.uexp" 2839
"C:/Users/2101501/Documents/GitHub/PenGwyn-Honours-Project/PenGwyn/Content/ParagonTerra/Characters/Global/Eyes/Textures/T_EyeOcclusion2.ubulk" 2840
"C:/Users/2101501/Documents/GitHub/PenGwyn-Honours-Project/PenGwyn/Content/ParagonTerra/Characters/Global/Eyes/Textures/T_EyeOcclusion2.uasset" 2841
"C:/Users/2101501/Documents/GitHub/PenGwyn-Honours-Project/PenGwyn/Content/ParagonTerra/Characters/Global/Eyes/Textures/T_EyeOcclusion2.uexp" 2842
"C:/Users/2101501/Documents/GitHub/PenGwyn-Honours-Project/PenGwyn/Content/ParagonTerra/Characters/Heroes/Terra/Materials/M_Terra_Eye_Occlusion_Demo.uasset" 2843
"C:/Users/2101501/Documents/GitHub/PenGwyn-Honours-Project/PenGwyn/Content/ParagonTerra/Characters/Heroes/Terra/Materials/M_Terra_Eye_Occlusion_Demo.uexp" 2844
"../../../Engine/Content/Functions/Engine_MaterialFunctions01/Texturing/WorldAlignedTexture.uasset" 2845
"../../../Engine/Content/Functions/Engine_MaterialFunctions01/Texturing/WorldAlignedTexture.uexp" 2846
"../../../Engine/Content/Functions/MaterialLayerFunctions/MatLayerBlend_Standard.uasset" 2847
"../../../Engine/Content/Functions/MaterialLayerFunctions/MatLayerBlend_Standard.uexp" 2848
"C:/Users/2101501/Documents/GitHub/PenGwyn-Honours-Project/PenGwyn/Content/ParagonTerra/Characters/Global/ParameterCollections/OrionGlobalGameplayCollection.uasset" 2849
"C:/Users/2101501/Documents/GitHub/PenGwyn-Honours-Project/PenGwyn/Content/ParagonTerra/Characters/Global/ParameterCollections/OrionGlobalGameplayCollection.uexp" 2850
"../../../Engine/Content/Functions/Engine_MaterialFunctions03/Blends/Lerp_ScratchGrime.uasset" 2851
"../../../Engine/Content/Functions/Engine_MaterialFunctions03/Blends/Lerp_ScratchGrime.uexp" 2852
"C:/Users/2101501/Documents/GitHub/PenGwyn-Honours-Project/PenGwyn/Content/ParagonTerra/Characters/Global/MaterialLayers/T_TestML_Mask.ubulk" 2853
"C:/Users/2101501/Documents/GitHub/PenGwyn-Honours-Project/PenGwyn/Content/ParagonTerra/Characters/Global/MaterialLayers/T_TestML_Mask.uasset" 2854
"C:/Users/2101501/Documents/GitHub/PenGwyn-Honours-Project/PenGwyn/Content/ParagonTerra/Characters/Global/MaterialLayers/T_TestML_Mask.uexp" 2855
"../../../Engine/Content/EngineMaterials/DefaultNormal.ubulk" 2856
"../../../Engine/Content/EngineMaterials/DefaultNormal.uasset" 2857
"../../../Engine/Content/EngineMaterials/DefaultNormal.uexp" 2858
"C:/Users/2101501/Documents/GitHub/PenGwyn-Honours-Project/PenGwyn/Content/ParagonTerra/Characters/Global/MaterialLayers/ML__Blank.uasset" 2859
"C:/Users/2101501/Documents/GitHub/PenGwyn-Honours-Project/PenGwyn/Content/ParagonTerra/Characters/Global/MaterialLayers/ML__Blank.uexp" 2860
"../../../Engine/Content/Functions/MaterialLayerFunctions/MatLayerBlend_Emissive.uasset" 2861
"../../../Engine/Content/Functions/MaterialLayerFunctions/MatLayerBlend_Emissive.uexp" 2862
"../../../Engine/Content/Functions/MaterialLayerFunctions/MatLayerBlend_BreakBaseColor.uasset" 2863
"../../../Engine/Content/Functions/MaterialLayerFunctions/MatLayerBlend_BreakBaseColor.uexp" 2864
"../../../Engine/Content/Functions/MaterialLayerFunctions/MatLayerBlend_OverrideBaseColor.uasset" 2865
"../../../Engine/Content/Functions/MaterialLayerFunctions/MatLayerBlend_OverrideBaseColor.uexp" 2866
"../../../Engine/Content/Functions/Engine_MaterialFunctions01/Shading/MetallicShading.uasset" 2867
"../../../Engine/Content/Functions/Engine_MaterialFunctions01/Shading/MetallicShading.uexp" 2868
"C:/Users/2101501/Documents/GitHub/PenGwyn-Honours-Project/PenGwyn/Content/ParagonTerra/Characters/Global/MaterialFunctions/MaterialLayerConstructors/MLC_ScratchAndGrime.uasset" 2869
"C:/Users/2101501/Documents/GitHub/PenGwyn-Honours-Project/PenGwyn/Content/ParagonTerra/Characters/Global/MaterialFunctions/MaterialLayerConstructors/MLC_ScratchAndGrime.uexp" 2870
"C:/Users/2101501/Documents/GitHub/PenGwyn-Honours-Project/PenGwyn/Content/ParagonTerra/Characters/Global/MaterialFunctions/MaterialLayerConstructors/MLC_Standard.uasset" 2871
"C:/Users/2101501/Documents/GitHub/PenGwyn-Honours-Project/PenGwyn/Content/ParagonTerra/Characters/Global/MaterialFunctions/MaterialLayerConstructors/MLC_Standard.uexp" 2872
"C:/Users/2101501/Documents/GitHub/PenGwyn-Honours-Project/PenGwyn/Content/ParagonTerra/Characters/Global/MaterialLayers/Rubber/T_Blank_N.uasset" 2873
"C:/Users/2101501/Documents/GitHub/PenGwyn-Honours-Project/PenGwyn/Content/ParagonTerra/Characters/Global/MaterialLayers/Rubber/T_Blank_N.uexp" 2874
"C:/Users/2101501/Documents/GitHub/PenGwyn-Honours-Project/PenGwyn/Content/ParagonTerra/Characters/Global/MaterialLayers/Metal/T_Blue_Metal02.ubulk" 2875
"C:/Users/2101501/Documents/GitHub/PenGwyn-Honours-Project/PenGwyn/Content/ParagonTerra/Characters/Global/MaterialLayers/Metal/T_Blue_Metal02.uasset" 2876
"C:/Users/2101501/Documents/GitHub/PenGwyn-Honours-Project/PenGwyn/Content/ParagonTerra/Characters/Global/MaterialLayers/Metal/T_Blue_Metal02.uexp" 2877
"C:/Users/2101501/Documents/GitHub/PenGwyn-Honours-Project/PenGwyn/Content/ParagonTerra/Characters/Global/MaterialLayers/Metal/ML_blue_Metal.uasset" 2878
"C:/Users/2101501/Documents/GitHub/PenGwyn-Honours-Project/PenGwyn/Content/ParagonTerra/Characters/Global/MaterialLayers/Metal/ML_blue_Metal.uexp" 2879
"C:/Users/2101501/Documents/GitHub/PenGwyn-Honours-Project/PenGwyn/Content/ParagonTerra/Characters/Global/MaterialFunctions/MF_OrionRimlight.uasset" 2880
"C:/Users/2101501/Documents/GitHub/PenGwyn-Honours-Project/PenGwyn/Content/ParagonTerra/Characters/Global/MaterialFunctions/MF_OrionRimlight.uexp" 2881
"../../../Engine/Content/Functions/MaterialLayerFunctions/MatLayerBlend_Tint.uasset" 2882
"../../../Engine/Content/Functions/MaterialLayerFunctions/MatLayerBlend_Tint.uexp" 2883
"C:/Users/2101501/Documents/GitHub/PenGwyn-Honours-Project/PenGwyn/Content/ParagonTerra/Characters/Global/MaterialFunctions/MF_HitFlash.uasset" 2884
"C:/Users/2101501/Documents/GitHub/PenGwyn-Honours-Project/PenGwyn/Content/ParagonTerra/Characters/Global/MaterialFunctions/MF_HitFlash.uexp" 2885
"C:/Users/2101501/Documents/GitHub/PenGwyn-Honours-Project/PenGwyn/Content/ParagonTerra/Characters/Global/MaterialFunctions/Textures/T_AtmosphericCloudNoise03.ubulk" 2886
"C:/Users/2101501/Documents/GitHub/PenGwyn-Honours-Project/PenGwyn/Content/ParagonTerra/Characters/Global/MaterialFunctions/Textures/T_AtmosphericCloudNoise03.uasset" 2887
"C:/Users/2101501/Documents/GitHub/PenGwyn-Honours-Project/PenGwyn/Content/ParagonTerra/Characters/Global/MaterialFunctions/Textures/T_AtmosphericCloudNoise03.uexp" 2888
"C:/Users/2101501/Documents/GitHub/PenGwyn-Honours-Project/PenGwyn/Content/ParagonTerra/Characters/Global/MaterialFunctions/Textures/T_AtmosphericCloudNoise01_N.ubulk" 2889
"C:/Users/2101501/Documents/GitHub/PenGwyn-Honours-Project/PenGwyn/Content/ParagonTerra/Characters/Global/MaterialFunctions/Textures/T_AtmosphericCloudNoise01_N.uasset" 2890
"C:/Users/2101501/Documents/GitHub/PenGwyn-Honours-Project/PenGwyn/Content/ParagonTerra/Characters/Global/MaterialFunctions/Textures/T_AtmosphericCloudNoise01_N.uexp" 2891
"C:/Users/2101501/Documents/GitHub/PenGwyn-Honours-Project/PenGwyn/Content/ParagonTerra/Characters/Global/MaterialFunctions/Textures/T_AtmosphericCloudNoise01.ubulk" 2892
"C:/Users/2101501/Documents/GitHub/PenGwyn-Honours-Project/PenGwyn/Content/ParagonTerra/Characters/Global/MaterialFunctions/Textures/T_AtmosphericCloudNoise01.uasset" 2893
"C:/Users/2101501/Documents/GitHub/PenGwyn-Honours-Project/PenGwyn/Content/ParagonTerra/Characters/Global/MaterialFunctions/Textures/T_AtmosphericCloudNoise01.uexp" 2894
"C:/Users/2101501/Documents/GitHub/PenGwyn-Honours-Project/PenGwyn/Content/ParagonTerra/Characters/Global/MaterialFunctions/MF_DeathFade.uasset" 2895
"C:/Users/2101501/Documents/GitHub/PenGwyn-Honours-Project/PenGwyn/Content/ParagonTerra/Characters/Global/MaterialFunctions/MF_DeathFade.uexp" 2896
"C:/Users/2101501/Documents/GitHub/PenGwyn-Honours-Project/PenGwyn/Content/ParagonTerra/Characters/Global/MaterialFunctions/MF_BrightnessAdjust.uasset" 2897
"C:/Users/2101501/Documents/GitHub/PenGwyn-Honours-Project/PenGwyn/Content/ParagonTerra/Characters/Global/MaterialFunctions/MF_BrightnessAdjust.uexp" 2898
"C:/Users/2101501/Documents/GitHub/PenGwyn-Honours-Project/PenGwyn/Content/ParagonTerra/Characters/Global/MaterialFunctions/MF_CharacterEffects.uasset" 2899
"C:/Users/2101501/Documents/GitHub/PenGwyn-Honours-Project/PenGwyn/Content/ParagonTerra/Characters/Global/MaterialFunctions/MF_CharacterEffects.uexp" 2900
"C:/Users/2101501/Documents/GitHub/PenGwyn-Honours-Project/PenGwyn/Content/ParagonTerra/Characters/Global/Mouth/Textures/T_Master_Mouth_1_RGB.ubulk" 2901
"C:/Users/2101501/Documents/GitHub/PenGwyn-Honours-Project/PenGwyn/Content/ParagonTerra/Characters/Global/Mouth/Textures/T_Master_Mouth_1_RGB.uasset" 2902
"C:/Users/2101501/Documents/GitHub/PenGwyn-Honours-Project/PenGwyn/Content/ParagonTerra/Characters/Global/Mouth/Textures/T_Master_Mouth_1_RGB.uexp" 2903
"C:/Users/2101501/Documents/GitHub/PenGwyn-Honours-Project/PenGwyn/Content/ParagonTerra/Characters/Global/Mouth/Textures/T_Master_Mouth_1_N.ubulk" 2904
"C:/Users/2101501/Documents/GitHub/PenGwyn-Honours-Project/PenGwyn/Content/ParagonTerra/Characters/Global/Mouth/Textures/T_Master_Mouth_1_N.uasset" 2905
"C:/Users/2101501/Documents/GitHub/PenGwyn-Honours-Project/PenGwyn/Content/ParagonTerra/Characters/Global/Mouth/Textures/T_Master_Mouth_1_N.uexp" 2906
"C:/Users/2101501/Documents/GitHub/PenGwyn-Honours-Project/PenGwyn/Content/ParagonTerra/Characters/Global/Mouth/Textures/T_Master_Mouth_1_COLOR.ubulk" 2907
"C:/Users/2101501/Documents/GitHub/PenGwyn-Honours-Project/PenGwyn/Content/ParagonTerra/Characters/Global/Mouth/Textures/T_Master_Mouth_1_COLOR.uasset" 2908
"C:/Users/2101501/Documents/GitHub/PenGwyn-Honours-Project/PenGwyn/Content/ParagonTerra/Characters/Global/Mouth/Textures/T_Master_Mouth_1_COLOR.uexp" 2909
"C:/Users/2101501/Documents/GitHub/PenGwyn-Honours-Project/PenGwyn/Content/ParagonTerra/Characters/Global/Mouth/Materials/SSP_TeethSubsurfaceProfile.uasset" 2910
"C:/Users/2101501/Documents/GitHub/PenGwyn-Honours-Project/PenGwyn/Content/ParagonTerra/Characters/Global/Mouth/Materials/SSP_TeethSubsurfaceProfile.uexp" 2911
"C:/Users/2101501/Documents/GitHub/PenGwyn-Honours-Project/PenGwyn/Content/ParagonTerra/Characters/Global/Mouth/Materials/M_Mouth_Master.uasset" 2912
"C:/Users/2101501/Documents/GitHub/PenGwyn-Honours-Project/PenGwyn/Content/ParagonTerra/Characters/Global/Mouth/Materials/M_Mouth_Master.uexp" 2913
"C:/Users/2101501/Documents/GitHub/PenGwyn-Honours-Project/PenGwyn/Content/ParagonTerra/Characters/Global/Mouth/Textures/T_TeethAndTongue_D2.ubulk" 2914
"C:/Users/2101501/Documents/GitHub/PenGwyn-Honours-Project/PenGwyn/Content/ParagonTerra/Characters/Global/Mouth/Textures/T_TeethAndTongue_D2.uasset" 2915
"C:/Users/2101501/Documents/GitHub/PenGwyn-Honours-Project/PenGwyn/Content/ParagonTerra/Characters/Global/Mouth/Textures/T_TeethAndTongue_D2.uexp" 2916
"C:/Users/2101501/Documents/GitHub/PenGwyn-Honours-Project/PenGwyn/Content/ParagonTerra/Characters/Global/Mouth/Textures/T_TeethAndTongue_N.ubulk" 2917
"C:/Users/2101501/Documents/GitHub/PenGwyn-Honours-Project/PenGwyn/Content/ParagonTerra/Characters/Global/Mouth/Textures/T_TeethAndTongue_N.uasset" 2918
"C:/Users/2101501/Documents/GitHub/PenGwyn-Honours-Project/PenGwyn/Content/ParagonTerra/Characters/Global/Mouth/Textures/T_TeethAndTongue_N.uexp" 2919
"C:/Users/2101501/Documents/GitHub/PenGwyn-Honours-Project/PenGwyn/Content/ParagonTerra/Characters/Heroes/Terra/Materials/M_Terra_Mouth_MId_color_Demo.uasset" 2920
"C:/Users/2101501/Documents/GitHub/PenGwyn-Honours-Project/PenGwyn/Content/ParagonTerra/Characters/Heroes/Terra/Materials/M_Terra_Mouth_MId_color_Demo.uexp" 2921
"C:/Users/2101501/Documents/GitHub/PenGwyn-Honours-Project/PenGwyn/Content/ParagonTerra/Characters/Heroes/Terra/Materials/M_Terra_TearLine_Demo.uasset" 2922
"C:/Users/2101501/Documents/GitHub/PenGwyn-Honours-Project/PenGwyn/Content/ParagonTerra/Characters/Heroes/Terra/Materials/M_Terra_TearLine_Demo.uexp" 2923
"C:/Users/2101501/Documents/GitHub/PenGwyn-Honours-Project/PenGwyn/Content/ParagonTerra/Characters/Global/Eyelash/T_Universal_Eyelashes_D.ubulk" 2924
"C:/Users/2101501/Documents/GitHub/PenGwyn-Honours-Project/PenGwyn/Content/ParagonTerra/Characters/Global/Eyelash/T_Universal_Eyelashes_D.uasset" 2925
"C:/Users/2101501/Documents/GitHub/PenGwyn-Honours-Project/PenGwyn/Content/ParagonTerra/Characters/Global/Eyelash/T_Universal_Eyelashes_D.uexp" 2926
"C:/Users/2101501/Documents/GitHub/PenGwyn-Honours-Project/PenGwyn/Content/ParagonTerra/Characters/Global/Eyelash/M_EyelashMaster.uasset" 2927
"C:/Users/2101501/Documents/GitHub/PenGwyn-Honours-Project/PenGwyn/Content/ParagonTerra/Characters/Global/Eyelash/M_EyelashMaster.uexp" 2928
"C:/Users/2101501/Documents/GitHub/PenGwyn-Honours-Project/PenGwyn/Content/ParagonTerra/Characters/Heroes/Terra/Materials/MI_Terra_EyelashMaster.uasset" 2929
"C:/Users/2101501/Documents/GitHub/PenGwyn-Honours-Project/PenGwyn/Content/ParagonTerra/Characters/Heroes/Terra/Materials/MI_Terra_EyelashMaster.uexp" 2930
"../../../Engine/Content/Functions/Engine_MaterialFunctions02/HueShift.uasset" 2931
"../../../Engine/Content/Functions/Engine_MaterialFunctions02/HueShift.uexp" 2932
"C:/Users/2101501/Documents/GitHub/PenGwyn-Honours-Project/PenGwyn/Content/ParagonTerra/Characters/Heroes/Terra/Textures/T_Swirly_Noise.ubulk" 2933
"C:/Users/2101501/Documents/GitHub/PenGwyn-Honours-Project/PenGwyn/Content/ParagonTerra/Characters/Heroes/Terra/Textures/T_Swirly_Noise.uasset" 2934
"C:/Users/2101501/Documents/GitHub/PenGwyn-Honours-Project/PenGwyn/Content/ParagonTerra/Characters/Heroes/Terra/Textures/T_Swirly_Noise.uexp" 2935
"C:/Users/2101501/Documents/GitHub/PenGwyn-Honours-Project/PenGwyn/Content/ParagonTerra/Characters/Global/Eyes/Textures/Example/T_EyeIrisBaseColor_Example_2.ubulk" 2936
"C:/Users/2101501/Documents/GitHub/PenGwyn-Honours-Project/PenGwyn/Content/ParagonTerra/Characters/Global/Eyes/Textures/Example/T_EyeIrisBaseColor_Example_2.uasset" 2937
"C:/Users/2101501/Documents/GitHub/PenGwyn-Honours-Project/PenGwyn/Content/ParagonTerra/Characters/Global/Eyes/Textures/Example/T_EyeIrisBaseColor_Example_2.uexp" 2938
"C:/Users/2101501/Documents/GitHub/PenGwyn-Honours-Project/PenGwyn/Content/ParagonTerra/Characters/Global/Eyes/Textures/T_EpicQuadPanorama_CC.uasset" 2939
"C:/Users/2101501/Documents/GitHub/PenGwyn-Honours-Project/PenGwyn/Content/ParagonTerra/Characters/Global/Eyes/Textures/T_EpicQuadPanorama_CC.uexp" 2940
"C:/Users/2101501/Documents/GitHub/PenGwyn-Honours-Project/PenGwyn/Content/ParagonTerra/Characters/Global/Eyes/Textures/T_DecalMask_Radial03.ubulk" 2941
"C:/Users/2101501/Documents/GitHub/PenGwyn-Honours-Project/PenGwyn/Content/ParagonTerra/Characters/Global/Eyes/Textures/T_DecalMask_Radial03.uasset" 2942
"C:/Users/2101501/Documents/GitHub/PenGwyn-Honours-Project/PenGwyn/Content/ParagonTerra/Characters/Global/Eyes/Textures/T_DecalMask_Radial03.uexp" 2943
"C:/Users/2101501/Documents/GitHub/PenGwyn-Honours-Project/PenGwyn/Content/ParagonTerra/Characters/Global/Eyes/Textures/Example/T_Sphere_EYE_NORMALS.ubulk" 2944
"C:/Users/2101501/Documents/GitHub/PenGwyn-Honours-Project/PenGwyn/Content/ParagonTerra/Characters/Global/Eyes/Textures/Example/T_Sphere_EYE_NORMALS.uasset" 2945
"C:/Users/2101501/Documents/GitHub/PenGwyn-Honours-Project/PenGwyn/Content/ParagonTerra/Characters/Global/Eyes/Textures/Example/T_Sphere_EYE_NORMALS.uexp" 2946
"C:/Users/2101501/Documents/GitHub/PenGwyn-Honours-Project/PenGwyn/Content/ParagonTerra/Characters/Global/Eyes/Textures/Example/T_Eye_Wet_Normal.ubulk" 2947
"C:/Users/2101501/Documents/GitHub/PenGwyn-Honours-Project/PenGwyn/Content/ParagonTerra/Characters/Global/Eyes/Textures/Example/T_Eye_Wet_Normal.uasset" 2948
"C:/Users/2101501/Documents/GitHub/PenGwyn-Honours-Project/PenGwyn/Content/ParagonTerra/Characters/Global/Eyes/Textures/Example/T_Eye_Wet_Normal.uexp" 2949
"C:/Users/2101501/Documents/GitHub/PenGwyn-Honours-Project/PenGwyn/Content/ParagonTerra/Characters/Global/Eyes/Textures/Example/T_EYE_NORMALS.ubulk" 2950
"C:/Users/2101501/Documents/GitHub/PenGwyn-Honours-Project/PenGwyn/Content/ParagonTerra/Characters/Global/Eyes/Textures/Example/T_EYE_NORMALS.uasset" 2951
"C:/Users/2101501/Documents/GitHub/PenGwyn-Honours-Project/PenGwyn/Content/ParagonTerra/Characters/Global/Eyes/Textures/Example/T_EYE_NORMALS.uexp" 2952
"C:/Users/2101501/Documents/GitHub/PenGwyn-Honours-Project/PenGwyn/Content/ParagonTerra/Characters/Global/Eyes/Textures/Example/T_EyeScleraBaseColor_Example_2.ubulk" 2953
"C:/Users/2101501/Documents/GitHub/PenGwyn-Honours-Project/PenGwyn/Content/ParagonTerra/Characters/Global/Eyes/Textures/Example/T_EyeScleraBaseColor_Example_2.uasset" 2954
"C:/Users/2101501/Documents/GitHub/PenGwyn-Honours-Project/PenGwyn/Content/ParagonTerra/Characters/Global/Eyes/Textures/Example/T_EyeScleraBaseColor_Example_2.uexp" 2955
"C:/Users/2101501/Documents/GitHub/PenGwyn-Honours-Project/PenGwyn/Content/ParagonTerra/Characters/Global/Eyes/Textures/Example/T_EyeMidPlaneDisplacement_Example.ubulk" 2956
"C:/Users/2101501/Documents/GitHub/PenGwyn-Honours-Project/PenGwyn/Content/ParagonTerra/Characters/Global/Eyes/Textures/Example/T_EyeMidPlaneDisplacement_Example.uasset" 2957
"C:/Users/2101501/Documents/GitHub/PenGwyn-Honours-Project/PenGwyn/Content/ParagonTerra/Characters/Global/Eyes/Textures/Example/T_EyeMidPlaneDisplacement_Example.uexp" 2958
"C:/Users/2101501/Documents/GitHub/PenGwyn-Honours-Project/PenGwyn/Content/ParagonTerra/Characters/Global/Eyes/Textures/Example/SSP_EyeInner_Profile.uasset" 2959
"C:/Users/2101501/Documents/GitHub/PenGwyn-Honours-Project/PenGwyn/Content/ParagonTerra/Characters/Global/Eyes/Textures/Example/SSP_EyeInner_Profile.uexp" 2960
"C:/Users/2101501/Documents/GitHub/PenGwyn-Honours-Project/PenGwyn/Content/ParagonTerra/Characters/Global/Eyes/Textures/T_Terra_Corona_D.ubulk" 2961
"C:/Users/2101501/Documents/GitHub/PenGwyn-Honours-Project/PenGwyn/Content/ParagonTerra/Characters/Global/Eyes/Textures/T_Terra_Corona_D.uasset" 2962
"C:/Users/2101501/Documents/GitHub/PenGwyn-Honours-Project/PenGwyn/Content/ParagonTerra/Characters/Global/Eyes/Textures/T_Terra_Corona_D.uexp" 2963
"C:/Users/2101501/Documents/GitHub/PenGwyn-Honours-Project/PenGwyn/Content/ParagonTerra/Characters/Global/Eyes/Materials/ML_TerraULTEye.uasset" 2964
"C:/Users/2101501/Documents/GitHub/PenGwyn-Honours-Project/PenGwyn/Content/ParagonTerra/Characters/Global/Eyes/Materials/ML_TerraULTEye.uexp" 2965
"C:/Users/2101501/Documents/GitHub/PenGwyn-Honours-Project/PenGwyn/Content/ParagonTerra/Characters/Global/Eyes/MaterialFunctions/ML_EyeRefraction.uasset" 2966
"C:/Users/2101501/Documents/GitHub/PenGwyn-Honours-Project/PenGwyn/Content/ParagonTerra/Characters/Global/Eyes/MaterialFunctions/ML_EyeRefraction.uexp" 2967
"C:/Users/2101501/Documents/GitHub/PenGwyn-Honours-Project/PenGwyn/Content/ParagonTerra/Characters/Global/Eyes/Materials/M_EyeRefractive.uasset" 2968
"C:/Users/2101501/Documents/GitHub/PenGwyn-Honours-Project/PenGwyn/Content/ParagonTerra/Characters/Global/Eyes/Materials/M_EyeRefractive.uexp" 2969
"C:/Users/2101501/Documents/GitHub/PenGwyn-Honours-Project/PenGwyn/Content/ParagonTerra/Characters/Global/Eyes/Textures/Example/T_EyeIrisBaseColor_Example_5.ubulk" 2970
"C:/Users/2101501/Documents/GitHub/PenGwyn-Honours-Project/PenGwyn/Content/ParagonTerra/Characters/Global/Eyes/Textures/Example/T_EyeIrisBaseColor_Example_5.uasset" 2971
"C:/Users/2101501/Documents/GitHub/PenGwyn-Honours-Project/PenGwyn/Content/ParagonTerra/Characters/Global/Eyes/Textures/Example/T_EyeIrisBaseColor_Example_5.uexp" 2972
"C:/Users/2101501/Documents/GitHub/PenGwyn-Honours-Project/PenGwyn/Content/ParagonTerra/Characters/Heroes/Terra/Materials/MI_Terra_RefractiveEye_Blue.uasset" 2973
"C:/Users/2101501/Documents/GitHub/PenGwyn-Honours-Project/PenGwyn/Content/ParagonTerra/Characters/Heroes/Terra/Materials/MI_Terra_RefractiveEye_Blue.uexp" 2974
"C:/Users/2101501/Documents/GitHub/PenGwyn-Honours-Project/PenGwyn/Content/ParagonTerra/Characters/Heroes/Terra/Materials/SSP_Terra_Skin2.uasset" 2975
"C:/Users/2101501/Documents/GitHub/PenGwyn-Honours-Project/PenGwyn/Content/ParagonTerra/Characters/Heroes/Terra/Materials/SSP_Terra_Skin2.uexp" 2976
"C:/Users/2101501/Documents/GitHub/PenGwyn-Honours-Project/PenGwyn/Content/ParagonTerra/Characters/Heroes/Terra/Materials/M_Terra_PonyhairInside.uasset" 2977
"C:/Users/2101501/Documents/GitHub/PenGwyn-Honours-Project/PenGwyn/Content/ParagonTerra/Characters/Heroes/Terra/Materials/M_Terra_PonyhairInside.uexp" 2978
"C:/Users/2101501/Documents/GitHub/PenGwyn-Honours-Project/PenGwyn/Content/ParagonTerra/Characters/Heroes/Terra/Skins/MountainForge/Materials/M_Terra_PonyhairInside_Blue.uasset" 2979
"C:/Users/2101501/Documents/GitHub/PenGwyn-Honours-Project/PenGwyn/Content/ParagonTerra/Characters/Heroes/Terra/Skins/MountainForge/Materials/M_Terra_PonyhairInside_Blue.uexp" 2980
"C:/Users/2101501/Documents/GitHub/PenGwyn-Honours-Project/PenGwyn/Content/ParagonTerra/Characters/Heroes/Terra/Skins/MountainForge/Textures/T_Terra_MountainForge_Helmet_RGB.ubulk" 2981
"C:/Users/2101501/Documents/GitHub/PenGwyn-Honours-Project/PenGwyn/Content/ParagonTerra/Characters/Heroes/Terra/Skins/MountainForge/Textures/T_Terra_MountainForge_Helmet_RGB.uasset" 2982
"C:/Users/2101501/Documents/GitHub/PenGwyn-Honours-Project/PenGwyn/Content/ParagonTerra/Characters/Heroes/Terra/Skins/MountainForge/Textures/T_Terra_MountainForge_Helmet_RGB.uexp" 2983
"C:/Users/2101501/Documents/GitHub/PenGwyn-Honours-Project/PenGwyn/Content/ParagonTerra/Characters/Heroes/Terra/Skins/MountainForge/Textures/T_Terra_MountainForge_Helmet_N.ubulk" 2984
"C:/Users/2101501/Documents/GitHub/PenGwyn-Honours-Project/PenGwyn/Content/ParagonTerra/Characters/Heroes/Terra/Skins/MountainForge/Textures/T_Terra_MountainForge_Helmet_N.uasset" 2985
"C:/Users/2101501/Documents/GitHub/PenGwyn-Honours-Project/PenGwyn/Content/ParagonTerra/Characters/Heroes/Terra/Skins/MountainForge/Textures/T_Terra_MountainForge_Helmet_N.uexp" 2986
"C:/Users/2101501/Documents/GitHub/PenGwyn-Honours-Project/PenGwyn/Content/ParagonTerra/Characters/Heroes/Terra/Skins/MountainForge/Textures/T_Terra_MountainForge_Helmet_M.ubulk" 2987
"C:/Users/2101501/Documents/GitHub/PenGwyn-Honours-Project/PenGwyn/Content/ParagonTerra/Characters/Heroes/Terra/Skins/MountainForge/Textures/T_Terra_MountainForge_Helmet_M.uasset" 2988
"C:/Users/2101501/Documents/GitHub/PenGwyn-Honours-Project/PenGwyn/Content/ParagonTerra/Characters/Heroes/Terra/Skins/MountainForge/Textures/T_Terra_MountainForge_Helmet_M.uexp" 2989
"C:/Users/2101501/Documents/GitHub/PenGwyn-Honours-Project/PenGwyn/Content/ParagonTerra/Characters/Global/MaterialLayers/Skin/T_Pore_Normals2.ubulk" 2990
"C:/Users/2101501/Documents/GitHub/PenGwyn-Honours-Project/PenGwyn/Content/ParagonTerra/Characters/Global/MaterialLayers/Skin/T_Pore_Normals2.uasset" 2991
"C:/Users/2101501/Documents/GitHub/PenGwyn-Honours-Project/PenGwyn/Content/ParagonTerra/Characters/Global/MaterialLayers/Skin/T_Pore_Normals2.uexp" 2992
"C:/Users/2101501/Documents/GitHub/PenGwyn-Honours-Project/PenGwyn/Content/ParagonTerra/Characters/Global/MaterialLayers/Skin/T_Pore_Specular.ubulk" 2993
"C:/Users/2101501/Documents/GitHub/PenGwyn-Honours-Project/PenGwyn/Content/ParagonTerra/Characters/Global/MaterialLayers/Skin/T_Pore_Specular.uasset" 2994
"C:/Users/2101501/Documents/GitHub/PenGwyn-Honours-Project/PenGwyn/Content/ParagonTerra/Characters/Global/MaterialLayers/Skin/T_Pore_Specular.uexp" 2995
"C:/Users/2101501/Documents/GitHub/PenGwyn-Honours-Project/PenGwyn/Content/ParagonTerra/Characters/Global/MaterialFunctions/MF_SkinPores.uasset" 2996
"C:/Users/2101501/Documents/GitHub/PenGwyn-Honours-Project/PenGwyn/Content/ParagonTerra/Characters/Global/MaterialFunctions/MF_SkinPores.uexp" 2997
"C:/Users/2101501/Documents/GitHub/PenGwyn-Honours-Project/PenGwyn/Content/ParagonTerra/Characters/Global/T_Black_Linear.uasset" 2998
"C:/Users/2101501/Documents/GitHub/PenGwyn-Honours-Project/PenGwyn/Content/ParagonTerra/Characters/Global/T_Black_Linear.uexp" 2999
"C:/Users/2101501/Documents/GitHub/PenGwyn-Honours-Project/PenGwyn/Content/ParagonTerra/Characters/Global/MaterialFunctions/MF_OrionCharacterAO.uasset" 3000
"C:/Users/2101501/Documents/GitHub/PenGwyn-Honours-Project/PenGwyn/Content/ParagonTerra/Characters/Global/MaterialFunctions/MF_OrionCharacterAO.uexp" 3001
"../../../Engine/Content/Functions/MaterialLayerFunctions/MatLayerBlend_BakedNormal.uasset" 3002
"../../../Engine/Content/Functions/MaterialLayerFunctions/MatLayerBlend_BakedNormal.uexp" 3003
"../../../Engine/Content/Functions/MaterialLayerFunctions/MatLayerBlend_TenLayerBlend.uasset" 3004
"../../../Engine/Content/Functions/MaterialLayerFunctions/MatLayerBlend_TenLayerBlend.uexp" 3005
"C:/Users/2101501/Documents/GitHub/PenGwyn-Honours-Project/PenGwyn/Content/ParagonTerra/Characters/Heroes/Terra/Materials/SSP_Terra_Skin3.uasset" 3006
"C:/Users/2101501/Documents/GitHub/PenGwyn-Honours-Project/PenGwyn/Content/ParagonTerra/Characters/Heroes/Terra/Materials/SSP_Terra_Skin3.uexp" 3007
"C:/Users/2101501/Documents/GitHub/PenGwyn-Honours-Project/PenGwyn/Content/ParagonTerra/Characters/Global/MaterialFunctions/MaterialLayerConstructors/MF_BaseColorTintAndContrast.uasset" 3008
"C:/Users/2101501/Documents/GitHub/PenGwyn-Honours-Project/PenGwyn/Content/ParagonTerra/Characters/Global/MaterialFunctions/MaterialLayerConstructors/MF_BaseColorTintAndContrast.uexp" 3009
"C:/Users/2101501/Documents/GitHub/PenGwyn-Honours-Project/PenGwyn/Content/ParagonTerra/Characters/Global/MaterialFunctions/MaterialLayerConstructors/MF_RoughnessAdjustment.uasset" 3010
"C:/Users/2101501/Documents/GitHub/PenGwyn-Honours-Project/PenGwyn/Content/ParagonTerra/Characters/Global/MaterialFunctions/MaterialLayerConstructors/MF_RoughnessAdjustment.uexp" 3011
"C:/Users/2101501/Documents/GitHub/PenGwyn-Honours-Project/PenGwyn/Content/ParagonTerra/Characters/Global/MaterialLayers/Fabric/T_GoldFabric01_N.ubulk" 3012
"C:/Users/2101501/Documents/GitHub/PenGwyn-Honours-Project/PenGwyn/Content/ParagonTerra/Characters/Global/MaterialLayers/Fabric/T_GoldFabric01_N.uasset" 3013
"C:/Users/2101501/Documents/GitHub/PenGwyn-Honours-Project/PenGwyn/Content/ParagonTerra/Characters/Global/MaterialLayers/Fabric/T_GoldFabric01_N.uexp" 3014
"C:/Users/2101501/Documents/GitHub/PenGwyn-Honours-Project/PenGwyn/Content/ParagonTerra/Characters/Global/MaterialLayers/Fabric/T_silkroughness.ubulk" 3015
"C:/Users/2101501/Documents/GitHub/PenGwyn-Honours-Project/PenGwyn/Content/ParagonTerra/Characters/Global/MaterialLayers/Fabric/T_silkroughness.uasset" 3016
"C:/Users/2101501/Documents/GitHub/PenGwyn-Honours-Project/PenGwyn/Content/ParagonTerra/Characters/Global/MaterialLayers/Fabric/T_silkroughness.uexp" 3017
"C:/Users/2101501/Documents/GitHub/PenGwyn-Honours-Project/PenGwyn/Content/ParagonTerra/Characters/Global/MaterialLayers/Fabric/ML_RoyalSilk.uasset" 3018
"C:/Users/2101501/Documents/GitHub/PenGwyn-Honours-Project/PenGwyn/Content/ParagonTerra/Characters/Global/MaterialLayers/Fabric/ML_RoyalSilk.uexp" 3019
"C:/Users/2101501/Documents/GitHub/PenGwyn-Honours-Project/PenGwyn/Content/ParagonTerra/Characters/Global/MaterialLayers/Metal/T_Steel_Dark_Aged_D.ubulk" 3020
"C:/Users/2101501/Documents/GitHub/PenGwyn-Honours-Project/PenGwyn/Content/ParagonTerra/Characters/Global/MaterialLayers/Metal/T_Steel_Dark_Aged_D.uasset" 3021
"C:/Users/2101501/Documents/GitHub/PenGwyn-Honours-Project/PenGwyn/Content/ParagonTerra/Characters/Global/MaterialLayers/Metal/T_Steel_Dark_Aged_D.uexp" 3022
"C:/Users/2101501/Documents/GitHub/PenGwyn-Honours-Project/PenGwyn/Content/ParagonTerra/Characters/Global/MaterialLayers/Metal/T_Steel_Dark_Aged_N.ubulk" 3023
"C:/Users/2101501/Documents/GitHub/PenGwyn-Honours-Project/PenGwyn/Content/ParagonTerra/Characters/Global/MaterialLayers/Metal/T_Steel_Dark_Aged_N.uasset" 3024
"C:/Users/2101501/Documents/GitHub/PenGwyn-Honours-Project/PenGwyn/Content/ParagonTerra/Characters/Global/MaterialLayers/Metal/T_Steel_Dark_Aged_N.uexp" 3025
"C:/Users/2101501/Documents/GitHub/PenGwyn-Honours-Project/PenGwyn/Content/ParagonTerra/Characters/Global/MaterialLayers/Metal/T_Steel_Stained_N.ubulk" 3026
"C:/Users/2101501/Documents/GitHub/PenGwyn-Honours-Project/PenGwyn/Content/ParagonTerra/Characters/Global/MaterialLayers/Metal/T_Steel_Stained_N.uasset" 3027
"C:/Users/2101501/Documents/GitHub/PenGwyn-Honours-Project/PenGwyn/Content/ParagonTerra/Characters/Global/MaterialLayers/Metal/T_Steel_Stained_N.uexp" 3028
"C:/Users/2101501/Documents/GitHub/PenGwyn-Honours-Project/PenGwyn/Content/ParagonTerra/Characters/Global/MaterialLayers/Metal/T_Steel_Stained_D.ubulk" 3029
"C:/Users/2101501/Documents/GitHub/PenGwyn-Honours-Project/PenGwyn/Content/ParagonTerra/Characters/Global/MaterialLayers/Metal/T_Steel_Stained_D.uasset" 3030
"C:/Users/2101501/Documents/GitHub/PenGwyn-Honours-Project/PenGwyn/Content/ParagonTerra/Characters/Global/MaterialLayers/Metal/T_Steel_Stained_D.uexp" 3031
"C:/Users/2101501/Documents/GitHub/PenGwyn-Honours-Project/PenGwyn/Content/ParagonTerra/Characters/Global/MaterialLayers/Metal/ML_Steel_StainedDirty.uasset" 3032
"C:/Users/2101501/Documents/GitHub/PenGwyn-Honours-Project/PenGwyn/Content/ParagonTerra/Characters/Global/MaterialLayers/Metal/ML_Steel_StainedDirty.uexp" 3033
"C:/Users/2101501/Documents/GitHub/PenGwyn-Honours-Project/PenGwyn/Content/ParagonTerra/Characters/Global/MaterialLayers/Skin/ML_Skin2.uasset" 3034
"C:/Users/2101501/Documents/GitHub/PenGwyn-Honours-Project/PenGwyn/Content/ParagonTerra/Characters/Global/MaterialLayers/Skin/ML_Skin2.uexp" 3035
"C:/Users/2101501/Documents/GitHub/PenGwyn-Honours-Project/PenGwyn/Content/ParagonTerra/Characters/Heroes/Terra/Materials/MF_Terra_FX.uasset" 3036
"C:/Users/2101501/Documents/GitHub/PenGwyn-Honours-Project/PenGwyn/Content/ParagonTerra/Characters/Heroes/Terra/Materials/MF_Terra_FX.uexp" 3037
"C:/Users/2101501/Documents/GitHub/PenGwyn-Honours-Project/PenGwyn/Content/ParagonTerra/Characters/Global/MaterialLayers/Patterns/T_FineFabric02_Pattern.ubulk" 3038
"C:/Users/2101501/Documents/GitHub/PenGwyn-Honours-Project/PenGwyn/Content/ParagonTerra/Characters/Global/MaterialLayers/Patterns/T_FineFabric02_Pattern.uasset" 3039
"C:/Users/2101501/Documents/GitHub/PenGwyn-Honours-Project/PenGwyn/Content/ParagonTerra/Characters/Global/MaterialLayers/Patterns/T_FineFabric02_Pattern.uexp" 3040
"C:/Users/2101501/Documents/GitHub/PenGwyn-Honours-Project/PenGwyn/Content/ParagonTerra/Characters/Heroes/Terra/Materials/MF_TerraSilk.uasset" 3041
"C:/Users/2101501/Documents/GitHub/PenGwyn-Honours-Project/PenGwyn/Content/ParagonTerra/Characters/Heroes/Terra/Materials/MF_TerraSilk.uexp" 3042
"C:/Users/2101501/Documents/GitHub/PenGwyn-Honours-Project/PenGwyn/Content/ParagonTerra/Characters/Global/MaterialLayers/Metal/T_IronRust_Tile_D.ubulk" 3043
"C:/Users/2101501/Documents/GitHub/PenGwyn-Honours-Project/PenGwyn/Content/ParagonTerra/Characters/Global/MaterialLayers/Metal/T_IronRust_Tile_D.uasset" 3044
"C:/Users/2101501/Documents/GitHub/PenGwyn-Honours-Project/PenGwyn/Content/ParagonTerra/Characters/Global/MaterialLayers/Metal/T_IronRust_Tile_D.uexp" 3045
"C:/Users/2101501/Documents/GitHub/PenGwyn-Honours-Project/PenGwyn/Content/ParagonTerra/Characters/Global/MaterialLayers/Metal/T_IronRust_Tile_N.ubulk" 3046
"C:/Users/2101501/Documents/GitHub/PenGwyn-Honours-Project/PenGwyn/Content/ParagonTerra/Characters/Global/MaterialLayers/Metal/T_IronRust_Tile_N.uasset" 3047
"C:/Users/2101501/Documents/GitHub/PenGwyn-Honours-Project/PenGwyn/Content/ParagonTerra/Characters/Global/MaterialLayers/Metal/T_IronRust_Tile_N.uexp" 3048
"C:/Users/2101501/Documents/GitHub/PenGwyn-Honours-Project/PenGwyn/Content/ParagonTerra/Characters/Global/MaterialLayers/Metal/T_RoughMetal01_N2.ubulk" 3049
"C:/Users/2101501/Documents/GitHub/PenGwyn-Honours-Project/PenGwyn/Content/ParagonTerra/Characters/Global/MaterialLayers/Metal/T_RoughMetal01_N2.uasset" 3050
"C:/Users/2101501/Documents/GitHub/PenGwyn-Honours-Project/PenGwyn/Content/ParagonTerra/Characters/Global/MaterialLayers/Metal/T_RoughMetal01_N2.uexp" 3051
"C:/Users/2101501/Documents/GitHub/PenGwyn-Honours-Project/PenGwyn/Content/ParagonTerra/Characters/Global/MaterialLayers/Metal/ML_Rust02.uasset" 3052
"C:/Users/2101501/Documents/GitHub/PenGwyn-Honours-Project/PenGwyn/Content/ParagonTerra/Characters/Global/MaterialLayers/Metal/ML_Rust02.uexp" 3053
"C:/Users/2101501/Documents/GitHub/PenGwyn-Honours-Project/PenGwyn/Content/ParagonTerra/Characters/Global/MaterialLayers/Metal/T_Brushed_Copper_D.ubulk" 3054
"C:/Users/2101501/Documents/GitHub/PenGwyn-Honours-Project/PenGwyn/Content/ParagonTerra/Characters/Global/MaterialLayers/Metal/T_Brushed_Copper_D.uasset" 3055
"C:/Users/2101501/Documents/GitHub/PenGwyn-Honours-Project/PenGwyn/Content/ParagonTerra/Characters/Global/MaterialLayers/Metal/T_Brushed_Copper_D.uexp" 3056
"C:/Users/2101501/Documents/GitHub/PenGwyn-Honours-Project/PenGwyn/Content/ParagonTerra/Characters/Global/MaterialLayers/Metal/T_Brushed_Copper_N.ubulk" 3057
"C:/Users/2101501/Documents/GitHub/PenGwyn-Honours-Project/PenGwyn/Content/ParagonTerra/Characters/Global/MaterialLayers/Metal/T_Brushed_Copper_N.uasset" 3058
"C:/Users/2101501/Documents/GitHub/PenGwyn-Honours-Project/PenGwyn/Content/ParagonTerra/Characters/Global/MaterialLayers/Metal/T_Brushed_Copper_N.uexp" 3059
"C:/Users/2101501/Documents/GitHub/PenGwyn-Honours-Project/PenGwyn/Content/ParagonTerra/Characters/Global/MaterialLayers/Metal/ML_Brushed_Copper4.uasset" 3060
"C:/Users/2101501/Documents/GitHub/PenGwyn-Honours-Project/PenGwyn/Content/ParagonTerra/Characters/Global/MaterialLayers/Metal/ML_Brushed_Copper4.uexp" 3061
"C:/Users/2101501/Documents/GitHub/PenGwyn-Honours-Project/PenGwyn/Content/ParagonTerra/Characters/Global/MaterialLayers/Metal/ML_Brushed_Copper2.uasset" 3062
"C:/Users/2101501/Documents/GitHub/PenGwyn-Honours-Project/PenGwyn/Content/ParagonTerra/Characters/Global/MaterialLayers/Metal/ML_Brushed_Copper2.uexp" 3063
"../../../Engine/Content/Functions/MaterialLayerFunctions/MatLayerBlend_ModulateRoughness.uasset" 3064
"../../../Engine/Content/Functions/MaterialLayerFunctions/MatLayerBlend_ModulateRoughness.uexp" 3065
"C:/Users/2101501/Documents/GitHub/PenGwyn-Honours-Project/PenGwyn/Content/ParagonTerra/Characters/Global/MaterialLayers/Rock/T_Weathered__Detail001_Mask.ubulk" 3066
"C:/Users/2101501/Documents/GitHub/PenGwyn-Honours-Project/PenGwyn/Content/ParagonTerra/Characters/Global/MaterialLayers/Rock/T_Weathered__Detail001_Mask.uasset" 3067
"C:/Users/2101501/Documents/GitHub/PenGwyn-Honours-Project/PenGwyn/Content/ParagonTerra/Characters/Global/MaterialLayers/Rock/T_Weathered__Detail001_Mask.uexp" 3068
"C:/Users/2101501/Documents/GitHub/PenGwyn-Honours-Project/PenGwyn/Content/ParagonTerra/Characters/Global/MaterialLayers/Metal/T_Terra_Armour_Mask.ubulk" 3069
"C:/Users/2101501/Documents/GitHub/PenGwyn-Honours-Project/PenGwyn/Content/ParagonTerra/Characters/Global/MaterialLayers/Metal/T_Terra_Armour_Mask.uasset" 3070
"C:/Users/2101501/Documents/GitHub/PenGwyn-Honours-Project/PenGwyn/Content/ParagonTerra/Characters/Global/MaterialLayers/Metal/T_Terra_Armour_Mask.uexp" 3071
"C:/Users/2101501/Documents/GitHub/PenGwyn-Honours-Project/PenGwyn/Content/ParagonTerra/Characters/Global/MaterialLayers/Metal/ML_Aged_Bronze_4.uasset" 3072
"C:/Users/2101501/Documents/GitHub/PenGwyn-Honours-Project/PenGwyn/Content/ParagonTerra/Characters/Global/MaterialLayers/Metal/ML_Aged_Bronze_4.uexp" 3073
"C:/Users/2101501/Documents/GitHub/PenGwyn-Honours-Project/PenGwyn/Content/ParagonTerra/Characters/Global/MaterialLayers/Fabric/T_UnpleasentGrime_D.ubulk" 3074
"C:/Users/2101501/Documents/GitHub/PenGwyn-Honours-Project/PenGwyn/Content/ParagonTerra/Characters/Global/MaterialLayers/Fabric/T_UnpleasentGrime_D.uasset" 3075
"C:/Users/2101501/Documents/GitHub/PenGwyn-Honours-Project/PenGwyn/Content/ParagonTerra/Characters/Global/MaterialLayers/Fabric/T_UnpleasentGrime_D.uexp" 3076
"C:/Users/2101501/Documents/GitHub/PenGwyn-Honours-Project/PenGwyn/Content/ParagonTerra/Characters/Global/MaterialLayers/Leather/T_Dark_Leather_N.ubulk" 3077
"C:/Users/2101501/Documents/GitHub/PenGwyn-Honours-Project/PenGwyn/Content/ParagonTerra/Characters/Global/MaterialLayers/Leather/T_Dark_Leather_N.uasset" 3078
"C:/Users/2101501/Documents/GitHub/PenGwyn-Honours-Project/PenGwyn/Content/ParagonTerra/Characters/Global/MaterialLayers/Leather/T_Dark_Leather_N.uexp" 3079
"C:/Users/2101501/Documents/GitHub/PenGwyn-Honours-Project/PenGwyn/Content/ParagonTerra/Characters/Global/MaterialLayers/Leather/T_Dark_Leather.ubulk" 3080
"C:/Users/2101501/Documents/GitHub/PenGwyn-Honours-Project/PenGwyn/Content/ParagonTerra/Characters/Global/MaterialLayers/Leather/T_Dark_Leather.uasset" 3081
"C:/Users/2101501/Documents/GitHub/PenGwyn-Honours-Project/PenGwyn/Content/ParagonTerra/Characters/Global/MaterialLayers/Leather/T_Dark_Leather.uexp" 3082
"C:/Users/2101501/Documents/GitHub/PenGwyn-Honours-Project/PenGwyn/Content/ParagonTerra/Characters/Global/MaterialLayers/Leather/ML_Dark_Leather02_Stained.uasset" 3083
"C:/Users/2101501/Documents/GitHub/PenGwyn-Honours-Project/PenGwyn/Content/ParagonTerra/Characters/Global/MaterialLayers/Leather/ML_Dark_Leather02_Stained.uexp" 3084
"C:/Users/2101501/Documents/GitHub/PenGwyn-Honours-Project/PenGwyn/Content/ParagonTerra/Characters/Heroes/Terra/Skins/MountainForge/Materials/M_Terra_Helmet_MountainForge.uasset" 3085
"C:/Users/2101501/Documents/GitHub/PenGwyn-Honours-Project/PenGwyn/Content/ParagonTerra/Characters/Heroes/Terra/Skins/MountainForge/Materials/M_Terra_Helmet_MountainForge.uexp" 3086
"C:/Users/2101501/Documents/GitHub/PenGwyn-Honours-Project/PenGwyn/Content/ParagonTerra/Characters/Heroes/Terra/Textures/T_Terra_Cloth_RGB.ubulk" 3087
"C:/Users/2101501/Documents/GitHub/PenGwyn-Honours-Project/PenGwyn/Content/ParagonTerra/Characters/Heroes/Terra/Textures/T_Terra_Cloth_RGB.uasset" 3088
"C:/Users/2101501/Documents/GitHub/PenGwyn-Honours-Project/PenGwyn/Content/ParagonTerra/Characters/Heroes/Terra/Textures/T_Terra_Cloth_RGB.uexp" 3089
"C:/Users/2101501/Documents/GitHub/PenGwyn-Honours-Project/PenGwyn/Content/ParagonTerra/Characters/Heroes/Terra/Textures/T_Terra_Cloth_Demo_N.ubulk" 3090
"C:/Users/2101501/Documents/GitHub/PenGwyn-Honours-Project/PenGwyn/Content/ParagonTerra/Characters/Heroes/Terra/Textures/T_Terra_Cloth_Demo_N.uasset" 3091
"C:/Users/2101501/Documents/GitHub/PenGwyn-Honours-Project/PenGwyn/Content/ParagonTerra/Characters/Heroes/Terra/Textures/T_Terra_Cloth_Demo_N.uexp" 3092
"C:/Users/2101501/Documents/GitHub/PenGwyn-Honours-Project/PenGwyn/Content/ParagonTerra/Characters/Heroes/Terra/Skins/MountainForge/Textures/T_Terra_Cloth_MountainForge_M.ubulk" 3093
"C:/Users/2101501/Documents/GitHub/PenGwyn-Honours-Project/PenGwyn/Content/ParagonTerra/Characters/Heroes/Terra/Skins/MountainForge/Textures/T_Terra_Cloth_MountainForge_M.uasset" 3094
"C:/Users/2101501/Documents/GitHub/PenGwyn-Honours-Project/PenGwyn/Content/ParagonTerra/Characters/Heroes/Terra/Skins/MountainForge/Textures/T_Terra_Cloth_MountainForge_M.uexp" 3095
"../../../Engine/Content/EngineMaterials/FlatNormal.uasset" 3096
"../../../Engine/Content/EngineMaterials/FlatNormal.uexp" 3097
"C:/Users/2101501/Documents/GitHub/PenGwyn-Honours-Project/PenGwyn/Content/ParagonTerra/Characters/Global/MaterialFunctions/MF_ClothShading.uasset" 3098
"C:/Users/2101501/Documents/GitHub/PenGwyn-Honours-Project/PenGwyn/Content/ParagonTerra/Characters/Global/MaterialFunctions/MF_ClothShading.uexp" 3099
"C:/Users/2101501/Documents/GitHub/PenGwyn-Honours-Project/PenGwyn/Content/ParagonTerra/Characters/Global/MaterialLayers/Fabric/T_Terra_Cloth_material.ubulk" 3100
"C:/Users/2101501/Documents/GitHub/PenGwyn-Honours-Project/PenGwyn/Content/ParagonTerra/Characters/Global/MaterialLayers/Fabric/T_Terra_Cloth_material.uasset" 3101
"C:/Users/2101501/Documents/GitHub/PenGwyn-Honours-Project/PenGwyn/Content/ParagonTerra/Characters/Global/MaterialLayers/Fabric/T_Terra_Cloth_material.uexp" 3102
"C:/Users/2101501/Documents/GitHub/PenGwyn-Honours-Project/PenGwyn/Content/ParagonTerra/Characters/Global/MaterialLayers/Fabric/T_Terra_Cloth_material_N.ubulk" 3103
"C:/Users/2101501/Documents/GitHub/PenGwyn-Honours-Project/PenGwyn/Content/ParagonTerra/Characters/Global/MaterialLayers/Fabric/T_Terra_Cloth_material_N.uasset" 3104
"C:/Users/2101501/Documents/GitHub/PenGwyn-Honours-Project/PenGwyn/Content/ParagonTerra/Characters/Global/MaterialLayers/Fabric/T_Terra_Cloth_material_N.uexp" 3105
"C:/Users/2101501/Documents/GitHub/PenGwyn-Honours-Project/PenGwyn/Content/ParagonTerra/Characters/Global/MaterialLayers/Fabric/ML_HeavyFabric05.uasset" 3106
"C:/Users/2101501/Documents/GitHub/PenGwyn-Honours-Project/PenGwyn/Content/ParagonTerra/Characters/Global/MaterialLayers/Fabric/ML_HeavyFabric05.uexp" 3107
"C:/Users/2101501/Documents/GitHub/PenGwyn-Honours-Project/PenGwyn/Content/ParagonTerra/Characters/Global/MaterialLayers/Metal/T_Blank_N.ubulk" 3108
"C:/Users/2101501/Documents/GitHub/PenGwyn-Honours-Project/PenGwyn/Content/ParagonTerra/Characters/Global/MaterialLayers/Metal/T_Blank_N.uasset" 3109
"C:/Users/2101501/Documents/GitHub/PenGwyn-Honours-Project/PenGwyn/Content/ParagonTerra/Characters/Global/MaterialLayers/Metal/T_Blank_N.uexp" 3110
"C:/Users/2101501/Documents/GitHub/PenGwyn-Honours-Project/PenGwyn/Content/ParagonTerra/Characters/Global/MaterialLayers/Metal/T_ML_Gold_Metal01.ubulk" 3111
"C:/Users/2101501/Documents/GitHub/PenGwyn-Honours-Project/PenGwyn/Content/ParagonTerra/Characters/Global/MaterialLayers/Metal/T_ML_Gold_Metal01.uasset" 3112
"C:/Users/2101501/Documents/GitHub/PenGwyn-Honours-Project/PenGwyn/Content/ParagonTerra/Characters/Global/MaterialLayers/Metal/T_ML_Gold_Metal01.uexp" 3113
"C:/Users/2101501/Documents/GitHub/PenGwyn-Honours-Project/PenGwyn/Content/ParagonTerra/Characters/Global/MaterialLayers/Metal/ML_Gold_Metal02.uasset" 3114
"C:/Users/2101501/Documents/GitHub/PenGwyn-Honours-Project/PenGwyn/Content/ParagonTerra/Characters/Global/MaterialLayers/Metal/ML_Gold_Metal02.uexp" 3115
"C:/Users/2101501/Documents/GitHub/PenGwyn-Honours-Project/PenGwyn/Content/ParagonTerra/Characters/Global/MaterialLayers/ML_FlatBlack.uasset" 3116
"C:/Users/2101501/Documents/GitHub/PenGwyn-Honours-Project/PenGwyn/Content/ParagonTerra/Characters/Global/MaterialLayers/ML_FlatBlack.uexp" 3117
"C:/Users/2101501/Documents/GitHub/PenGwyn-Honours-Project/PenGwyn/Content/ParagonTerra/Characters/Heroes/Terra/Skins/MountainForge/Materials/M_Terra_Cloth_MountainForge.uasset" 3118
"C:/Users/2101501/Documents/GitHub/PenGwyn-Honours-Project/PenGwyn/Content/ParagonTerra/Characters/Heroes/Terra/Skins/MountainForge/Materials/M_Terra_Cloth_MountainForge.uexp" 3119
"C:/Users/2101501/Documents/GitHub/PenGwyn-Honours-Project/PenGwyn/Content/ParagonTerra/Characters/Heroes/Terra/Skins/MountainForge/Textures/T_Terra_MountainForge_Weapon_N.ubulk" 3120
"C:/Users/2101501/Documents/GitHub/PenGwyn-Honours-Project/PenGwyn/Content/ParagonTerra/Characters/Heroes/Terra/Skins/MountainForge/Textures/T_Terra_MountainForge_Weapon_N.uasset" 3121
"C:/Users/2101501/Documents/GitHub/PenGwyn-Honours-Project/PenGwyn/Content/ParagonTerra/Characters/Heroes/Terra/Skins/MountainForge/Textures/T_Terra_MountainForge_Weapon_N.uexp" 3122
"C:/Users/2101501/Documents/GitHub/PenGwyn-Honours-Project/PenGwyn/Content/ParagonTerra/Characters/Heroes/Terra/Skins/MountainForge/Textures/T_Terra_MountainForge_Axe_RGB.ubulk" 3123
"C:/Users/2101501/Documents/GitHub/PenGwyn-Honours-Project/PenGwyn/Content/ParagonTerra/Characters/Heroes/Terra/Skins/MountainForge/Textures/T_Terra_MountainForge_Axe_RGB.uasset" 3124
"C:/Users/2101501/Documents/GitHub/PenGwyn-Honours-Project/PenGwyn/Content/ParagonTerra/Characters/Heroes/Terra/Skins/MountainForge/Textures/T_Terra_MountainForge_Axe_RGB.uexp" 3125
"C:/Users/2101501/Documents/GitHub/PenGwyn-Honours-Project/PenGwyn/Content/ParagonTerra/Characters/Heroes/Terra/Skins/MountainForge/Textures/T_Terra_MountainForge_Axe_M.ubulk" 3126
"C:/Users/2101501/Documents/GitHub/PenGwyn-Honours-Project/PenGwyn/Content/ParagonTerra/Characters/Heroes/Terra/Skins/MountainForge/Textures/T_Terra_MountainForge_Axe_M.uasset" 3127
"C:/Users/2101501/Documents/GitHub/PenGwyn-Honours-Project/PenGwyn/Content/ParagonTerra/Characters/Heroes/Terra/Skins/MountainForge/Textures/T_Terra_MountainForge_Axe_M.uexp" 3128
"C:/Users/2101501/Documents/GitHub/PenGwyn-Honours-Project/PenGwyn/Content/ParagonTerra/Characters/Global/MaterialFunctions/MaterialLayerConstructors/MLC_SolidValues.uasset" 3129
"C:/Users/2101501/Documents/GitHub/PenGwyn-Honours-Project/PenGwyn/Content/ParagonTerra/Characters/Global/MaterialFunctions/MaterialLayerConstructors/MLC_SolidValues.uexp" 3130
"C:/Users/2101501/Documents/GitHub/PenGwyn-Honours-Project/PenGwyn/Content/ParagonTerra/Characters/Global/MaterialLayers/Metal/ML_BladeMetal2_Tint.uasset" 3131
"C:/Users/2101501/Documents/GitHub/PenGwyn-Honours-Project/PenGwyn/Content/ParagonTerra/Characters/Global/MaterialLayers/Metal/ML_BladeMetal2_Tint.uexp" 3132
"C:/Users/2101501/Documents/GitHub/PenGwyn-Honours-Project/PenGwyn/Content/ParagonTerra/Characters/Global/MaterialLayers/Leather/T_ML_FineLeather01_N.ubulk" 3133
"C:/Users/2101501/Documents/GitHub/PenGwyn-Honours-Project/PenGwyn/Content/ParagonTerra/Characters/Global/MaterialLayers/Leather/T_ML_FineLeather01_N.uasset" 3134
"C:/Users/2101501/Documents/GitHub/PenGwyn-Honours-Project/PenGwyn/Content/ParagonTerra/Characters/Global/MaterialLayers/Leather/T_ML_FineLeather01_N.uexp" 3135
"C:/Users/2101501/Documents/GitHub/PenGwyn-Honours-Project/PenGwyn/Content/ParagonTerra/Characters/Global/MaterialLayers/Leather/T_ML_FineLeather01_Brown.ubulk" 3136
"C:/Users/2101501/Documents/GitHub/PenGwyn-Honours-Project/PenGwyn/Content/ParagonTerra/Characters/Global/MaterialLayers/Leather/T_ML_FineLeather01_Brown.uasset" 3137
"C:/Users/2101501/Documents/GitHub/PenGwyn-Honours-Project/PenGwyn/Content/ParagonTerra/Characters/Global/MaterialLayers/Leather/T_ML_FineLeather01_Brown.uexp" 3138
"C:/Users/2101501/Documents/GitHub/PenGwyn-Honours-Project/PenGwyn/Content/ParagonTerra/Characters/Global/MaterialLayers/Leather/ML_Worn_Under_Leather03_Staned.uasset" 3139
"C:/Users/2101501/Documents/GitHub/PenGwyn-Honours-Project/PenGwyn/Content/ParagonTerra/Characters/Global/MaterialLayers/Leather/ML_Worn_Under_Leather03_Staned.uexp" 3140
"C:/Users/2101501/Documents/GitHub/PenGwyn-Honours-Project/PenGwyn/Content/ParagonTerra/Characters/Heroes/Terra/Skins/MountainForge/Materials/M_Terra_Axe.uasset" 3141
"C:/Users/2101501/Documents/GitHub/PenGwyn-Honours-Project/PenGwyn/Content/ParagonTerra/Characters/Heroes/Terra/Skins/MountainForge/Materials/M_Terra_Axe.uexp" 3142
"C:/Users/2101501/Documents/GitHub/PenGwyn-Honours-Project/PenGwyn/Content/ParagonTerra/Characters/Heroes/Terra/Textures/T_Terra_Head_RGB.ubulk" 3143
"C:/Users/2101501/Documents/GitHub/PenGwyn-Honours-Project/PenGwyn/Content/ParagonTerra/Characters/Heroes/Terra/Textures/T_Terra_Head_RGB.uasset" 3144
"C:/Users/2101501/Documents/GitHub/PenGwyn-Honours-Project/PenGwyn/Content/ParagonTerra/Characters/Heroes/Terra/Textures/T_Terra_Head_RGB.uexp" 3145
"C:/Users/2101501/Documents/GitHub/PenGwyn-Honours-Project/PenGwyn/Content/ParagonTerra/Characters/Heroes/Terra/Textures/T_Terra_Head_N1.ubulk" 3146
"C:/Users/2101501/Documents/GitHub/PenGwyn-Honours-Project/PenGwyn/Content/ParagonTerra/Characters/Heroes/Terra/Textures/T_Terra_Head_N1.uasset" 3147
"C:/Users/2101501/Documents/GitHub/PenGwyn-Honours-Project/PenGwyn/Content/ParagonTerra/Characters/Heroes/Terra/Textures/T_Terra_Head_N1.uexp" 3148
"C:/Users/2101501/Documents/GitHub/PenGwyn-Honours-Project/PenGwyn/Content/ParagonTerra/Characters/Heroes/Terra/Textures/T_Terra_Head_N.ubulk" 3149
"C:/Users/2101501/Documents/GitHub/PenGwyn-Honours-Project/PenGwyn/Content/ParagonTerra/Characters/Heroes/Terra/Textures/T_Terra_Head_N.uasset" 3150
"C:/Users/2101501/Documents/GitHub/PenGwyn-Honours-Project/PenGwyn/Content/ParagonTerra/Characters/Heroes/Terra/Textures/T_Terra_Head_N.uexp" 3151
"C:/Users/2101501/Documents/GitHub/PenGwyn-Honours-Project/PenGwyn/Content/ParagonTerra/Characters/Heroes/Terra/Textures/T_Terra_Head_M.uasset" 3152
"C:/Users/2101501/Documents/GitHub/PenGwyn-Honours-Project/PenGwyn/Content/ParagonTerra/Characters/Heroes/Terra/Textures/T_Terra_Head_M.uexp" 3153
"C:/Users/2101501/Documents/GitHub/PenGwyn-Honours-Project/PenGwyn/Content/ParagonTerra/Characters/Heroes/Terra/Textures/T_Terra_Head_D.ubulk" 3154
"C:/Users/2101501/Documents/GitHub/PenGwyn-Honours-Project/PenGwyn/Content/ParagonTerra/Characters/Heroes/Terra/Textures/T_Terra_Head_D.uasset" 3155
"C:/Users/2101501/Documents/GitHub/PenGwyn-Honours-Project/PenGwyn/Content/ParagonTerra/Characters/Heroes/Terra/Textures/T_Terra_Head_D.uexp" 3156
"C:/Users/2101501/Documents/GitHub/PenGwyn-Honours-Project/PenGwyn/Content/ParagonTerra/Characters/Heroes/Terra/Textures/T_Skin_Treatments.ubulk" 3157
"C:/Users/2101501/Documents/GitHub/PenGwyn-Honours-Project/PenGwyn/Content/ParagonTerra/Characters/Heroes/Terra/Textures/T_Skin_Treatments.uasset" 3158
"C:/Users/2101501/Documents/GitHub/PenGwyn-Honours-Project/PenGwyn/Content/ParagonTerra/Characters/Heroes/Terra/Textures/T_Skin_Treatments.uexp" 3159
"C:/Users/2101501/Documents/GitHub/PenGwyn-Honours-Project/PenGwyn/Content/ParagonTerra/Characters/Global/MaterialLayers/Skin/ML_Skin.uasset" 3160
"C:/Users/2101501/Documents/GitHub/PenGwyn-Honours-Project/PenGwyn/Content/ParagonTerra/Characters/Global/MaterialLayers/Skin/ML_Skin.uexp" 3161
"C:/Users/2101501/Documents/GitHub/PenGwyn-Honours-Project/PenGwyn/Content/ParagonTerra/Characters/Global/MaterialLayers/Rubber/T_ML_FineRubber_N.ubulk" 3162
"C:/Users/2101501/Documents/GitHub/PenGwyn-Honours-Project/PenGwyn/Content/ParagonTerra/Characters/Global/MaterialLayers/Rubber/T_ML_FineRubber_N.uasset" 3163
"C:/Users/2101501/Documents/GitHub/PenGwyn-Honours-Project/PenGwyn/Content/ParagonTerra/Characters/Global/MaterialLayers/Rubber/T_ML_FineRubber_N.uexp" 3164
"C:/Users/2101501/Documents/GitHub/PenGwyn-Honours-Project/PenGwyn/Content/ParagonTerra/Characters/Global/MaterialLayers/Synthetics/T_Swirly_Noise_highContrast.ubulk" 3165
"C:/Users/2101501/Documents/GitHub/PenGwyn-Honours-Project/PenGwyn/Content/ParagonTerra/Characters/Global/MaterialLayers/Synthetics/T_Swirly_Noise_highContrast.uasset" 3166
"C:/Users/2101501/Documents/GitHub/PenGwyn-Honours-Project/PenGwyn/Content/ParagonTerra/Characters/Global/MaterialLayers/Synthetics/T_Swirly_Noise_highContrast.uexp" 3167
"C:/Users/2101501/Documents/GitHub/PenGwyn-Honours-Project/PenGwyn/Content/ParagonTerra/Characters/Global/MaterialLayers/Synthetics/ML_BodyPaint.uasset" 3168
"C:/Users/2101501/Documents/GitHub/PenGwyn-Honours-Project/PenGwyn/Content/ParagonTerra/Characters/Global/MaterialLayers/Synthetics/ML_BodyPaint.uexp" 3169
"C:/Users/2101501/Documents/GitHub/PenGwyn-Honours-Project/PenGwyn/Content/ParagonTerra/Characters/Heroes/Terra/Skins/MountainForge/Materials/M_Terra_Skin_MountainForge.uasset" 3170
"C:/Users/2101501/Documents/GitHub/PenGwyn-Honours-Project/PenGwyn/Content/ParagonTerra/Characters/Heroes/Terra/Skins/MountainForge/Materials/M_Terra_Skin_MountainForge.uexp" 3171
"C:/Users/2101501/Documents/GitHub/PenGwyn-Honours-Project/PenGwyn/Content/ParagonTerra/Characters/Heroes/Terra/Skins/MountainForge/Materials/MI_Terra_Skin_MountainForge.uasset" 3172
"C:/Users/2101501/Documents/GitHub/PenGwyn-Honours-Project/PenGwyn/Content/ParagonTerra/Characters/Heroes/Terra/Skins/MountainForge/Materials/MI_Terra_Skin_MountainForge.uexp" 3173
"C:/Users/2101501/Documents/GitHub/PenGwyn-Honours-Project/PenGwyn/Content/ParagonTerra/Characters/Heroes/Terra/Skins/MountainForge/Textures/T_Terra_MountainForge_ShoulderKnee_RGB.ubulk" 3174
"C:/Users/2101501/Documents/GitHub/PenGwyn-Honours-Project/PenGwyn/Content/ParagonTerra/Characters/Heroes/Terra/Skins/MountainForge/Textures/T_Terra_MountainForge_ShoulderKnee_RGB.uasset" 3175
"C:/Users/2101501/Documents/GitHub/PenGwyn-Honours-Project/PenGwyn/Content/ParagonTerra/Characters/Heroes/Terra/Skins/MountainForge/Textures/T_Terra_MountainForge_ShoulderKnee_RGB.uexp" 3176
"C:/Users/2101501/Documents/GitHub/PenGwyn-Honours-Project/PenGwyn/Content/ParagonTerra/Characters/Heroes/Terra/Skins/MountainForge/Textures/T_Terra_MountainForge_ShoulderKnee_N.ubulk" 3177
"C:/Users/2101501/Documents/GitHub/PenGwyn-Honours-Project/PenGwyn/Content/ParagonTerra/Characters/Heroes/Terra/Skins/MountainForge/Textures/T_Terra_MountainForge_ShoulderKnee_N.uasset" 3178
"C:/Users/2101501/Documents/GitHub/PenGwyn-Honours-Project/PenGwyn/Content/ParagonTerra/Characters/Heroes/Terra/Skins/MountainForge/Textures/T_Terra_MountainForge_ShoulderKnee_N.uexp" 3179
"C:/Users/2101501/Documents/GitHub/PenGwyn-Honours-Project/PenGwyn/Content/ParagonTerra/Characters/Heroes/Terra/Skins/MountainForge/Textures/T_Terra_MountainForge_ShoulderKnee.ubulk" 3180
"C:/Users/2101501/Documents/GitHub/PenGwyn-Honours-Project/PenGwyn/Content/ParagonTerra/Characters/Heroes/Terra/Skins/MountainForge/Textures/T_Terra_MountainForge_ShoulderKnee.uasset" 3181
"C:/Users/2101501/Documents/GitHub/PenGwyn-Honours-Project/PenGwyn/Content/ParagonTerra/Characters/Heroes/Terra/Skins/MountainForge/Textures/T_Terra_MountainForge_ShoulderKnee.uexp" 3182
"C:/Users/2101501/Documents/GitHub/PenGwyn-Honours-Project/PenGwyn/Content/ParagonTerra/Characters/Heroes/Terra/Skins/MountainForge/Materials/MI_Terra_Shoulders_MountainForge.uasset" 3183
"C:/Users/2101501/Documents/GitHub/PenGwyn-Honours-Project/PenGwyn/Content/ParagonTerra/Characters/Heroes/Terra/Skins/MountainForge/Materials/MI_Terra_Shoulders_MountainForge.uexp" 3184
"C:/Users/2101501/Documents/GitHub/PenGwyn-Honours-Project/PenGwyn/Content/ParagonTerra/Characters/Heroes/Terra/Skins/MountainForge/Textures/T_Terra_MountainForge_Shield_RGB.ubulk" 3185
"C:/Users/2101501/Documents/GitHub/PenGwyn-Honours-Project/PenGwyn/Content/ParagonTerra/Characters/Heroes/Terra/Skins/MountainForge/Textures/T_Terra_MountainForge_Shield_RGB.uasset" 3186
"C:/Users/2101501/Documents/GitHub/PenGwyn-Honours-Project/PenGwyn/Content/ParagonTerra/Characters/Heroes/Terra/Skins/MountainForge/Textures/T_Terra_MountainForge_Shield_RGB.uexp" 3187
"C:/Users/2101501/Documents/GitHub/PenGwyn-Honours-Project/PenGwyn/Content/ParagonTerra/Characters/Heroes/Terra/Skins/MountainForge/Textures/T_Terra_MountainForge_Shield_N.ubulk" 3188
"C:/Users/2101501/Documents/GitHub/PenGwyn-Honours-Project/PenGwyn/Content/ParagonTerra/Characters/Heroes/Terra/Skins/MountainForge/Textures/T_Terra_MountainForge_Shield_N.uasset" 3189
"C:/Users/2101501/Documents/GitHub/PenGwyn-Honours-Project/PenGwyn/Content/ParagonTerra/Characters/Heroes/Terra/Skins/MountainForge/Textures/T_Terra_MountainForge_Shield_N.uexp" 3190
"C:/Users/2101501/Documents/GitHub/PenGwyn-Honours-Project/PenGwyn/Content/ParagonTerra/Characters/Heroes/Terra/Skins/MountainForge/Textures/T_Terra_MountainForge_Shield_M.ubulk" 3191
"C:/Users/2101501/Documents/GitHub/PenGwyn-Honours-Project/PenGwyn/Content/ParagonTerra/Characters/Heroes/Terra/Skins/MountainForge/Textures/T_Terra_MountainForge_Shield_M.uasset" 3192
"C:/Users/2101501/Documents/GitHub/PenGwyn-Honours-Project/PenGwyn/Content/ParagonTerra/Characters/Heroes/Terra/Skins/MountainForge/Textures/T_Terra_MountainForge_Shield_M.uexp" 3193
"C:/Users/2101501/Documents/GitHub/PenGwyn-Honours-Project/PenGwyn/Content/ParagonTerra/Characters/Heroes/Terra/Skins/MountainForge/Materials/MI_Terra_Shield_MountainForge.uasset" 3194
"C:/Users/2101501/Documents/GitHub/PenGwyn-Honours-Project/PenGwyn/Content/ParagonTerra/Characters/Heroes/Terra/Skins/MountainForge/Materials/MI_Terra_Shield_MountainForge.uexp" 3195
"C:/Users/2101501/Documents/GitHub/PenGwyn-Honours-Project/PenGwyn/Content/ParagonTerra/Characters/Heroes/Terra/Textures/T_Terra_Power_RGB.ubulk" 3196
"C:/Users/2101501/Documents/GitHub/PenGwyn-Honours-Project/PenGwyn/Content/ParagonTerra/Characters/Heroes/Terra/Textures/T_Terra_Power_RGB.uasset" 3197
"C:/Users/2101501/Documents/GitHub/PenGwyn-Honours-Project/PenGwyn/Content/ParagonTerra/Characters/Heroes/Terra/Textures/T_Terra_Power_RGB.uexp" 3198
"C:/Users/2101501/Documents/GitHub/PenGwyn-Honours-Project/PenGwyn/Content/ParagonTerra/Characters/Heroes/Terra/Textures/T_Terra_Power_M.ubulk" 3199
"C:/Users/2101501/Documents/GitHub/PenGwyn-Honours-Project/PenGwyn/Content/ParagonTerra/Characters/Heroes/Terra/Textures/T_Terra_Power_M.uasset" 3200
"C:/Users/2101501/Documents/GitHub/PenGwyn-Honours-Project/PenGwyn/Content/ParagonTerra/Characters/Heroes/Terra/Textures/T_Terra_Power_M.uexp" 3201
"C:/Users/2101501/Documents/GitHub/PenGwyn-Honours-Project/PenGwyn/Content/ParagonTerra/Characters/Heroes/Terra/Textures/T_Terra_Power_Demo_N.ubulk" 3202
"C:/Users/2101501/Documents/GitHub/PenGwyn-Honours-Project/PenGwyn/Content/ParagonTerra/Characters/Heroes/Terra/Textures/T_Terra_Power_Demo_N.uasset" 3203
"C:/Users/2101501/Documents/GitHub/PenGwyn-Honours-Project/PenGwyn/Content/ParagonTerra/Characters/Heroes/Terra/Textures/T_Terra_Power_Demo_N.uexp" 3204
"C:/Users/2101501/Documents/GitHub/PenGwyn-Honours-Project/PenGwyn/Content/ParagonTerra/Characters/Heroes/Terra/Skins/MountainForge/Materials/MI_Terra_Power_MountainForge.uasset" 3205
"C:/Users/2101501/Documents/GitHub/PenGwyn-Honours-Project/PenGwyn/Content/ParagonTerra/Characters/Heroes/Terra/Skins/MountainForge/Materials/MI_Terra_Power_MountainForge.uexp" 3206
"C:/Users/2101501/Documents/GitHub/PenGwyn-Honours-Project/PenGwyn/Content/ParagonTerra/Characters/Heroes/Terra/Textures/T_Terra_Legs_RGB.ubulk" 3207
"C:/Users/2101501/Documents/GitHub/PenGwyn-Honours-Project/PenGwyn/Content/ParagonTerra/Characters/Heroes/Terra/Textures/T_Terra_Legs_RGB.uasset" 3208
"C:/Users/2101501/Documents/GitHub/PenGwyn-Honours-Project/PenGwyn/Content/ParagonTerra/Characters/Heroes/Terra/Textures/T_Terra_Legs_RGB.uexp" 3209
"C:/Users/2101501/Documents/GitHub/PenGwyn-Honours-Project/PenGwyn/Content/ParagonTerra/Characters/Heroes/Terra/Textures/T_Terra_Legs_N.ubulk" 3210
"C:/Users/2101501/Documents/GitHub/PenGwyn-Honours-Project/PenGwyn/Content/ParagonTerra/Characters/Heroes/Terra/Textures/T_Terra_Legs_N.uasset" 3211
"C:/Users/2101501/Documents/GitHub/PenGwyn-Honours-Project/PenGwyn/Content/ParagonTerra/Characters/Heroes/Terra/Textures/T_Terra_Legs_N.uexp" 3212
"C:/Users/2101501/Documents/GitHub/PenGwyn-Honours-Project/PenGwyn/Content/ParagonTerra/Characters/Heroes/Terra/Skins/MountainForge/Textures/T_Terra_MountainForge_Legs_M.ubulk" 3213
"C:/Users/2101501/Documents/GitHub/PenGwyn-Honours-Project/PenGwyn/Content/ParagonTerra/Characters/Heroes/Terra/Skins/MountainForge/Textures/T_Terra_MountainForge_Legs_M.uasset" 3214
"C:/Users/2101501/Documents/GitHub/PenGwyn-Honours-Project/PenGwyn/Content/ParagonTerra/Characters/Heroes/Terra/Skins/MountainForge/Textures/T_Terra_MountainForge_Legs_M.uexp" 3215
"C:/Users/2101501/Documents/GitHub/PenGwyn-Honours-Project/PenGwyn/Content/ParagonTerra/Characters/Heroes/Terra/Skins/MountainForge/Materials/MI_Terra_Legs_MountainForge.uasset" 3216
"C:/Users/2101501/Documents/GitHub/PenGwyn-Honours-Project/PenGwyn/Content/ParagonTerra/Characters/Heroes/Terra/Skins/MountainForge/Materials/MI_Terra_Legs_MountainForge.uexp" 3217
"C:/Users/2101501/Documents/GitHub/PenGwyn-Honours-Project/PenGwyn/Content/ParagonTerra/Characters/Heroes/Terra/Textures/T_Terra_Hair_Root_Demo.ubulk" 3218
"C:/Users/2101501/Documents/GitHub/PenGwyn-Honours-Project/PenGwyn/Content/ParagonTerra/Characters/Heroes/Terra/Textures/T_Terra_Hair_Root_Demo.uasset" 3219
"C:/Users/2101501/Documents/GitHub/PenGwyn-Honours-Project/PenGwyn/Content/ParagonTerra/Characters/Heroes/Terra/Textures/T_Terra_Hair_Root_Demo.uexp" 3220
"C:/Users/2101501/Documents/GitHub/PenGwyn-Honours-Project/PenGwyn/Content/ParagonTerra/Characters/Heroes/Terra/Textures/T_Terra_Hair_ID_Demo.ubulk" 3221
"C:/Users/2101501/Documents/GitHub/PenGwyn-Honours-Project/PenGwyn/Content/ParagonTerra/Characters/Heroes/Terra/Textures/T_Terra_Hair_ID_Demo.uasset" 3222
"C:/Users/2101501/Documents/GitHub/PenGwyn-Honours-Project/PenGwyn/Content/ParagonTerra/Characters/Heroes/Terra/Textures/T_Terra_Hair_ID_Demo.uexp" 3223
"C:/Users/2101501/Documents/GitHub/PenGwyn-Honours-Project/PenGwyn/Content/ParagonTerra/Characters/Heroes/Terra/Textures/T_Terra_Hair_Depth_Demo.ubulk" 3224
"C:/Users/2101501/Documents/GitHub/PenGwyn-Honours-Project/PenGwyn/Content/ParagonTerra/Characters/Heroes/Terra/Textures/T_Terra_Hair_Depth_Demo.uasset" 3225
"C:/Users/2101501/Documents/GitHub/PenGwyn-Honours-Project/PenGwyn/Content/ParagonTerra/Characters/Heroes/Terra/Textures/T_Terra_Hair_Depth_Demo.uexp" 3226
"C:/Users/2101501/Documents/GitHub/PenGwyn-Honours-Project/PenGwyn/Content/ParagonTerra/Characters/Heroes/Terra/Textures/T_Terra_Hair_Alpha_Demo.ubulk" 3227
"C:/Users/2101501/Documents/GitHub/PenGwyn-Honours-Project/PenGwyn/Content/ParagonTerra/Characters/Heroes/Terra/Textures/T_Terra_Hair_Alpha_Demo.uasset" 3228
"C:/Users/2101501/Documents/GitHub/PenGwyn-Honours-Project/PenGwyn/Content/ParagonTerra/Characters/Heroes/Terra/Textures/T_Terra_Hair_Alpha_Demo.uexp" 3229
"C:/Users/2101501/Documents/GitHub/PenGwyn-Honours-Project/PenGwyn/Content/ParagonTerra/Characters/Heroes/Terra/Textures/T_ao_bake.ubulk" 3230
"C:/Users/2101501/Documents/GitHub/PenGwyn-Honours-Project/PenGwyn/Content/ParagonTerra/Characters/Heroes/Terra/Textures/T_ao_bake.uasset" 3231
"C:/Users/2101501/Documents/GitHub/PenGwyn-Honours-Project/PenGwyn/Content/ParagonTerra/Characters/Heroes/Terra/Textures/T_ao_bake.uexp" 3232
"../../../Engine/Content/EngineResources/Black.uasset" 3233
"../../../Engine/Content/EngineResources/Black.uexp" 3234
"C:/Users/2101501/Documents/GitHub/PenGwyn-Honours-Project/PenGwyn/Content/ParagonTerra/Characters/Global/Hair/TestContent/T_HairClump02_DyeMask.ubulk" 3235
"C:/Users/2101501/Documents/GitHub/PenGwyn-Honours-Project/PenGwyn/Content/ParagonTerra/Characters/Global/Hair/TestContent/T_HairClump02_DyeMask.uasset" 3236
"C:/Users/2101501/Documents/GitHub/PenGwyn-Honours-Project/PenGwyn/Content/ParagonTerra/Characters/Global/Hair/TestContent/T_HairClump02_DyeMask.uexp" 3237
"C:/Users/2101501/Documents/GitHub/PenGwyn-Honours-Project/PenGwyn/Content/ParagonTerra/Characters/Global/MaterialFunctions/MF_ParagonCharacterHairWind.uasset" 3238
"C:/Users/2101501/Documents/GitHub/PenGwyn-Honours-Project/PenGwyn/Content/ParagonTerra/Characters/Global/MaterialFunctions/MF_ParagonCharacterHairWind.uexp" 3239
"C:/Users/2101501/Documents/GitHub/PenGwyn-Honours-Project/PenGwyn/Content/ParagonTerra/Characters/Global/Hair/T_gradient_stasis.ubulk" 3240
"C:/Users/2101501/Documents/GitHub/PenGwyn-Honours-Project/PenGwyn/Content/ParagonTerra/Characters/Global/Hair/T_gradient_stasis.uasset" 3241
"C:/Users/2101501/Documents/GitHub/PenGwyn-Honours-Project/PenGwyn/Content/ParagonTerra/Characters/Global/Hair/T_gradient_stasis.uexp" 3242
"C:/Users/2101501/Documents/GitHub/PenGwyn-Honours-Project/PenGwyn/Content/ParagonTerra/Characters/Global/Hair/T_Fire_Tiled_D.ubulk" 3243
"C:/Users/2101501/Documents/GitHub/PenGwyn-Honours-Project/PenGwyn/Content/ParagonTerra/Characters/Global/Hair/T_Fire_Tiled_D.uasset" 3244
"C:/Users/2101501/Documents/GitHub/PenGwyn-Honours-Project/PenGwyn/Content/ParagonTerra/Characters/Global/Hair/T_Fire_Tiled_D.uexp" 3245
"C:/Users/2101501/Documents/GitHub/PenGwyn-Honours-Project/PenGwyn/Content/ParagonTerra/Characters/Global/Hair/T_Caustics_2.ubulk" 3246
"C:/Users/2101501/Documents/GitHub/PenGwyn-Honours-Project/PenGwyn/Content/ParagonTerra/Characters/Global/Hair/T_Caustics_2.uasset" 3247
"C:/Users/2101501/Documents/GitHub/PenGwyn-Honours-Project/PenGwyn/Content/ParagonTerra/Characters/Global/Hair/T_Caustics_2.uexp" 3248
"C:/Users/2101501/Documents/GitHub/PenGwyn-Honours-Project/PenGwyn/Content/ParagonTerra/Characters/Global/Hair/TestContent/T_HairClump02_Roots.ubulk" 3249
"C:/Users/2101501/Documents/GitHub/PenGwyn-Honours-Project/PenGwyn/Content/ParagonTerra/Characters/Global/Hair/TestContent/T_HairClump02_Roots.uasset" 3250
"C:/Users/2101501/Documents/GitHub/PenGwyn-Honours-Project/PenGwyn/Content/ParagonTerra/Characters/Global/Hair/TestContent/T_HairClump02_Roots.uexp" 3251
"C:/Users/2101501/Documents/GitHub/PenGwyn-Honours-Project/PenGwyn/Content/ParagonTerra/Characters/Global/Hair/TestContent/T_HairClump02_ID.ubulk" 3252
"C:/Users/2101501/Documents/GitHub/PenGwyn-Honours-Project/PenGwyn/Content/ParagonTerra/Characters/Global/Hair/TestContent/T_HairClump02_ID.uasset" 3253
"C:/Users/2101501/Documents/GitHub/PenGwyn-Honours-Project/PenGwyn/Content/ParagonTerra/Characters/Global/Hair/TestContent/T_HairClump02_ID.uexp" 3254
"C:/Users/2101501/Documents/GitHub/PenGwyn-Honours-Project/PenGwyn/Content/ParagonTerra/Characters/Global/Hair/TestContent/T_HairClump02_Depth.ubulk" 3255
"C:/Users/2101501/Documents/GitHub/PenGwyn-Honours-Project/PenGwyn/Content/ParagonTerra/Characters/Global/Hair/TestContent/T_HairClump02_Depth.uasset" 3256
"C:/Users/2101501/Documents/GitHub/PenGwyn-Honours-Project/PenGwyn/Content/ParagonTerra/Characters/Global/Hair/TestContent/T_HairClump02_Depth.uexp" 3257
"C:/Users/2101501/Documents/GitHub/PenGwyn-Honours-Project/PenGwyn/Content/ParagonTerra/Characters/Global/Hair/TestContent/T_HairClump02_Alpha.ubulk" 3258
"C:/Users/2101501/Documents/GitHub/PenGwyn-Honours-Project/PenGwyn/Content/ParagonTerra/Characters/Global/Hair/TestContent/T_HairClump02_Alpha.uasset" 3259
"C:/Users/2101501/Documents/GitHub/PenGwyn-Honours-Project/PenGwyn/Content/ParagonTerra/Characters/Global/Hair/TestContent/T_HairClump02_Alpha.uexp" 3260
"../../../Engine/Content/EditorMaterials/Cascade/CASC_Solo_On.uasset" 3261
"../../../Engine/Content/EditorMaterials/Cascade/CASC_Solo_On.uexp" 3262
"../../../Engine/Content/Functions/Engine_MaterialFunctions02/Math/MultiplyAdd.uasset" 3263
"../../../Engine/Content/Functions/Engine_MaterialFunctions02/Math/MultiplyAdd.uexp" 3264
"C:/Users/2101501/Documents/GitHub/PenGwyn-Honours-Project/PenGwyn/Content/ParagonTerra/Characters/Global/Hair/Materials/MF_BlendHairColorsWithParam.uasset" 3265
"C:/Users/2101501/Documents/GitHub/PenGwyn-Honours-Project/PenGwyn/Content/ParagonTerra/Characters/Global/Hair/Materials/MF_BlendHairColorsWithParam.uexp" 3266
"C:/Users/2101501/Documents/GitHub/PenGwyn-Honours-Project/PenGwyn/Content/ParagonTerra/Characters/Global/Hair/Materials/M_HairSheet_Master2.uasset" 3267
"C:/Users/2101501/Documents/GitHub/PenGwyn-Honours-Project/PenGwyn/Content/ParagonTerra/Characters/Global/Hair/Materials/M_HairSheet_Master2.uexp" 3268
"C:/Users/2101501/Documents/GitHub/PenGwyn-Honours-Project/PenGwyn/Content/ParagonTerra/Characters/Heroes/Terra/Skins/MountainForge/Materials/MI_Terra_Hair_Blue.uasset" 3269
"C:/Users/2101501/Documents/GitHub/PenGwyn-Honours-Project/PenGwyn/Content/ParagonTerra/Characters/Heroes/Terra/Skins/MountainForge/Materials/MI_Terra_Hair_Blue.uexp" 3270
"C:/Users/2101501/Documents/GitHub/PenGwyn-Honours-Project/PenGwyn/Content/ParagonTerra/Characters/Heroes/Terra/Skins/MountainForge/Materials/MI_Terra_HairPonytail_Blue.uasset" 3271
"C:/Users/2101501/Documents/GitHub/PenGwyn-Honours-Project/PenGwyn/Content/ParagonTerra/Characters/Heroes/Terra/Skins/MountainForge/Materials/MI_Terra_HairPonytail_Blue.uexp" 3272
"C:/Users/2101501/Documents/GitHub/PenGwyn-Honours-Project/PenGwyn/Content/ParagonTerra/Characters/Heroes/Terra/Textures/T_Terra_Body_RGB.ubulk" 3273
"C:/Users/2101501/Documents/GitHub/PenGwyn-Honours-Project/PenGwyn/Content/ParagonTerra/Characters/Heroes/Terra/Textures/T_Terra_Body_RGB.uasset" 3274
"C:/Users/2101501/Documents/GitHub/PenGwyn-Honours-Project/PenGwyn/Content/ParagonTerra/Characters/Heroes/Terra/Textures/T_Terra_Body_RGB.uexp" 3275
"C:/Users/2101501/Documents/GitHub/PenGwyn-Honours-Project/PenGwyn/Content/ParagonTerra/Characters/Heroes/Terra/Textures/T_Terra_Body_Demo_N.ubulk" 3276
"C:/Users/2101501/Documents/GitHub/PenGwyn-Honours-Project/PenGwyn/Content/ParagonTerra/Characters/Heroes/Terra/Textures/T_Terra_Body_Demo_N.uasset" 3277
"C:/Users/2101501/Documents/GitHub/PenGwyn-Honours-Project/PenGwyn/Content/ParagonTerra/Characters/Heroes/Terra/Textures/T_Terra_Body_Demo_N.uexp" 3278
"C:/Users/2101501/Documents/GitHub/PenGwyn-Honours-Project/PenGwyn/Content/ParagonTerra/Characters/Heroes/Terra/Skins/MountainForge/Textures/T_Terra_MountainForge_Body_M.ubulk" 3279
"C:/Users/2101501/Documents/GitHub/PenGwyn-Honours-Project/PenGwyn/Content/ParagonTerra/Characters/Heroes/Terra/Skins/MountainForge/Textures/T_Terra_MountainForge_Body_M.uasset" 3280
"C:/Users/2101501/Documents/GitHub/PenGwyn-Honours-Project/PenGwyn/Content/ParagonTerra/Characters/Heroes/Terra/Skins/MountainForge/Textures/T_Terra_MountainForge_Body_M.uexp" 3281
"C:/Users/2101501/Documents/GitHub/PenGwyn-Honours-Project/PenGwyn/Content/ParagonTerra/Characters/Heroes/Terra/Skins/MountainForge/Materials/MI_Terra_Body_MountainForge.uasset" 3282
"C:/Users/2101501/Documents/GitHub/PenGwyn-Honours-Project/PenGwyn/Content/ParagonTerra/Characters/Heroes/Terra/Skins/MountainForge/Materials/MI_Terra_Body_MountainForge.uexp" 3283
"C:/Users/2101501/Documents/GitHub/PenGwyn-Honours-Project/PenGwyn/Content/ParagonTerra/Characters/Heroes/Terra/Skins/MountainForge/Meshes/Terra_MountainForge.uasset" 3284
"C:/Users/2101501/Documents/GitHub/PenGwyn-Honours-Project/PenGwyn/Content/ParagonTerra/Characters/Heroes/Terra/Skins/MountainForge/Meshes/Terra_MountainForge.uexp" 3285
"C:/Users/2101501/Documents/GitHub/PenGwyn-Honours-Project/PenGwyn/Content/ParagonTerra/Characters/Heroes/Terra/Animations/Jog_Fwd.uasset" 3286
"C:/Users/2101501/Documents/GitHub/PenGwyn-Honours-Project/PenGwyn/Content/ParagonTerra/Characters/Heroes/Terra/Animations/Jog_Fwd.uexp" 3287
"C:/Users/2101501/Documents/GitHub/PenGwyn-Honours-Project/PenGwyn/Content/ParagonTerra/Characters/Heroes/Terra/Animations/Jog_Fwd_uphill.uasset" 3288
"C:/Users/2101501/Documents/GitHub/PenGwyn-Honours-Project/PenGwyn/Content/ParagonTerra/Characters/Heroes/Terra/Animations/Jog_Fwd_uphill.uexp" 3289
"C:/Users/2101501/Documents/GitHub/PenGwyn-Honours-Project/PenGwyn/Content/ParagonTerra/Characters/Heroes/Terra/Animations/Jog_Fwd_Downhill.uasset" 3290
"C:/Users/2101501/Documents/GitHub/PenGwyn-Honours-Project/PenGwyn/Content/ParagonTerra/Characters/Heroes/Terra/Animations/Jog_Fwd_Downhill.uexp" 3291
"C:/Users/2101501/Documents/GitHub/PenGwyn-Honours-Project/PenGwyn/Content/ParagonTerra/Characters/Heroes/Terra/Animations/Jog_Fwd_CircleRight.uasset" 3292
"C:/Users/2101501/Documents/GitHub/PenGwyn-Honours-Project/PenGwyn/Content/ParagonTerra/Characters/Heroes/Terra/Animations/Jog_Fwd_CircleRight.uexp" 3293
"C:/Users/2101501/Documents/GitHub/PenGwyn-Honours-Project/PenGwyn/Content/ParagonTerra/Characters/Heroes/Terra/Animations/Jog_Fwd_CircleLeft.uasset" 3294
"C:/Users/2101501/Documents/GitHub/PenGwyn-Honours-Project/PenGwyn/Content/ParagonTerra/Characters/Heroes/Terra/Animations/Jog_Fwd_CircleLeft.uexp" 3295
"C:/Users/2101501/Documents/GitHub/PenGwyn-Honours-Project/PenGwyn/Content/ParagonTerra/Characters/Heroes/Terra/Animations/BlendSpaces/JogFwdSlopeLean.uasset" 3296
"C:/Users/2101501/Documents/GitHub/PenGwyn-Honours-Project/PenGwyn/Content/ParagonTerra/Characters/Heroes/Terra/Animations/BlendSpaces/JogFwdSlopeLean.uexp" 3297
"C:/Users/2101501/Documents/GitHub/PenGwyn-Honours-Project/PenGwyn/Content/ParagonTerra/Characters/Heroes/Terra/Animations/Idle.uasset" 3298
"C:/Users/2101501/Documents/GitHub/PenGwyn-Honours-Project/PenGwyn/Content/ParagonTerra/Characters/Heroes/Terra/Animations/Idle.uexp" 3299
"C:/Users/2101501/Documents/GitHub/PenGwyn-Honours-Project/PenGwyn/Content/ParagonTerra/Characters/Heroes/Terra/Animations/BlendSpaces/TerraBlend1D.uasset" 3300
"C:/Users/2101501/Documents/GitHub/PenGwyn-Honours-Project/PenGwyn/Content/ParagonTerra/Characters/Heroes/Terra/Animations/BlendSpaces/TerraBlend1D.uexp" 3301
"C:/Users/2101501/Documents/GitHub/PenGwyn-Honours-Project/PenGwyn/Content/ParagonTerra/Characters/Heroes/Terra/Animations/Jog_Fwd_Start.uasset" 3302
"C:/Users/2101501/Documents/GitHub/PenGwyn-Honours-Project/PenGwyn/Content/ParagonTerra/Characters/Heroes/Terra/Animations/Jog_Fwd_Start.uexp" 3303
"C:/Users/2101501/Documents/GitHub/PenGwyn-Honours-Project/PenGwyn/Content/ParagonTerra/Characters/Heroes/Terra/Animations/Jog_Fwd_Stop.uasset" 3304
"C:/Users/2101501/Documents/GitHub/PenGwyn-Honours-Project/PenGwyn/Content/ParagonTerra/Characters/Heroes/Terra/Animations/Jog_Fwd_Stop.uexp" 3305
"C:/Users/2101501/Documents/GitHub/PenGwyn-Honours-Project/PenGwyn/Content/ParagonTerra/Characters/Heroes/Terra/Animations/LevelStart.uasset" 3306
"C:/Users/2101501/Documents/GitHub/PenGwyn-Honours-Project/PenGwyn/Content/ParagonTerra/Characters/Heroes/Terra/Animations/LevelStart.uexp" 3307
"C:/Users/2101501/Documents/GitHub/PenGwyn-Honours-Project/PenGwyn/Content/ParagonTerra/Characters/Heroes/Terra/Animations/LevelStart_Montage.uasset" 3308
"C:/Users/2101501/Documents/GitHub/PenGwyn-Honours-Project/PenGwyn/Content/ParagonTerra/Characters/Heroes/Terra/Animations/LevelStart_Montage.uexp" 3309
"C:/Users/2101501/Documents/GitHub/PenGwyn-Honours-Project/PenGwyn/Content/ParagonTerra/Characters/Heroes/Terra/Terra_AnimBlueprint.uasset" 3310
"C:/Users/2101501/Documents/GitHub/PenGwyn-Honours-Project/PenGwyn/Content/ParagonTerra/Characters/Heroes/Terra/Terra_AnimBlueprint.uexp" 3311
"C:/Users/2101501/Documents/GitHub/PenGwyn-Honours-Project/PenGwyn/Content/ParagonTerra/Characters/Heroes/Terra/Animations/Death.uasset" 3312
"C:/Users/2101501/Documents/GitHub/PenGwyn-Honours-Project/PenGwyn/Content/ParagonTerra/Characters/Heroes/Terra/Animations/Death.uexp" 3313
"C:/Users/2101501/Documents/GitHub/PenGwyn-Honours-Project/PenGwyn/Content/ParagonTerra/Characters/Heroes/Terra/Animations/AM_Enemy_Light_Death.uasset" 3314
"C:/Users/2101501/Documents/GitHub/PenGwyn-Honours-Project/PenGwyn/Content/ParagonTerra/Characters/Heroes/Terra/Animations/AM_Enemy_Light_Death.uexp" 3315
"C:/Users/2101501/Documents/GitHub/PenGwyn-Honours-Project/PenGwyn/Content/ParagonTerra/Characters/Heroes/Terra/Animations/HitReact_Right.uasset" 3316
"C:/Users/2101501/Documents/GitHub/PenGwyn-Honours-Project/PenGwyn/Content/ParagonTerra/Characters/Heroes/Terra/Animations/HitReact_Right.uexp" 3317
"C:/Users/2101501/Documents/GitHub/PenGwyn-Honours-Project/PenGwyn/Content/ParagonTerra/Characters/Heroes/Terra/Animations/AM_EnemyHitReact_Right_Montage.uasset" 3318
"C:/Users/2101501/Documents/GitHub/PenGwyn-Honours-Project/PenGwyn/Content/ParagonTerra/Characters/Heroes/Terra/Animations/AM_EnemyHitReact_Right_Montage.uexp" 3319
"C:/Users/2101501/Documents/GitHub/PenGwyn-Honours-Project/PenGwyn/Content/ParagonTerra/Characters/Heroes/Terra/Animations/HitReact_Left.uasset" 3320
"C:/Users/2101501/Documents/GitHub/PenGwyn-Honours-Project/PenGwyn/Content/ParagonTerra/Characters/Heroes/Terra/Animations/HitReact_Left.uexp" 3321
"C:/Users/2101501/Documents/GitHub/PenGwyn-Honours-Project/PenGwyn/Content/ParagonTerra/Characters/Heroes/Terra/Animations/AM_EnemyHitReact_Left_Montage.uasset" 3322
"C:/Users/2101501/Documents/GitHub/PenGwyn-Honours-Project/PenGwyn/Content/ParagonTerra/Characters/Heroes/Terra/Animations/AM_EnemyHitReact_Left_Montage.uexp" 3323
"C:/Users/2101501/Documents/GitHub/PenGwyn-Honours-Project/PenGwyn/Content/ParagonTerra/Characters/Heroes/Terra/Animations/HitReact_Front.uasset" 3324
"C:/Users/2101501/Documents/GitHub/PenGwyn-Honours-Project/PenGwyn/Content/ParagonTerra/Characters/Heroes/Terra/Animations/HitReact_Front.uexp" 3325
"C:/Users/2101501/Documents/GitHub/PenGwyn-Honours-Project/PenGwyn/Content/ParagonTerra/Characters/Heroes/Terra/Animations/AM_EnemyHitReact_Front_Montage.uasset" 3326
"C:/Users/2101501/Documents/GitHub/PenGwyn-Honours-Project/PenGwyn/Content/ParagonTerra/Characters/Heroes/Terra/Animations/AM_EnemyHitReact_Front_Montage.uexp" 3327
"C:/Users/2101501/Documents/GitHub/PenGwyn-Honours-Project/PenGwyn/Content/ParagonTerra/Characters/Heroes/Terra/Animations/HitReact_Back.uasset" 3328
"C:/Users/2101501/Documents/GitHub/PenGwyn-Honours-Project/PenGwyn/Content/ParagonTerra/Characters/Heroes/Terra/Animations/HitReact_Back.uexp" 3329
"C:/Users/2101501/Documents/GitHub/PenGwyn-Honours-Project/PenGwyn/Content/ParagonTerra/Characters/Heroes/Terra/Animations/AM_EnemyHitReact_Back_Montage.uasset" 3330
"C:/Users/2101501/Documents/GitHub/PenGwyn-Honours-Project/PenGwyn/Content/ParagonTerra/Characters/Heroes/Terra/Animations/AM_EnemyHitReact_Back_Montage.uexp" 3331
"C:/Users/2101501/Documents/GitHub/PenGwyn-Honours-Project/PenGwyn/Content/Experience/Blueprints/AI/Behaviour/Tasks/BTTMeeleAttack.uasset" 3332
"C:/Users/2101501/Documents/GitHub/PenGwyn-Honours-Project/PenGwyn/Content/Experience/Blueprints/AI/Behaviour/Tasks/BTTMeeleAttack.uexp" 3333
"C:/Users/2101501/Documents/GitHub/PenGwyn-Honours-Project/PenGwyn/Content/Experience/Blueprints/AI/Behaviour/BT_Enemy_Light.uasset" 3334
"C:/Users/2101501/Documents/GitHub/PenGwyn-Honours-Project/PenGwyn/Content/Experience/Blueprints/AI/Behaviour/BT_Enemy_Light.uexp" 3335
"C:/Users/2101501/Documents/GitHub/PenGwyn-Honours-Project/PenGwyn/Content/Experience/Blueprints/AI/BP_Enemy_Light.uasset" 3336
"C:/Users/2101501/Documents/GitHub/PenGwyn-Honours-Project/PenGwyn/Content/Experience/Blueprints/AI/BP_Enemy_Light.uexp" 3337
"C:/Users/2101501/Documents/GitHub/PenGwyn-Honours-Project/PenGwyn/Content/ParagonSevarog/Characters/Heroes/Sevarog/Meshes/Sevarog_Skeleton.uasset" 3338
"C:/Users/2101501/Documents/GitHub/PenGwyn-Honours-Project/PenGwyn/Content/ParagonSevarog/Characters/Heroes/Sevarog/Meshes/Sevarog_Skeleton.uexp" 3339
"C:/Users/2101501/Documents/GitHub/PenGwyn-Honours-Project/PenGwyn/Content/ParagonSevarog/Characters/Heroes/Sevarog/Meshes/Sevarog_Extents.uasset" 3340
"C:/Users/2101501/Documents/GitHub/PenGwyn-Honours-Project/PenGwyn/Content/ParagonSevarog/Characters/Heroes/Sevarog/Meshes/Sevarog_Extents.uexp" 3341
"C:/Users/2101501/Documents/GitHub/PenGwyn-Honours-Project/PenGwyn/Content/ParagonSevarog/Characters/Heroes/Sevarog/Materials/M_invis.uasset" 3342
"C:/Users/2101501/Documents/GitHub/PenGwyn-Honours-Project/PenGwyn/Content/ParagonSevarog/Characters/Heroes/Sevarog/Materials/M_invis.uexp" 3343
"C:/Users/2101501/Documents/GitHub/PenGwyn-Honours-Project/PenGwyn/Content/ParagonSevarog/Characters/Heroes/Sevarog/Meshes/Sevarog_ShadowCyl.uasset" 3344
"C:/Users/2101501/Documents/GitHub/PenGwyn-Honours-Project/PenGwyn/Content/ParagonSevarog/Characters/Heroes/Sevarog/Meshes/Sevarog_ShadowCyl.uexp" 3345
"C:/Users/2101501/Documents/GitHub/PenGwyn-Honours-Project/PenGwyn/Content/ParagonSevarog/Characters/Heroes/Sevarog/Textures/T_UnpleasentGrime_D.ubulk" 3346
"C:/Users/2101501/Documents/GitHub/PenGwyn-Honours-Project/PenGwyn/Content/ParagonSevarog/Characters/Heroes/Sevarog/Textures/T_UnpleasentGrime_D.uasset" 3347
"C:/Users/2101501/Documents/GitHub/PenGwyn-Honours-Project/PenGwyn/Content/ParagonSevarog/Characters/Heroes/Sevarog/Textures/T_UnpleasentGrime_D.uexp" 3348
"C:/Users/2101501/Documents/GitHub/PenGwyn-Honours-Project/PenGwyn/Content/ParagonSevarog/Characters/Heroes/Sevarog/Textures/T_Smoke_01.ubulk" 3349
"C:/Users/2101501/Documents/GitHub/PenGwyn-Honours-Project/PenGwyn/Content/ParagonSevarog/Characters/Heroes/Sevarog/Textures/T_Smoke_01.uasset" 3350
"C:/Users/2101501/Documents/GitHub/PenGwyn-Honours-Project/PenGwyn/Content/ParagonSevarog/Characters/Heroes/Sevarog/Textures/T_Smoke_01.uexp" 3351
"C:/Users/2101501/Documents/GitHub/PenGwyn-Honours-Project/PenGwyn/Content/ParagonSevarog/Characters/Heroes/Sevarog/Textures/T_Sevarog_Torso_RGB.ubulk" 3352
"C:/Users/2101501/Documents/GitHub/PenGwyn-Honours-Project/PenGwyn/Content/ParagonSevarog/Characters/Heroes/Sevarog/Textures/T_Sevarog_Torso_RGB.uasset" 3353
"C:/Users/2101501/Documents/GitHub/PenGwyn-Honours-Project/PenGwyn/Content/ParagonSevarog/Characters/Heroes/Sevarog/Textures/T_Sevarog_Torso_RGB.uexp" 3354
"C:/Users/2101501/Documents/GitHub/PenGwyn-Honours-Project/PenGwyn/Content/ParagonSevarog/Characters/Heroes/Sevarog/Textures/T_Sevarog_Torso_N.ubulk" 3355
"C:/Users/2101501/Documents/GitHub/PenGwyn-Honours-Project/PenGwyn/Content/ParagonSevarog/Characters/Heroes/Sevarog/Textures/T_Sevarog_Torso_N.uasset" 3356
"C:/Users/2101501/Documents/GitHub/PenGwyn-Honours-Project/PenGwyn/Content/ParagonSevarog/Characters/Heroes/Sevarog/Textures/T_Sevarog_Torso_N.uexp" 3357
"C:/Users/2101501/Documents/GitHub/PenGwyn-Honours-Project/PenGwyn/Content/ParagonSevarog/Characters/Heroes/Sevarog/Textures/T_Sevarog_Torso_Mask1.ubulk" 3358
"C:/Users/2101501/Documents/GitHub/PenGwyn-Honours-Project/PenGwyn/Content/ParagonSevarog/Characters/Heroes/Sevarog/Textures/T_Sevarog_Torso_Mask1.uasset" 3359
"C:/Users/2101501/Documents/GitHub/PenGwyn-Honours-Project/PenGwyn/Content/ParagonSevarog/Characters/Heroes/Sevarog/Textures/T_Sevarog_Torso_Mask1.uexp" 3360
"C:/Users/2101501/Documents/GitHub/PenGwyn-Honours-Project/PenGwyn/Content/ParagonSevarog/Characters/Heroes/Sevarog/Textures/T_Sevarog_Torso_Mask.ubulk" 3361
"C:/Users/2101501/Documents/GitHub/PenGwyn-Honours-Project/PenGwyn/Content/ParagonSevarog/Characters/Heroes/Sevarog/Textures/T_Sevarog_Torso_Mask.uasset" 3362
"C:/Users/2101501/Documents/GitHub/PenGwyn-Honours-Project/PenGwyn/Content/ParagonSevarog/Characters/Heroes/Sevarog/Textures/T_Sevarog_Torso_Mask.uexp" 3363
"C:/Users/2101501/Documents/GitHub/PenGwyn-Honours-Project/PenGwyn/Content/ParagonSevarog/Characters/Heroes/Sevarog/Textures/T_OldWeave_NRM.ubulk" 3364
"C:/Users/2101501/Documents/GitHub/PenGwyn-Honours-Project/PenGwyn/Content/ParagonSevarog/Characters/Heroes/Sevarog/Textures/T_OldWeave_NRM.uasset" 3365
"C:/Users/2101501/Documents/GitHub/PenGwyn-Honours-Project/PenGwyn/Content/ParagonSevarog/Characters/Heroes/Sevarog/Textures/T_OldWeave_NRM.uexp" 3366
"C:/Users/2101501/Documents/GitHub/PenGwyn-Honours-Project/PenGwyn/Content/ParagonSevarog/Characters/Heroes/Sevarog/Textures/T_OldWeave_COLOR.ubulk" 3367
"C:/Users/2101501/Documents/GitHub/PenGwyn-Honours-Project/PenGwyn/Content/ParagonSevarog/Characters/Heroes/Sevarog/Textures/T_OldWeave_COLOR.uasset" 3368
"C:/Users/2101501/Documents/GitHub/PenGwyn-Honours-Project/PenGwyn/Content/ParagonSevarog/Characters/Heroes/Sevarog/Textures/T_OldWeave_COLOR.uexp" 3369
"C:/Users/2101501/Documents/GitHub/PenGwyn-Honours-Project/PenGwyn/Content/ParagonSevarog/Characters/Heroes/Sevarog/Textures/T_IronRust_Tile_N.ubulk" 3370
"C:/Users/2101501/Documents/GitHub/PenGwyn-Honours-Project/PenGwyn/Content/ParagonSevarog/Characters/Heroes/Sevarog/Textures/T_IronRust_Tile_N.uasset" 3371
"C:/Users/2101501/Documents/GitHub/PenGwyn-Honours-Project/PenGwyn/Content/ParagonSevarog/Characters/Heroes/Sevarog/Textures/T_IronRust_Tile_N.uexp" 3372
"C:/Users/2101501/Documents/GitHub/PenGwyn-Honours-Project/PenGwyn/Content/ParagonSevarog/Characters/Heroes/Sevarog/Textures/T_IronRust_Tile_D.ubulk" 3373
"C:/Users/2101501/Documents/GitHub/PenGwyn-Honours-Project/PenGwyn/Content/ParagonSevarog/Characters/Heroes/Sevarog/Textures/T_IronRust_Tile_D.uasset" 3374
"C:/Users/2101501/Documents/GitHub/PenGwyn-Honours-Project/PenGwyn/Content/ParagonSevarog/Characters/Heroes/Sevarog/Textures/T_IronRust_Tile_D.uexp" 3375
"C:/Users/2101501/Documents/GitHub/PenGwyn-Honours-Project/PenGwyn/Content/ParagonSevarog/Characters/Global/ParameterCollections/OrionGlobalGameplayCollection.uasset" 3376
"C:/Users/2101501/Documents/GitHub/PenGwyn-Honours-Project/PenGwyn/Content/ParagonSevarog/Characters/Global/ParameterCollections/OrionGlobalGameplayCollection.uexp" 3377
"C:/Users/2101501/Documents/GitHub/PenGwyn-Honours-Project/PenGwyn/Content/ParagonSevarog/Characters/Global/MaterialLayers/T_TestML_Mask.ubulk" 3378
"C:/Users/2101501/Documents/GitHub/PenGwyn-Honours-Project/PenGwyn/Content/ParagonSevarog/Characters/Global/MaterialLayers/T_TestML_Mask.uasset" 3379
"C:/Users/2101501/Documents/GitHub/PenGwyn-Honours-Project/PenGwyn/Content/ParagonSevarog/Characters/Global/MaterialLayers/T_TestML_Mask.uexp" 3380
"C:/Users/2101501/Documents/GitHub/PenGwyn-Honours-Project/PenGwyn/Content/ParagonSevarog/Characters/Global/MaterialLayers/ML_Blank.uasset" 3381
"C:/Users/2101501/Documents/GitHub/PenGwyn-Honours-Project/PenGwyn/Content/ParagonSevarog/Characters/Global/MaterialLayers/ML_Blank.uexp" 3382
"C:/Users/2101501/Documents/GitHub/PenGwyn-Honours-Project/PenGwyn/Content/ParagonSevarog/Characters/Global/MaterialFunctions/MaterialLayerConstructors/MLC_ScratchAndGrime.uasset" 3383
"C:/Users/2101501/Documents/GitHub/PenGwyn-Honours-Project/PenGwyn/Content/ParagonSevarog/Characters/Global/MaterialFunctions/MaterialLayerConstructors/MLC_ScratchAndGrime.uexp" 3384
"C:/Users/2101501/Documents/GitHub/PenGwyn-Honours-Project/PenGwyn/Content/ParagonSevarog/Characters/Global/MaterialFunctions/MaterialLayerConstructors/MLC_Standard.uasset" 3385
"C:/Users/2101501/Documents/GitHub/PenGwyn-Honours-Project/PenGwyn/Content/ParagonSevarog/Characters/Global/MaterialFunctions/MaterialLayerConstructors/MLC_Standard.uexp" 3386
"C:/Users/2101501/Documents/GitHub/PenGwyn-Honours-Project/PenGwyn/Content/ParagonSevarog/Characters/Global/MaterialLayers/Metal/T_Blue_Metal02.ubulk" 3387
"C:/Users/2101501/Documents/GitHub/PenGwyn-Honours-Project/PenGwyn/Content/ParagonSevarog/Characters/Global/MaterialLayers/Metal/T_Blue_Metal02.uasset" 3388
"C:/Users/2101501/Documents/GitHub/PenGwyn-Honours-Project/PenGwyn/Content/ParagonSevarog/Characters/Global/MaterialLayers/Metal/T_Blue_Metal02.uexp" 3389
"C:/Users/2101501/Documents/GitHub/PenGwyn-Honours-Project/PenGwyn/Content/ParagonSevarog/Characters/Global/MaterialLayers/Rubber/T_Blank_N.uasset" 3390
"C:/Users/2101501/Documents/GitHub/PenGwyn-Honours-Project/PenGwyn/Content/ParagonSevarog/Characters/Global/MaterialLayers/Rubber/T_Blank_N.uexp" 3391
"C:/Users/2101501/Documents/GitHub/PenGwyn-Honours-Project/PenGwyn/Content/ParagonSevarog/Characters/Global/MaterialLayers/Metal/ML_blue_Metal.uasset" 3392
"C:/Users/2101501/Documents/GitHub/PenGwyn-Honours-Project/PenGwyn/Content/ParagonSevarog/Characters/Global/MaterialLayers/Metal/ML_blue_Metal.uexp" 3393
"C:/Users/2101501/Documents/GitHub/PenGwyn-Honours-Project/PenGwyn/Content/ParagonSevarog/Characters/Global/MaterialFunctions/MF_OrionRimlight.uasset" 3394
"C:/Users/2101501/Documents/GitHub/PenGwyn-Honours-Project/PenGwyn/Content/ParagonSevarog/Characters/Global/MaterialFunctions/MF_OrionRimlight.uexp" 3395
"C:/Users/2101501/Documents/GitHub/PenGwyn-Honours-Project/PenGwyn/Content/ParagonSevarog/Characters/Global/T_Black_Linear.uasset" 3396
"C:/Users/2101501/Documents/GitHub/PenGwyn-Honours-Project/PenGwyn/Content/ParagonSevarog/Characters/Global/T_Black_Linear.uexp" 3397
"C:/Users/2101501/Documents/GitHub/PenGwyn-Honours-Project/PenGwyn/Content/ParagonSevarog/Characters/Global/MaterialFunctions/MF_OrionCharacterAO.uasset" 3398
"C:/Users/2101501/Documents/GitHub/PenGwyn-Honours-Project/PenGwyn/Content/ParagonSevarog/Characters/Global/MaterialFunctions/MF_OrionCharacterAO.uexp" 3399
"C:/Users/2101501/Documents/GitHub/PenGwyn-Honours-Project/PenGwyn/Content/ParagonSevarog/Characters/Global/MaterialFunctions/MF_HitFlash.uasset" 3400
"C:/Users/2101501/Documents/GitHub/PenGwyn-Honours-Project/PenGwyn/Content/ParagonSevarog/Characters/Global/MaterialFunctions/MF_HitFlash.uexp" 3401
"C:/Users/2101501/Documents/GitHub/PenGwyn-Honours-Project/PenGwyn/Content/ParagonSevarog/Characters/Global/MaterialFunctions/Textures/T_AtmosphericCloudNoise01.ubulk" 3402
"C:/Users/2101501/Documents/GitHub/PenGwyn-Honours-Project/PenGwyn/Content/ParagonSevarog/Characters/Global/MaterialFunctions/Textures/T_AtmosphericCloudNoise01.uasset" 3403
"C:/Users/2101501/Documents/GitHub/PenGwyn-Honours-Project/PenGwyn/Content/ParagonSevarog/Characters/Global/MaterialFunctions/Textures/T_AtmosphericCloudNoise01.uexp" 3404
"C:/Users/2101501/Documents/GitHub/PenGwyn-Honours-Project/PenGwyn/Content/ParagonSevarog/Characters/Global/MaterialFunctions/Textures/T_AtmosphericCloudNoise03.ubulk" 3405
"C:/Users/2101501/Documents/GitHub/PenGwyn-Honours-Project/PenGwyn/Content/ParagonSevarog/Characters/Global/MaterialFunctions/Textures/T_AtmosphericCloudNoise03.uasset" 3406
"C:/Users/2101501/Documents/GitHub/PenGwyn-Honours-Project/PenGwyn/Content/ParagonSevarog/Characters/Global/MaterialFunctions/Textures/T_AtmosphericCloudNoise03.uexp" 3407
"C:/Users/2101501/Documents/GitHub/PenGwyn-Honours-Project/PenGwyn/Content/ParagonSevarog/Characters/Global/MaterialFunctions/Textures/T_AtmosphericCloudNoise01_N.ubulk" 3408
"C:/Users/2101501/Documents/GitHub/PenGwyn-Honours-Project/PenGwyn/Content/ParagonSevarog/Characters/Global/MaterialFunctions/Textures/T_AtmosphericCloudNoise01_N.uasset" 3409
"C:/Users/2101501/Documents/GitHub/PenGwyn-Honours-Project/PenGwyn/Content/ParagonSevarog/Characters/Global/MaterialFunctions/Textures/T_AtmosphericCloudNoise01_N.uexp" 3410
"C:/Users/2101501/Documents/GitHub/PenGwyn-Honours-Project/PenGwyn/Content/ParagonSevarog/Characters/Global/MaterialFunctions/MF_DeathFade.uasset" 3411
"C:/Users/2101501/Documents/GitHub/PenGwyn-Honours-Project/PenGwyn/Content/ParagonSevarog/Characters/Global/MaterialFunctions/MF_DeathFade.uexp" 3412
"C:/Users/2101501/Documents/GitHub/PenGwyn-Honours-Project/PenGwyn/Content/ParagonSevarog/Characters/Global/MaterialFunctions/MF_BrightnessAdjust.uasset" 3413
"C:/Users/2101501/Documents/GitHub/PenGwyn-Honours-Project/PenGwyn/Content/ParagonSevarog/Characters/Global/MaterialFunctions/MF_BrightnessAdjust.uexp" 3414
"C:/Users/2101501/Documents/GitHub/PenGwyn-Honours-Project/PenGwyn/Content/ParagonSevarog/Characters/Global/MaterialFunctions/MF_CharacterEffects.uasset" 3415
"C:/Users/2101501/Documents/GitHub/PenGwyn-Honours-Project/PenGwyn/Content/ParagonSevarog/Characters/Global/MaterialFunctions/MF_CharacterEffects.uexp" 3416
"C:/Users/2101501/Documents/GitHub/PenGwyn-Honours-Project/PenGwyn/Content/ParagonSevarog/Characters/Global/MaterialLayers/Metal/T_RoughMetal01_N2.ubulk" 3417
"C:/Users/2101501/Documents/GitHub/PenGwyn-Honours-Project/PenGwyn/Content/ParagonSevarog/Characters/Global/MaterialLayers/Metal/T_RoughMetal01_N2.uasset" 3418
"C:/Users/2101501/Documents/GitHub/PenGwyn-Honours-Project/PenGwyn/Content/ParagonSevarog/Characters/Global/MaterialLayers/Metal/T_RoughMetal01_N2.uexp" 3419
"C:/Users/2101501/Documents/GitHub/PenGwyn-Honours-Project/PenGwyn/Content/ParagonSevarog/Characters/Global/MaterialLayers/Metal/ML_Rust02.uasset" 3420
"C:/Users/2101501/Documents/GitHub/PenGwyn-Honours-Project/PenGwyn/Content/ParagonSevarog/Characters/Global/MaterialLayers/Metal/ML_Rust02.uexp" 3421
"C:/Users/2101501/Documents/GitHub/PenGwyn-Honours-Project/PenGwyn/Content/ParagonSevarog/Characters/Global/MaterialLayers/Metal/T_RoughMetal01_N.ubulk" 3422
"C:/Users/2101501/Documents/GitHub/PenGwyn-Honours-Project/PenGwyn/Content/ParagonSevarog/Characters/Global/MaterialLayers/Metal/T_RoughMetal01_N.uasset" 3423
"C:/Users/2101501/Documents/GitHub/PenGwyn-Honours-Project/PenGwyn/Content/ParagonSevarog/Characters/Global/MaterialLayers/Metal/T_RoughMetal01_N.uexp" 3424
"C:/Users/2101501/Documents/GitHub/PenGwyn-Honours-Project/PenGwyn/Content/ParagonSevarog/Characters/Global/MaterialLayers/Metal/T_RoughMetal01.ubulk" 3425
"C:/Users/2101501/Documents/GitHub/PenGwyn-Honours-Project/PenGwyn/Content/ParagonSevarog/Characters/Global/MaterialLayers/Metal/T_RoughMetal01.uasset" 3426
"C:/Users/2101501/Documents/GitHub/PenGwyn-Honours-Project/PenGwyn/Content/ParagonSevarog/Characters/Global/MaterialLayers/Metal/T_RoughMetal01.uexp" 3427
"C:/Users/2101501/Documents/GitHub/PenGwyn-Honours-Project/PenGwyn/Content/ParagonSevarog/Characters/Global/MaterialLayers/Metal/ML_Steel.uasset" 3428
"C:/Users/2101501/Documents/GitHub/PenGwyn-Honours-Project/PenGwyn/Content/ParagonSevarog/Characters/Global/MaterialLayers/Metal/ML_Steel.uexp" 3429
"C:/Users/2101501/Documents/GitHub/PenGwyn-Honours-Project/PenGwyn/Content/ParagonSevarog/Characters/Global/MaterialLayers/Rock/T_Weathered__Detail001_Mask.ubulk" 3430
"C:/Users/2101501/Documents/GitHub/PenGwyn-Honours-Project/PenGwyn/Content/ParagonSevarog/Characters/Global/MaterialLayers/Rock/T_Weathered__Detail001_Mask.uasset" 3431
"C:/Users/2101501/Documents/GitHub/PenGwyn-Honours-Project/PenGwyn/Content/ParagonSevarog/Characters/Global/MaterialLayers/Rock/T_Weathered__Detail001_Mask.uexp" 3432
"../../../Engine/Content/EngineMaterials/BlendFunc_DefBlend.uasset" 3433
"../../../Engine/Content/EngineMaterials/BlendFunc_DefBlend.uexp" 3434
"../../../Engine/Content/EngineMaterials/BlendFunc_DefBase.uasset" 3435
"../../../Engine/Content/EngineMaterials/BlendFunc_DefBase.uexp" 3436
"../../../Engine/Content/Functions/Engine_MaterialFunctions03/Blends/Blend_Overlay.uasset" 3437
"../../../Engine/Content/Functions/Engine_MaterialFunctions03/Blends/Blend_Overlay.uexp" 3438
"C:/Users/2101501/Documents/GitHub/PenGwyn-Honours-Project/PenGwyn/Content/ParagonSevarog/Characters/Global/MaterialFunctions/MaterialLayerConstructors/MF_BaseColorTintAndContrast.uasset" 3439
"C:/Users/2101501/Documents/GitHub/PenGwyn-Honours-Project/PenGwyn/Content/ParagonSevarog/Characters/Global/MaterialFunctions/MaterialLayerConstructors/MF_BaseColorTintAndContrast.uexp" 3440
"C:/Users/2101501/Documents/GitHub/PenGwyn-Honours-Project/PenGwyn/Content/ParagonSevarog/Characters/Global/MaterialFunctions/MaterialLayerConstructors/MF_RoughnessAdjustment.uasset" 3441
"C:/Users/2101501/Documents/GitHub/PenGwyn-Honours-Project/PenGwyn/Content/ParagonSevarog/Characters/Global/MaterialFunctions/MaterialLayerConstructors/MF_RoughnessAdjustment.uexp" 3442
"C:/Users/2101501/Documents/GitHub/PenGwyn-Honours-Project/PenGwyn/Content/ParagonSevarog/Characters/Global/MaterialLayers/Leather/T_Dark_Leather_N.ubulk" 3443
"C:/Users/2101501/Documents/GitHub/PenGwyn-Honours-Project/PenGwyn/Content/ParagonSevarog/Characters/Global/MaterialLayers/Leather/T_Dark_Leather_N.uasset" 3444
"C:/Users/2101501/Documents/GitHub/PenGwyn-Honours-Project/PenGwyn/Content/ParagonSevarog/Characters/Global/MaterialLayers/Leather/T_Dark_Leather_N.uexp" 3445
"C:/Users/2101501/Documents/GitHub/PenGwyn-Honours-Project/PenGwyn/Content/ParagonSevarog/Characters/Global/MaterialLayers/Leather/T_Dark_Leather.ubulk" 3446
"C:/Users/2101501/Documents/GitHub/PenGwyn-Honours-Project/PenGwyn/Content/ParagonSevarog/Characters/Global/MaterialLayers/Leather/T_Dark_Leather.uasset" 3447
"C:/Users/2101501/Documents/GitHub/PenGwyn-Honours-Project/PenGwyn/Content/ParagonSevarog/Characters/Global/MaterialLayers/Leather/T_Dark_Leather.uexp" 3448
"C:/Users/2101501/Documents/GitHub/PenGwyn-Honours-Project/PenGwyn/Content/ParagonSevarog/Characters/Global/MaterialLayers/Leather/ML_Dark_Leather01_Stained.uasset" 3449
"C:/Users/2101501/Documents/GitHub/PenGwyn-Honours-Project/PenGwyn/Content/ParagonSevarog/Characters/Global/MaterialLayers/Leather/ML_Dark_Leather01_Stained.uexp" 3450
"C:/Users/2101501/Documents/GitHub/PenGwyn-Honours-Project/PenGwyn/Content/ParagonSevarog/Characters/Global/MaterialLayers/Metal/T_Rust01_N.ubulk" 3451
"C:/Users/2101501/Documents/GitHub/PenGwyn-Honours-Project/PenGwyn/Content/ParagonSevarog/Characters/Global/MaterialLayers/Metal/T_Rust01_N.uasset" 3452
"C:/Users/2101501/Documents/GitHub/PenGwyn-Honours-Project/PenGwyn/Content/ParagonSevarog/Characters/Global/MaterialLayers/Metal/T_Rust01_N.uexp" 3453
"C:/Users/2101501/Documents/GitHub/PenGwyn-Honours-Project/PenGwyn/Content/ParagonSevarog/Characters/Global/MaterialLayers/Leather/T_Worn_Under_Leather.ubulk" 3454
"C:/Users/2101501/Documents/GitHub/PenGwyn-Honours-Project/PenGwyn/Content/ParagonSevarog/Characters/Global/MaterialLayers/Leather/T_Worn_Under_Leather.uasset" 3455
"C:/Users/2101501/Documents/GitHub/PenGwyn-Honours-Project/PenGwyn/Content/ParagonSevarog/Characters/Global/MaterialLayers/Leather/T_Worn_Under_Leather.uexp" 3456
"C:/Users/2101501/Documents/GitHub/PenGwyn-Honours-Project/PenGwyn/Content/ParagonSevarog/Characters/Global/MaterialLayers/Leather/ML_Worn_Under_Leather.uasset" 3457
"C:/Users/2101501/Documents/GitHub/PenGwyn-Honours-Project/PenGwyn/Content/ParagonSevarog/Characters/Global/MaterialLayers/Leather/ML_Worn_Under_Leather.uexp" 3458
"../../../Engine/Content/Functions/Engine_MaterialFunctions03/Blends/Blend_SoftLight.uasset" 3459
"../../../Engine/Content/Functions/Engine_MaterialFunctions03/Blends/Blend_SoftLight.uexp" 3460
"C:/Users/2101501/Documents/GitHub/PenGwyn-Honours-Project/PenGwyn/Content/ParagonSevarog/Characters/Global/FX/Textures/Masks/T_spiritplane_arcs.ubulk" 3461
"C:/Users/2101501/Documents/GitHub/PenGwyn-Honours-Project/PenGwyn/Content/ParagonSevarog/Characters/Global/FX/Textures/Masks/T_spiritplane_arcs.uasset" 3462
"C:/Users/2101501/Documents/GitHub/PenGwyn-Honours-Project/PenGwyn/Content/ParagonSevarog/Characters/Global/FX/Textures/Masks/T_spiritplane_arcs.uexp" 3463
"C:/Users/2101501/Documents/GitHub/PenGwyn-Honours-Project/PenGwyn/Content/ParagonSevarog/Characters/Global/FX/Textures/Tile/Cloud/T_filter_clouds.ubulk" 3464
"C:/Users/2101501/Documents/GitHub/PenGwyn-Honours-Project/PenGwyn/Content/ParagonSevarog/Characters/Global/FX/Textures/Tile/Cloud/T_filter_clouds.uasset" 3465
"C:/Users/2101501/Documents/GitHub/PenGwyn-Honours-Project/PenGwyn/Content/ParagonSevarog/Characters/Global/FX/Textures/Tile/Cloud/T_filter_clouds.uexp" 3466
"C:/Users/2101501/Documents/GitHub/PenGwyn-Honours-Project/PenGwyn/Content/ParagonSevarog/Characters/Heroes/Sevarog/Materials/MF_Sevarog_Glow.uasset" 3467
"C:/Users/2101501/Documents/GitHub/PenGwyn-Honours-Project/PenGwyn/Content/ParagonSevarog/Characters/Heroes/Sevarog/Materials/MF_Sevarog_Glow.uexp" 3468
"C:/Users/2101501/Documents/GitHub/PenGwyn-Honours-Project/PenGwyn/Content/ParagonSevarog/Characters/Global/MaterialLayers/Fabric/ML_HeavyPatternedFabric2.uasset" 3469
"C:/Users/2101501/Documents/GitHub/PenGwyn-Honours-Project/PenGwyn/Content/ParagonSevarog/Characters/Global/MaterialLayers/Fabric/ML_HeavyPatternedFabric2.uexp" 3470
"C:/Users/2101501/Documents/GitHub/PenGwyn-Honours-Project/PenGwyn/Content/ParagonSevarog/Characters/Heroes/Sevarog/Materials/M_Sevarog_Torso.uasset" 3471
"C:/Users/2101501/Documents/GitHub/PenGwyn-Honours-Project/PenGwyn/Content/ParagonSevarog/Characters/Heroes/Sevarog/Materials/M_Sevarog_Torso.uexp" 3472
"C:/Users/2101501/Documents/GitHub/PenGwyn-Honours-Project/PenGwyn/Content/ParagonSevarog/Characters/Heroes/Sevarog/Textures/T_Sevarog_Belt_Chainmall_Hammer_RGB.ubulk" 3473
"C:/Users/2101501/Documents/GitHub/PenGwyn-Honours-Project/PenGwyn/Content/ParagonSevarog/Characters/Heroes/Sevarog/Textures/T_Sevarog_Belt_Chainmall_Hammer_RGB.uasset" 3474
"C:/Users/2101501/Documents/GitHub/PenGwyn-Honours-Project/PenGwyn/Content/ParagonSevarog/Characters/Heroes/Sevarog/Textures/T_Sevarog_Belt_Chainmall_Hammer_RGB.uexp" 3475
"C:/Users/2101501/Documents/GitHub/PenGwyn-Honours-Project/PenGwyn/Content/ParagonSevarog/Characters/Heroes/Sevarog/Textures/T_Sevarog_Belt_Chainmall_Hammer_N.ubulk" 3476
"C:/Users/2101501/Documents/GitHub/PenGwyn-Honours-Project/PenGwyn/Content/ParagonSevarog/Characters/Heroes/Sevarog/Textures/T_Sevarog_Belt_Chainmall_Hammer_N.uasset" 3477
"C:/Users/2101501/Documents/GitHub/PenGwyn-Honours-Project/PenGwyn/Content/ParagonSevarog/Characters/Heroes/Sevarog/Textures/T_Sevarog_Belt_Chainmall_Hammer_N.uexp" 3478
"C:/Users/2101501/Documents/GitHub/PenGwyn-Honours-Project/PenGwyn/Content/ParagonSevarog/Characters/Heroes/Sevarog/Textures/T_Sevarog_Belt_Chainmall_Hammer_Mask1.ubulk" 3479
"C:/Users/2101501/Documents/GitHub/PenGwyn-Honours-Project/PenGwyn/Content/ParagonSevarog/Characters/Heroes/Sevarog/Textures/T_Sevarog_Belt_Chainmall_Hammer_Mask1.uasset" 3480
"C:/Users/2101501/Documents/GitHub/PenGwyn-Honours-Project/PenGwyn/Content/ParagonSevarog/Characters/Heroes/Sevarog/Textures/T_Sevarog_Belt_Chainmall_Hammer_Mask1.uexp" 3481
"C:/Users/2101501/Documents/GitHub/PenGwyn-Honours-Project/PenGwyn/Content/ParagonSevarog/Characters/Global/FX/Textures/Masks/T_simple_circle_mask.ubulk" 3482
"C:/Users/2101501/Documents/GitHub/PenGwyn-Honours-Project/PenGwyn/Content/ParagonSevarog/Characters/Global/FX/Textures/Masks/T_simple_circle_mask.uasset" 3483
"C:/Users/2101501/Documents/GitHub/PenGwyn-Honours-Project/PenGwyn/Content/ParagonSevarog/Characters/Global/FX/Textures/Masks/T_simple_circle_mask.uexp" 3484
"C:/Users/2101501/Documents/GitHub/PenGwyn-Honours-Project/PenGwyn/Content/ParagonSevarog/Characters/Global/FX/Materials/Functions/MF_DitheredBumpOffsetSample.uasset" 3485
"C:/Users/2101501/Documents/GitHub/PenGwyn-Honours-Project/PenGwyn/Content/ParagonSevarog/Characters/Global/FX/Materials/Functions/MF_DitheredBumpOffsetSample.uexp" 3486
"C:/Users/2101501/Documents/GitHub/PenGwyn-Honours-Project/PenGwyn/Content/ParagonSevarog/Characters/Global/FX/Materials/Functions/MF_FuzzyBumpOffset.uasset" 3487
"C:/Users/2101501/Documents/GitHub/PenGwyn-Honours-Project/PenGwyn/Content/ParagonSevarog/Characters/Global/FX/Materials/Functions/MF_FuzzyBumpOffset.uexp" 3488
"C:/Users/2101501/Documents/GitHub/PenGwyn-Honours-Project/PenGwyn/Content/ParagonSevarog/Characters/Global/MaterialLayers/Rock/T_Metal_Scratched.ubulk" 3489
"C:/Users/2101501/Documents/GitHub/PenGwyn-Honours-Project/PenGwyn/Content/ParagonSevarog/Characters/Global/MaterialLayers/Rock/T_Metal_Scratched.uasset" 3490
"C:/Users/2101501/Documents/GitHub/PenGwyn-Honours-Project/PenGwyn/Content/ParagonSevarog/Characters/Global/MaterialLayers/Rock/T_Metal_Scratched.uexp" 3491
"C:/Users/2101501/Documents/GitHub/PenGwyn-Honours-Project/PenGwyn/Content/ParagonSevarog/Characters/Global/MaterialLayers/Rock/T_MarbleVein_D.ubulk" 3492
"C:/Users/2101501/Documents/GitHub/PenGwyn-Honours-Project/PenGwyn/Content/ParagonSevarog/Characters/Global/MaterialLayers/Rock/T_MarbleVein_D.uasset" 3493
"C:/Users/2101501/Documents/GitHub/PenGwyn-Honours-Project/PenGwyn/Content/ParagonSevarog/Characters/Global/MaterialLayers/Rock/T_MarbleVein_D.uexp" 3494
"C:/Users/2101501/Documents/GitHub/PenGwyn-Honours-Project/PenGwyn/Content/ParagonSevarog/Characters/Global/MaterialLayers/Rock/MF_ObsidionCracked.uasset" 3495
"C:/Users/2101501/Documents/GitHub/PenGwyn-Honours-Project/PenGwyn/Content/ParagonSevarog/Characters/Global/MaterialLayers/Rock/MF_ObsidionCracked.uexp" 3496
"C:/Users/2101501/Documents/GitHub/PenGwyn-Honours-Project/PenGwyn/Content/ParagonSevarog/Characters/Heroes/Sevarog/Materials/M_Sevarog_Hammer_01.uasset" 3497
"C:/Users/2101501/Documents/GitHub/PenGwyn-Honours-Project/PenGwyn/Content/ParagonSevarog/Characters/Heroes/Sevarog/Materials/M_Sevarog_Hammer_01.uexp" 3498
"C:/Users/2101501/Documents/GitHub/PenGwyn-Honours-Project/PenGwyn/Content/ParagonSevarog/Characters/Heroes/Sevarog/Textures/T_Sevarog_Belt_Chainmall_Hammer_Mask.ubulk" 3499
"C:/Users/2101501/Documents/GitHub/PenGwyn-Honours-Project/PenGwyn/Content/ParagonSevarog/Characters/Heroes/Sevarog/Textures/T_Sevarog_Belt_Chainmall_Hammer_Mask.uasset" 3500
"C:/Users/2101501/Documents/GitHub/PenGwyn-Honours-Project/PenGwyn/Content/ParagonSevarog/Characters/Heroes/Sevarog/Textures/T_Sevarog_Belt_Chainmall_Hammer_Mask.uexp" 3501
"C:/Users/2101501/Documents/GitHub/PenGwyn-Honours-Project/PenGwyn/Content/ParagonSevarog/Characters/Heroes/Sevarog/Materials/M_Sevarog_Chainmail.uasset" 3502
"C:/Users/2101501/Documents/GitHub/PenGwyn-Honours-Project/PenGwyn/Content/ParagonSevarog/Characters/Heroes/Sevarog/Materials/M_Sevarog_Chainmail.uexp" 3503
"C:/Users/2101501/Documents/GitHub/PenGwyn-Honours-Project/PenGwyn/Content/ParagonSevarog/Characters/Heroes/Sevarog/Textures/T_Sevarog_Arms_BackCloth_RGB.ubulk" 3504
"C:/Users/2101501/Documents/GitHub/PenGwyn-Honours-Project/PenGwyn/Content/ParagonSevarog/Characters/Heroes/Sevarog/Textures/T_Sevarog_Arms_BackCloth_RGB.uasset" 3505
"C:/Users/2101501/Documents/GitHub/PenGwyn-Honours-Project/PenGwyn/Content/ParagonSevarog/Characters/Heroes/Sevarog/Textures/T_Sevarog_Arms_BackCloth_RGB.uexp" 3506
"C:/Users/2101501/Documents/GitHub/PenGwyn-Honours-Project/PenGwyn/Content/ParagonSevarog/Characters/Heroes/Sevarog/Textures/T_Sevarog_Arms_BackCloth_N.ubulk" 3507
"C:/Users/2101501/Documents/GitHub/PenGwyn-Honours-Project/PenGwyn/Content/ParagonSevarog/Characters/Heroes/Sevarog/Textures/T_Sevarog_Arms_BackCloth_N.uasset" 3508
"C:/Users/2101501/Documents/GitHub/PenGwyn-Honours-Project/PenGwyn/Content/ParagonSevarog/Characters/Heroes/Sevarog/Textures/T_Sevarog_Arms_BackCloth_N.uexp" 3509
"C:/Users/2101501/Documents/GitHub/PenGwyn-Honours-Project/PenGwyn/Content/ParagonSevarog/Characters/Heroes/Sevarog/Textures/T_Sevarog_Arms_BackCloth_Mask1.ubulk" 3510
"C:/Users/2101501/Documents/GitHub/PenGwyn-Honours-Project/PenGwyn/Content/ParagonSevarog/Characters/Heroes/Sevarog/Textures/T_Sevarog_Arms_BackCloth_Mask1.uasset" 3511
"C:/Users/2101501/Documents/GitHub/PenGwyn-Honours-Project/PenGwyn/Content/ParagonSevarog/Characters/Heroes/Sevarog/Textures/T_Sevarog_Arms_BackCloth_Mask1.uexp" 3512
"../../../Engine/Content/Functions/MaterialLayerFunctions/MatLayerBlend_NormalFlatten.uasset" 3513
"../../../Engine/Content/Functions/MaterialLayerFunctions/MatLayerBlend_NormalFlatten.uexp" 3514
"C:/Users/2101501/Documents/GitHub/PenGwyn-Honours-Project/PenGwyn/Content/ParagonSevarog/Characters/Global/MaterialLayers/Metal/T_Sevarog_Machine_Base_RGB.ubulk" 3515
"C:/Users/2101501/Documents/GitHub/PenGwyn-Honours-Project/PenGwyn/Content/ParagonSevarog/Characters/Global/MaterialLayers/Metal/T_Sevarog_Machine_Base_RGB.uasset" 3516
"C:/Users/2101501/Documents/GitHub/PenGwyn-Honours-Project/PenGwyn/Content/ParagonSevarog/Characters/Global/MaterialLayers/Metal/T_Sevarog_Machine_Base_RGB.uexp" 3517
"C:/Users/2101501/Documents/GitHub/PenGwyn-Honours-Project/PenGwyn/Content/ParagonSevarog/Characters/Global/MaterialLayers/Metal/ML_Steel_rough.uasset" 3518
"C:/Users/2101501/Documents/GitHub/PenGwyn-Honours-Project/PenGwyn/Content/ParagonSevarog/Characters/Global/MaterialLayers/Metal/ML_Steel_rough.uexp" 3519
"C:/Users/2101501/Documents/GitHub/PenGwyn-Honours-Project/PenGwyn/Content/ParagonSevarog/Characters/Global/MaterialLayers/Leather/ML_Dark_Leather_Brown.uasset" 3520
"C:/Users/2101501/Documents/GitHub/PenGwyn-Honours-Project/PenGwyn/Content/ParagonSevarog/Characters/Global/MaterialLayers/Leather/ML_Dark_Leather_Brown.uexp" 3521
"C:/Users/2101501/Documents/GitHub/PenGwyn-Honours-Project/PenGwyn/Content/ParagonSevarog/Characters/Heroes/Sevarog/Materials/M_Sevarog_Back_01.uasset" 3522
"C:/Users/2101501/Documents/GitHub/PenGwyn-Honours-Project/PenGwyn/Content/ParagonSevarog/Characters/Heroes/Sevarog/Materials/M_Sevarog_Back_01.uexp" 3523
"C:/Users/2101501/Documents/GitHub/PenGwyn-Honours-Project/PenGwyn/Content/ParagonSevarog/Characters/Heroes/Sevarog/Textures/T_Sevarog_ArmourR_N.ubulk" 3524
"C:/Users/2101501/Documents/GitHub/PenGwyn-Honours-Project/PenGwyn/Content/ParagonSevarog/Characters/Heroes/Sevarog/Textures/T_Sevarog_ArmourR_N.uasset" 3525
"C:/Users/2101501/Documents/GitHub/PenGwyn-Honours-Project/PenGwyn/Content/ParagonSevarog/Characters/Heroes/Sevarog/Textures/T_Sevarog_ArmourR_N.uexp" 3526
"C:/Users/2101501/Documents/GitHub/PenGwyn-Honours-Project/PenGwyn/Content/ParagonSevarog/Characters/Heroes/Sevarog/Textures/T_Sevarog_ArmourR_Mask.ubulk" 3527
"C:/Users/2101501/Documents/GitHub/PenGwyn-Honours-Project/PenGwyn/Content/ParagonSevarog/Characters/Heroes/Sevarog/Textures/T_Sevarog_ArmourR_Mask.uasset" 3528
"C:/Users/2101501/Documents/GitHub/PenGwyn-Honours-Project/PenGwyn/Content/ParagonSevarog/Characters/Heroes/Sevarog/Textures/T_Sevarog_ArmourR_Mask.uexp" 3529
"C:/Users/2101501/Documents/GitHub/PenGwyn-Honours-Project/PenGwyn/Content/ParagonSevarog/Characters/Global/MaterialLayers/Metal/T_Sevarog_Metal_Tiling_D.ubulk" 3530
"C:/Users/2101501/Documents/GitHub/PenGwyn-Honours-Project/PenGwyn/Content/ParagonSevarog/Characters/Global/MaterialLayers/Metal/T_Sevarog_Metal_Tiling_D.uasset" 3531
"C:/Users/2101501/Documents/GitHub/PenGwyn-Honours-Project/PenGwyn/Content/ParagonSevarog/Characters/Global/MaterialLayers/Metal/T_Sevarog_Metal_Tiling_D.uexp" 3532
"C:/Users/2101501/Documents/GitHub/PenGwyn-Honours-Project/PenGwyn/Content/ParagonSevarog/Characters/Global/MaterialLayers/Metal/ML_Scratched_metal.uasset" 3533
"C:/Users/2101501/Documents/GitHub/PenGwyn-Honours-Project/PenGwyn/Content/ParagonSevarog/Characters/Global/MaterialLayers/Metal/ML_Scratched_metal.uexp" 3534
"C:/Users/2101501/Documents/GitHub/PenGwyn-Honours-Project/PenGwyn/Content/ParagonSevarog/Characters/Heroes/Sevarog/Materials/MF_SevarogArmorStack.uasset" 3535
"C:/Users/2101501/Documents/GitHub/PenGwyn-Honours-Project/PenGwyn/Content/ParagonSevarog/Characters/Heroes/Sevarog/Materials/MF_SevarogArmorStack.uexp" 3536
"C:/Users/2101501/Documents/GitHub/PenGwyn-Honours-Project/PenGwyn/Content/ParagonSevarog/Characters/Heroes/Sevarog/Materials/M_Sevarog_ArmourRuins.uasset" 3537
"C:/Users/2101501/Documents/GitHub/PenGwyn-Honours-Project/PenGwyn/Content/ParagonSevarog/Characters/Heroes/Sevarog/Materials/M_Sevarog_ArmourRuins.uexp" 3538
"C:/Users/2101501/Documents/GitHub/PenGwyn-Honours-Project/PenGwyn/Content/ParagonSevarog/Characters/Heroes/Sevarog/Meshes/Sevarog.uasset" 3539
"C:/Users/2101501/Documents/GitHub/PenGwyn-Honours-Project/PenGwyn/Content/ParagonSevarog/Characters/Heroes/Sevarog/Meshes/Sevarog.uexp" 3540
"C:/Users/2101501/Documents/GitHub/PenGwyn-Honours-Project/PenGwyn/Content/ParagonSevarog/Characters/Heroes/Sevarog/Animations/Idle.uasset" 3541
"C:/Users/2101501/Documents/GitHub/PenGwyn-Honours-Project/PenGwyn/Content/ParagonSevarog/Characters/Heroes/Sevarog/Animations/Idle.uexp" 3542
"C:/Users/2101501/Documents/GitHub/PenGwyn-Honours-Project/PenGwyn/Content/ParagonSevarog/Characters/Heroes/Sevarog/Animations/Sprint_Fwd.uasset" 3543
"C:/Users/2101501/Documents/GitHub/PenGwyn-Honours-Project/PenGwyn/Content/ParagonSevarog/Characters/Heroes/Sevarog/Animations/Sprint_Fwd.uexp" 3544
"C:/Users/2101501/Documents/GitHub/PenGwyn-Honours-Project/PenGwyn/Content/ParagonSevarog/Characters/Heroes/Sevarog/Animations/Blendspaces/BS_Sevarog1D.uasset" 3545
"C:/Users/2101501/Documents/GitHub/PenGwyn-Honours-Project/PenGwyn/Content/ParagonSevarog/Characters/Heroes/Sevarog/Animations/Blendspaces/BS_Sevarog1D.uexp" 3546
"C:/Users/2101501/Documents/GitHub/PenGwyn-Honours-Project/PenGwyn/Content/ParagonSevarog/Characters/Heroes/Sevarog/Animations/Jog_Fwd_Uphill.uasset" 3547
"C:/Users/2101501/Documents/GitHub/PenGwyn-Honours-Project/PenGwyn/Content/ParagonSevarog/Characters/Heroes/Sevarog/Animations/Jog_Fwd_Uphill.uexp" 3548
"C:/Users/2101501/Documents/GitHub/PenGwyn-Honours-Project/PenGwyn/Content/ParagonSevarog/Characters/Heroes/Sevarog/Animations/Jog_Fwd_Downhill.uasset" 3549
"C:/Users/2101501/Documents/GitHub/PenGwyn-Honours-Project/PenGwyn/Content/ParagonSevarog/Characters/Heroes/Sevarog/Animations/Jog_Fwd_Downhill.uexp" 3550
"C:/Users/2101501/Documents/GitHub/PenGwyn-Honours-Project/PenGwyn/Content/ParagonSevarog/Characters/Heroes/Sevarog/Animations/Jog_Fwd_Circle_Rt.uasset" 3551
"C:/Users/2101501/Documents/GitHub/PenGwyn-Honours-Project/PenGwyn/Content/ParagonSevarog/Characters/Heroes/Sevarog/Animations/Jog_Fwd_Circle_Rt.uexp" 3552
"C:/Users/2101501/Documents/GitHub/PenGwyn-Honours-Project/PenGwyn/Content/ParagonSevarog/Characters/Heroes/Sevarog/Animations/Jog_Fwd_Circle_Lt.uasset" 3553
"C:/Users/2101501/Documents/GitHub/PenGwyn-Honours-Project/PenGwyn/Content/ParagonSevarog/Characters/Heroes/Sevarog/Animations/Jog_Fwd_Circle_Lt.uexp" 3554
"C:/Users/2101501/Documents/GitHub/PenGwyn-Honours-Project/PenGwyn/Content/ParagonSevarog/Characters/Heroes/Sevarog/Animations/Jog_Fwd.uasset" 3555
"C:/Users/2101501/Documents/GitHub/PenGwyn-Honours-Project/PenGwyn/Content/ParagonSevarog/Characters/Heroes/Sevarog/Animations/Jog_Fwd.uexp" 3556
"C:/Users/2101501/Documents/GitHub/PenGwyn-Honours-Project/PenGwyn/Content/ParagonSevarog/Characters/Heroes/Sevarog/Animations/Blendspaces/JogFwdSlopeLean.uasset" 3557
"C:/Users/2101501/Documents/GitHub/PenGwyn-Honours-Project/PenGwyn/Content/ParagonSevarog/Characters/Heroes/Sevarog/Animations/Blendspaces/JogFwdSlopeLean.uexp" 3558
"C:/Users/2101501/Documents/GitHub/PenGwyn-Honours-Project/PenGwyn/Content/ParagonSevarog/Characters/Heroes/Sevarog/Animations/Jog_Fwd_Pose.uasset" 3559
"C:/Users/2101501/Documents/GitHub/PenGwyn-Honours-Project/PenGwyn/Content/ParagonSevarog/Characters/Heroes/Sevarog/Animations/Jog_Fwd_Pose.uexp" 3560
"C:/Users/2101501/Documents/GitHub/PenGwyn-Honours-Project/PenGwyn/Content/ParagonSevarog/Characters/Heroes/Sevarog/Animations/LevelStart.uasset" 3561
"C:/Users/2101501/Documents/GitHub/PenGwyn-Honours-Project/PenGwyn/Content/ParagonSevarog/Characters/Heroes/Sevarog/Animations/LevelStart.uexp" 3562
"C:/Users/2101501/Documents/GitHub/PenGwyn-Honours-Project/PenGwyn/Content/ParagonSevarog/Characters/Heroes/Sevarog/Animations/LevelStart_Montage.uasset" 3563
"C:/Users/2101501/Documents/GitHub/PenGwyn-Honours-Project/PenGwyn/Content/ParagonSevarog/Characters/Heroes/Sevarog/Animations/LevelStart_Montage.uexp" 3564
"C:/Users/2101501/Documents/GitHub/PenGwyn-Honours-Project/PenGwyn/Content/ParagonSevarog/Characters/Heroes/Sevarog/Animations/Travel_Mode_Start.uasset" 3565
"C:/Users/2101501/Documents/GitHub/PenGwyn-Honours-Project/PenGwyn/Content/ParagonSevarog/Characters/Heroes/Sevarog/Animations/Travel_Mode_Start.uexp" 3566
"C:/Users/2101501/Documents/GitHub/PenGwyn-Honours-Project/PenGwyn/Content/ParagonSevarog/Characters/Heroes/Sevarog/Sevarog_AnimBlueprint.uasset" 3567
"C:/Users/2101501/Documents/GitHub/PenGwyn-Honours-Project/PenGwyn/Content/ParagonSevarog/Characters/Heroes/Sevarog/Sevarog_AnimBlueprint.uexp" 3568
"C:/Users/2101501/Documents/GitHub/PenGwyn-Honours-Project/PenGwyn/Content/ParagonSevarog/Characters/Heroes/Sevarog/Animations/Swing3_Medium.uasset" 3569
"C:/Users/2101501/Documents/GitHub/PenGwyn-Honours-Project/PenGwyn/Content/ParagonSevarog/Characters/Heroes/Sevarog/Animations/Swing3_Medium.uexp" 3570
"C:/Users/2101501/Documents/GitHub/PenGwyn-Honours-Project/PenGwyn/Content/ParagonSevarog/Characters/Heroes/Sevarog/Animations/AM_Enemy_Heavy_Attack3.uasset" 3571
"C:/Users/2101501/Documents/GitHub/PenGwyn-Honours-Project/PenGwyn/Content/ParagonSevarog/Characters/Heroes/Sevarog/Animations/AM_Enemy_Heavy_Attack3.uexp" 3572
"C:/Users/2101501/Documents/GitHub/PenGwyn-Honours-Project/PenGwyn/Content/ParagonSevarog/Characters/Heroes/Sevarog/Animations/Swing2_Medium.uasset" 3573
"C:/Users/2101501/Documents/GitHub/PenGwyn-Honours-Project/PenGwyn/Content/ParagonSevarog/Characters/Heroes/Sevarog/Animations/Swing2_Medium.uexp" 3574
"C:/Users/2101501/Documents/GitHub/PenGwyn-Honours-Project/PenGwyn/Content/ParagonSevarog/Characters/Heroes/Sevarog/Animations/AM_Enemy_Heavy_Attack2.uasset" 3575
"C:/Users/2101501/Documents/GitHub/PenGwyn-Honours-Project/PenGwyn/Content/ParagonSevarog/Characters/Heroes/Sevarog/Animations/AM_Enemy_Heavy_Attack2.uexp" 3576
"C:/Users/2101501/Documents/GitHub/PenGwyn-Honours-Project/PenGwyn/Content/ParagonSevarog/Characters/Heroes/Sevarog/Animations/Swing1_Medium.uasset" 3577
"C:/Users/2101501/Documents/GitHub/PenGwyn-Honours-Project/PenGwyn/Content/ParagonSevarog/Characters/Heroes/Sevarog/Animations/Swing1_Medium.uexp" 3578
"C:/Users/2101501/Documents/GitHub/PenGwyn-Honours-Project/PenGwyn/Content/ParagonSevarog/Characters/Heroes/Sevarog/Animations/AM_Enemy_Heavy_Attack1.uasset" 3579
"C:/Users/2101501/Documents/GitHub/PenGwyn-Honours-Project/PenGwyn/Content/ParagonSevarog/Characters/Heroes/Sevarog/Animations/AM_Enemy_Heavy_Attack1.uexp" 3580
"C:/Users/2101501/Documents/GitHub/PenGwyn-Honours-Project/PenGwyn/Content/Experience/Blueprints/AI/Behaviour/BT_Enemy_Heavy.uasset" 3581
"C:/Users/2101501/Documents/GitHub/PenGwyn-Honours-Project/PenGwyn/Content/Experience/Blueprints/AI/Behaviour/BT_Enemy_Heavy.uexp" 3582
"C:/Users/2101501/Documents/GitHub/PenGwyn-Honours-Project/PenGwyn/Content/Experience/Blueprints/AI/BP_Enemy_Heavy.uasset" 3583
"C:/Users/2101501/Documents/GitHub/PenGwyn-Honours-Project/PenGwyn/Content/Experience/Blueprints/AI/BP_Enemy_Heavy.uexp" 3584
"C:/Users/2101501/Documents/GitHub/PenGwyn-Honours-Project/PenGwyn/Content/Experience/Blueprints/Enviroment/BP_GameMode.uasset" 3585
"C:/Users/2101501/Documents/GitHub/PenGwyn-Honours-Project/PenGwyn/Content/Experience/Blueprints/Enviroment/BP_GameMode.uexp" 3586
"C:/Users/2101501/Documents/GitHub/PenGwyn-Honours-Project/PenGwyn/Content/SFX_Essentials_FREE_SAMPLE/SFX_Essentials_06_RAIN/Wavs/RAINConc_InsJ_Ambience_Rain_Light_01_LOOP.ubulk" 3587
"C:/Users/2101501/Documents/GitHub/PenGwyn-Honours-Project/PenGwyn/Content/SFX_Essentials_FREE_SAMPLE/SFX_Essentials_06_RAIN/Wavs/RAINConc_InsJ_Ambience_Rain_Light_01_LOOP.uasset" 3588
"C:/Users/2101501/Documents/GitHub/PenGwyn-Honours-Project/PenGwyn/Content/SFX_Essentials_FREE_SAMPLE/SFX_Essentials_06_RAIN/Wavs/RAINConc_InsJ_Ambience_Rain_Light_01_LOOP.uexp" 3589
"C:/Users/2101501/Documents/GitHub/PenGwyn-Honours-Project/PenGwyn/Content/SFX_Essentials_FREE_SAMPLE/SFX_Essentials_06_RAIN/Cues/RainBackground.uasset" 3590
"C:/Users/2101501/Documents/GitHub/PenGwyn-Honours-Project/PenGwyn/Content/SFX_Essentials_FREE_SAMPLE/SFX_Essentials_06_RAIN/Cues/RainBackground.uexp" 3591
"C:/Users/2101501/Documents/GitHub/PenGwyn-Honours-Project/PenGwyn/Content/ThirdPerson/Maps/MainLevel.uexp" 3592
"C:/Users/2101501/Documents/GitHub/PenGwyn-Honours-Project/PenGwyn/Content/ThirdPerson/Maps/MainLevel.umap" 3593
"C:/Users/2101501/Documents/GitHub/PenGwyn-Honours-Project/PenGwyn/Content/UI/Widgits/UI_EndScreen.uasset" 3594
"C:/Users/2101501/Documents/GitHub/PenGwyn-Honours-Project/PenGwyn/Content/UI/Widgits/UI_EndScreen.uexp" 3595
"C:/Users/2101501/Documents/GitHub/PenGwyn-Honours-Project/PenGwyn/Content/ThirdPerson/Maps/EndGame.uexp" 3596
"C:/Users/2101501/Documents/GitHub/PenGwyn-Honours-Project/PenGwyn/Content/ThirdPerson/Maps/EndGame.umap" 3597
